timeStamp,elapsed,label,responseCode,responseMessage,threadName,dataType,success,failureMessage,bytes,sentBytes,grpThreads,allThreads,Latency,IdleTime,Connect
1789340494760,586,GET /actuator/health,200,OK,setUp - health check 1-1,text,true,,176,241,1,1,580,0,455
1789340495456,334,POST /documents,200,OK,Create Document - carga 1-1,text,true,,259,1113,1,1,334,0,210
1789340495844,131,POST /documents,200,OK,Create Document - carga 1-1,text,true,,259,1113,1,1,131,0,0
1789340496000,236,POST /documents,200,OK,Create Document - carga 1-1,text,true,,259,1113,1,1,236,0,0
1789340496292,130,POST /documents,200,OK,Create Document - carga 1-1,text,true,,259,1113,1,1,130,0,0
1789340496437,213,POST /documents,200,OK,Create Document - carga 1-1,text,true,,259,1113,1,1,213,0,0
1789340496690,121,POST /documents,200,OK,Create Document - carga 1-1,text,true,,259,1113,1,1,121,0,0
1789340496912,117,POST /documents,200,OK,Create Document - carga 1-1,text,true,,259,1113,1,1,116,0,0
1789340497067,116,POST /documents,200,OK,Create Document - carga 1-1,text,true,,259,1113,1,1,116,0,0
1789340497227,125,POST /documents,200,OK,Create Document - carga 1-1,text,true,,259,1113,1,1,125,0,0
1789340497372,116,POST /documents,200,OK,Create Document - carga 1-1,text,true,,259,1113,2,2,115,0,0
1789340497566,121,POST /documents,200,OK,Create Document - carga 1-1,text,true,,259,1113,2,2,121,0,0
1789340497382,306,POST /documents,200,OK,Create Document - carga 1-2,text,true,,259,1113,2,2,306,0,197
1789340497777,119,POST /documents,200,OK,Create Document - carga 1-2,text,true,,259,1113,2,2,118,0,0
1789340497786,121,POST /documents,200,OK,Create Document - carga 1-1,text,true,,259,1113,2,2,121,0,0
1789340497959,123,POST /documents,200,OK,Create Document - carga 1-2,text,true,,259,1113,2,2,122,0,0
1789340498007,153,POST /documents,200,OK,Create Document - carga 1-1,text,true,,259,1113,2,2,153,0,0
1789340498107,113,POST /documents,200,OK,Create Document - carga 1-2,text,true,,259,1113,2,2,112,0,0
1789340498256,244,POST /documents,200,OK,Create Document - carga 1-2,text,true,,259,1113,2,2,244,0,0
1789340498248,252,POST /documents,200,OK,Create Document - carga 1-1,text,true,,259,1113,2,2,250,0,0
1789340498580,440,POST /documents,200,OK,Create Document - carga 1-1,text,true,,259,1113,2,2,440,0,0
1789340498534,487,POST /documents,200,OK,Create Document - carga 1-2,text,true,,259,1113,2,2,487,0,0
1789340499086,342,POST /documents,200,OK,Create Document - carga 1-2,text,true,,259,1113,3,3,342,0,0
1789340499025,403,POST /documents,200,OK,Create Document - carga 1-1,text,true,,259,1113,3,3,402,0,0
1789340499514,136,POST /documents,200,OK,Create Document - carga 1-1,text,true,,259,1113,3,3,136,0,0
1789340499476,174,POST /documents,200,OK,Create Document - carga 1-2,text,true,,259,1113,3,3,174,0,0
1789340499654,393,POST /documents,200,OK,Create Document - carga 1-1,text,true,,259,1113,3,3,392,0,0
1789340499746,300,POST /documents,200,OK,Create Document - carga 1-2,text,true,,259,1113,3,3,299,0,0
1789340500127,274,POST /documents,200,OK,Create Document - carga 1-1,text,true,,259,1113,3,3,274,0,0
1789340500064,337,POST /documents,200,OK,Create Document - carga 1-2,text,true,,259,1113,3,3,337,0,0
1789340499409,993,POST /documents,200,OK,Create Document - carga 1-3,text,true,,259,1113,3,3,993,0,641
1789340500427,573,POST /documents,200,OK,Create Document - carga 1-1,text,true,,259,1113,3,3,573,0,0
1789340500406,595,POST /documents,200,OK,Create Document - carga 1-3,text,true,,259,1113,3,3,594,0,0
1789340500470,533,POST /documents,200,OK,Create Document - carga 1-2,text,true,,259,1113,3,3,533,0,0
1789340501042,240,POST /documents,200,OK,Create Document - carga 1-2,text,true,,259,1113,3,3,240,0,0
1789340501077,205,POST /documents,200,OK,Create Document - carga 1-1,text,true,,259,1113,3,3,205,0,0
1789340501042,240,POST /documents,200,OK,Create Document - carga 1-3,text,true,,259,1113,3,3,240,0,0
1789340501342,155,POST /documents,200,OK,Create Document - carga 1-3,text,true,,259,1113,4,4,155,0,0
1789340501353,144,POST /documents,200,OK,Create Document - carga 1-1,text,true,,259,1113,4,4,143,0,0
1789340501309,188,POST /documents,200,OK,Create Document - carga 1-2,text,true,,259,1113,4,4,187,0,0
1789340501543,354,POST /documents,200,OK,Create Document - carga 1-1,text,true,,259,1113,4,4,354,0,0
1789340501510,387,POST /documents,200,OK,Create Document - carga 1-2,text,true,,259,1113,4,4,387,0,0
1789340501556,341,POST /documents,200,OK,Create Document - carga 1-3,text,true,,259,1113,4,4,341,0,0
1789340501901,203,POST /documents,200,OK,Create Document - carga 1-3,text,true,,259,1113,4,4,203,0,0
1789340501386,720,POST /documents,200,OK,Create Document - carga 1-4,text,true,,259,1113,4,4,720,0,517
1789340501986,320,POST /documents,200,OK,Create Document - carga 1-1,text,true,,259,1113,4,4,319,0,0
1789340502002,303,POST /documents,200,OK,Create Document - carga 1-2,text,true,,259,1113,4,4,303,0,0
1789340502346,162,POST /documents,200,OK,Create Document - carga 1-1,text,true,,259,1113,4,4,161,0,0
1789340502186,321,POST /documents,200,OK,Create Document - carga 1-4,text,true,,259,1113,4,4,321,0,0
1789340502375,132,POST /documents,200,OK,Create Document - carga 1-2,text,true,,259,1113,4,4,132,0,0
1789340502586,543,POST /documents,200,OK,Create Document - carga 1-1,text,true,,259,1113,4,4,543,0,0
1789340502553,576,POST /documents,200,OK,Create Document - carga 1-4,text,true,,259,1113,4,4,576,0,0
1789340502593,536,POST /documents,200,OK,Create Document - carga 1-2,text,true,,259,1113,4,4,536,0,0
1789340502206,924,POST /documents,200,OK,Create Document - carga 1-3,text,true,,259,1113,4,4,923,0,0
1789340503195,279,POST /documents,200,OK,Create Document - carga 1-2,text,true,,259,1113,5,5,279,0,0
1789340503177,298,POST /documents,200,OK,Create Document - carga 1-3,text,true,,259,1113,5,5,297,0,0
1789340503197,278,POST /documents,200,OK,Create Document - carga 1-1,text,true,,259,1113,5,5,278,0,0
1789340503134,340,POST /documents,200,OK,Create Document - carga 1-4,text,true,,259,1113,5,5,340,0,0
1789340503500,376,POST /documents,200,OK,Create Document - carga 1-4,text,true,,259,1113,5,5,376,0,0
1789340503550,326,POST /documents,200,OK,Create Document - carga 1-2,text,true,,259,1113,5,5,326,0,0
1789340503508,369,POST /documents,200,OK,Create Document - carga 1-1,text,true,,259,1113,5,5,368,0,0
1789340503560,316,POST /documents,200,OK,Create Document - carga 1-3,text,true,,259,1113,5,5,316,0,0
1789340503902,874,POST /documents,200,OK,Create Document - carga 1-4,text,true,,259,1113,5,5,873,0,0
1789340503896,879,POST /documents,200,OK,Create Document - carga 1-2,text,true,,259,1113,5,5,879,0,0
1789340503956,819,POST /documents,200,OK,Create Document - carga 1-3,text,true,,259,1113,5,5,819,0,0
1789340503963,813,POST /documents,200,OK,Create Document - carga 1-1,text,true,,259,1113,5,5,812,0,0
1789340504816,674,POST /documents,200,OK,Create Document - carga 1-3,text,true,,259,1113,6,6,674,0,0
1789340504777,713,POST /documents,200,OK,Create Document - carga 1-4,text,true,,259,1113,6,6,713,0,0
1789340504867,624,POST /documents,200,OK,Create Document - carga 1-1,text,true,,259,1113,6,6,624,0,0
1789340503409,2082,POST /documents,200,OK,Create Document - carga 1-5,text,true,,259,1113,6,6,2082,0,1376
1789340504822,668,POST /documents,200,OK,Create Document - carga 1-2,text,true,,259,1113,6,6,668,0,0
1789340505494,111,POST /documents,200,OK,Create Document - carga 1-3,text,true,,259,1113,6,6,111,0,0
1789340505505,126,POST /documents,200,OK,Create Document - carga 1-4,text,true,,259,1113,6,6,126,0,0
1789340505525,113,POST /documents,200,OK,Create Document - carga 1-5,text,true,,259,1113,6,6,112,0,0
1789340505555,115,POST /documents,200,OK,Create Document - carga 1-1,text,true,,259,1113,6,6,115,0,0
1789340505588,113,POST /documents,200,OK,Create Document - carga 1-2,text,true,,259,1113,6,6,113,0,0
1789340505630,112,POST /documents,200,OK,Create Document - carga 1-3,text,true,,259,1113,6,6,111,0,0
1789340505639,134,POST /documents,200,OK,Create Document - carga 1-4,text,true,,259,1113,6,6,134,0,0
1789340505455,353,POST /documents,200,OK,Create Document - carga 1-6,text,true,,259,1113,6,6,352,0,188
1789340505705,124,POST /documents,200,OK,Create Document - carga 1-1,text,true,,259,1113,6,6,124,0,0
1789340505716,114,POST /documents,200,OK,Create Document - carga 1-5,text,true,,259,1113,6,6,113,0,0
1789340505764,160,POST /documents,200,OK,Create Document - carga 1-2,text,true,,259,1113,6,6,159,0,0
1789340505835,114,POST /documents,200,OK,Create Document - carga 1-3,text,true,,259,1113,6,6,114,0,0
1789340505860,119,POST /documents,200,OK,Create Document - carga 1-4,text,true,,259,1113,6,6,119,0,0
1789340505875,109,POST /documents,200,OK,Create Document - carga 1-5,text,true,,259,1113,6,6,109,0,0
1789340505880,108,POST /documents,200,OK,Create Document - carga 1-1,text,true,,259,1113,6,6,107,0,0
1789340505899,128,POST /documents,200,OK,Create Document - carga 1-6,text,true,,259,1113,6,6,128,0,0
1789340505948,115,POST /documents,200,OK,Create Document - carga 1-2,text,true,,259,1113,6,6,115,0,0
1789340505964,110,POST /documents,200,OK,Create Document - carga 1-3,text,true,,259,1113,6,6,110,0,0
1789340506005,115,POST /documents,200,OK,Create Document - carga 1-1,text,true,,259,1113,6,6,115,0,0
1789340506015,113,POST /documents,200,OK,Create Document - carga 1-5,text,true,,259,1113,6,6,113,0,0
1789340506068,117,POST /documents,200,OK,Create Document - carga 1-4,text,true,,259,1113,6,6,116,0,0
1789340506076,109,POST /documents,200,OK,Create Document - carga 1-2,text,true,,259,1113,6,6,108,0,0
1789340506116,115,POST /documents,200,OK,Create Document - carga 1-6,text,true,,259,1113,6,6,115,0,0
1789340506129,106,POST /documents,200,OK,Create Document - carga 1-1,text,true,,259,1113,6,6,106,0,0
1789340506157,113,POST /documents,200,OK,Create Document - carga 1-3,text,true,,259,1113,6,6,113,0,0
1789340506199,117,POST /documents,200,OK,Create Document - carga 1-4,text,true,,259,1113,6,6,117,0,0
1789340506205,111,POST /documents,200,OK,Create Document - carga 1-5,text,true,,259,1113,6,6,110,0,0
1789340506231,126,POST /documents,200,OK,Create Document - carga 1-2,text,true,,259,1113,6,6,126,0,0
1789340506243,114,POST /documents,200,OK,Create Document - carga 1-1,text,true,,259,1113,6,6,114,0,0
1789340506327,113,POST /documents,200,OK,Create Document - carga 1-6,text,true,,259,1113,6,6,113,0,0
1789340506334,107,POST /documents,200,OK,Create Document - carga 1-3,text,true,,259,1113,6,6,106,0,0
1789340506373,129,POST /documents,200,OK,Create Document - carga 1-2,text,true,,259,1113,6,6,129,0,0
1789340506372,130,POST /documents,200,OK,Create Document - carga 1-1,text,true,,259,1113,6,6,130,0,0
1789340506385,121,POST /documents,200,OK,Create Document - carga 1-4,text,true,,259,1113,6,6,121,0,0
1789340506417,113,POST /documents,200,OK,Create Document - carga 1-5,text,true,,259,1113,6,6,112,0,0
1789340506451,121,POST /documents,200,OK,Create Document - carga 1-6,text,true,,259,1113,6,6,121,0,0
1789340506460,113,POST /documents,200,OK,Create Document - carga 1-3,text,true,,259,1113,6,6,113,0,0
1789340506517,126,POST /documents,200,OK,Create Document - carga 1-1,text,true,,259,1113,6,6,126,0,0
1789340506536,123,POST /documents,200,OK,Create Document - carga 1-5,text,true,,259,1113,6,6,122,0,0
1789340506572,114,POST /documents,200,OK,Create Document - carga 1-4,text,true,,259,1113,6,6,114,0,0
1789340506579,107,POST /documents,200,OK,Create Document - carga 1-2,text,true,,259,1113,6,6,106,0,0
1789340506585,141,POST /documents,200,OK,Create Document - carga 1-3,text,true,,259,1113,6,6,140,0,0
1789340506641,134,POST /documents,200,OK,Create Document - carga 1-6,text,true,,259,1113,6,6,134,0,0
1789340506700,103,POST /documents,200,OK,Create Document - carga 1-5,text,true,,259,1113,6,6,103,0,0
1789340506727,134,POST /documents,200,OK,Create Document - carga 1-1,text,true,,259,1113,6,6,134,0,0
1789340506757,122,POST /documents,200,OK,Create Document - carga 1-4,text,true,,259,1113,6,6,122,0,0
1789340506772,115,POST /documents,200,OK,Create Document - carga 1-2,text,true,,259,1113,6,6,115,0,0
1789340506821,108,POST /documents,200,OK,Create Document - carga 1-3,text,true,,259,1113,6,6,108,0,0
1789340506816,115,POST /documents,200,OK,Create Document - carga 1-6,text,true,,259,1113,6,6,113,0,0
1789340506883,110,POST /documents,200,OK,Create Document - carga 1-5,text,true,,259,1113,6,6,109,0,0
1789340506895,123,POST /documents,200,OK,Create Document - carga 1-4,text,true,,259,1113,6,6,122,0,0
1789340506911,114,POST /documents,200,OK,Create Document - carga 1-1,text,true,,259,1113,6,6,111,0,0
1789340506975,116,POST /documents,200,OK,Create Document - carga 1-2,text,true,,259,1113,6,6,116,0,0
1789340506978,113,POST /documents,200,OK,Create Document - carga 1-3,text,true,,259,1113,6,6,113,0,0
1789340507000,116,POST /documents,200,OK,Create Document - carga 1-6,text,true,,259,1113,6,6,116,0,0
1789340507011,110,POST /documents,200,OK,Create Document - carga 1-5,text,true,,259,1113,6,6,110,0,0
1789340507107,110,POST /documents,200,OK,Create Document - carga 1-1,text,true,,259,1113,6,6,109,0,0
1789340507112,115,POST /documents,200,OK,Create Document - carga 1-4,text,true,,259,1113,6,6,114,0,0
1789340507130,105,POST /documents,200,OK,Create Document - carga 1-5,text,true,,259,1113,6,6,104,0,0
1789340507126,108,POST /documents,200,OK,Create Document - carga 1-6,text,true,,259,1113,6,6,106,0,0
1789340507145,114,POST /documents,200,OK,Create Document - carga 1-3,text,true,,259,1113,6,6,114,0,0
1789340507148,146,POST /documents,200,OK,Create Document - carga 1-2,text,true,,259,1113,6,6,146,0,0
1789340507262,115,POST /documents,200,OK,Create Document - carga 1-1,text,true,,259,1113,7,7,111,0,0
1789340507282,116,POST /documents,200,OK,Create Document - carga 1-5,text,true,,259,1113,7,7,115,0,0
1789340507314,118,POST /documents,200,OK,Create Document - carga 1-6,text,true,,259,1113,7,7,118,0,0
1789340507320,112,POST /documents,200,OK,Create Document - carga 1-3,text,true,,259,1113,7,7,112,0,0
1789340507332,127,POST /documents,200,OK,Create Document - carga 1-4,text,true,,259,1113,7,7,127,0,0
1789340507337,122,POST /documents,200,OK,Create Document - carga 1-2,text,true,,259,1113,7,7,122,0,0
1789340507418,111,POST /documents,200,OK,Create Document - carga 1-5,text,true,,259,1113,7,7,111,0,0
1789340507423,117,POST /documents,200,OK,Create Document - carga 1-1,text,true,,259,1113,7,7,115,0,0
1789340507479,113,POST /documents,200,OK,Create Document - carga 1-6,text,true,,259,1113,7,7,113,0,0
1789340507497,110,POST /documents,200,OK,Create Document - carga 1-2,text,true,,259,1113,7,7,109,0,0
1789340507519,117,POST /documents,200,OK,Create Document - carga 1-4,text,true,,259,1113,7,7,117,0,0
1789340507523,117,POST /documents,200,OK,Create Document - carga 1-3,text,true,,259,1113,7,7,117,0,0
1789340507573,120,POST /documents,200,OK,Create Document - carga 1-1,text,true,,259,1113,7,7,120,0,0
1789340507621,107,POST /documents,200,OK,Create Document - carga 1-5,text,true,,259,1113,7,7,107,0,0
1789340507445,319,POST /documents,200,OK,Create Document - carga 1-7,text,true,,259,1113,7,7,319,0,198
1789340507658,113,POST /documents,200,OK,Create Document - carga 1-6,text,true,,259,1113,7,7,113,0,0
1789340507680,108,POST /documents,200,OK,Create Document - carga 1-2,text,true,,259,1113,7,7,108,0,0
1789340507696,114,POST /documents,200,OK,Create Document - carga 1-3,text,true,,259,1113,7,7,114,0,0
1789340507704,112,POST /documents,200,OK,Create Document - carga 1-1,text,true,,259,1113,7,7,112,0,0
1789340507705,117,POST /documents,200,OK,Create Document - carga 1-4,text,true,,259,1113,7,7,116,0,0
1789340507754,121,POST /documents,200,OK,Create Document - carga 1-5,text,true,,259,1113,7,7,121,0,0
1789340507796,110,POST /documents,200,OK,Create Document - carga 1-6,text,true,,259,1113,7,7,110,0,0
1789340507818,114,POST /documents,200,OK,Create Document - carga 1-3,text,true,,259,1113,7,7,113,0,0
1789340507839,108,POST /documents,200,OK,Create Document - carga 1-1,text,true,,259,1113,7,7,108,0,0
1789340507836,123,POST /documents,200,OK,Create Document - carga 1-4,text,true,,259,1113,7,7,123,0,0
1789340507845,118,POST /documents,200,OK,Create Document - carga 1-7,text,true,,259,1113,7,7,117,0,0
1789340507878,109,POST /documents,200,OK,Create Document - carga 1-5,text,true,,259,1113,7,7,108,0,0
1789340507860,127,POST /documents,200,OK,Create Document - carga 1-2,text,true,,259,1113,7,7,127,0,0
1789340507915,115,POST /documents,200,OK,Create Document - carga 1-6,text,true,,259,1113,7,7,115,0,0
1789340507994,114,POST /documents,200,OK,Create Document - carga 1-3,text,true,,259,1113,7,7,114,0,0
1789340508017,119,POST /documents,200,OK,Create Document - carga 1-7,text,true,,259,1113,7,7,117,0,0
1789340508025,120,POST /documents,200,OK,Create Document - carga 1-4,text,true,,259,1113,7,7,120,0,0
1789340508044,107,POST /documents,200,OK,Create Document - carga 1-5,text,true,,259,1113,7,7,107,0,0
1789340508041,110,POST /documents,200,OK,Create Document - carga 1-1,text,true,,259,1113,7,7,110,0,0
1789340508036,117,POST /documents,200,OK,Create Document - carga 1-6,text,true,,259,1113,7,7,117,0,0
1789340508083,125,POST /documents,200,OK,Create Document - carga 1-2,text,true,,259,1113,7,7,125,0,0
1789340508151,116,POST /documents,200,OK,Create Document - carga 1-4,text,true,,259,1113,7,7,115,0,0
1789340508158,120,POST /documents,200,OK,Create Document - carga 1-3,text,true,,259,1113,7,7,120,0,0
1789340508173,118,POST /documents,200,OK,Create Document - carga 1-1,text,true,,259,1113,7,7,118,0,0
1789340508222,122,POST /documents,200,OK,Create Document - carga 1-6,text,true,,259,1113,7,7,122,0,0
1789340508240,109,POST /documents,200,OK,Create Document - carga 1-5,text,true,,259,1113,7,7,109,0,0
1789340508236,114,POST /documents,200,OK,Create Document - carga 1-7,text,true,,259,1113,7,7,114,0,0
1789340508251,110,POST /documents,200,OK,Create Document - carga 1-2,text,true,,259,1113,7,7,110,0,0
1789340508290,109,POST /documents,200,OK,Create Document - carga 1-3,text,true,,259,1113,7,7,108,0,0
1789340508343,121,POST /documents,200,OK,Create Document - carga 1-4,text,true,,259,1113,7,7,121,0,0
1789340508355,109,POST /documents,200,OK,Create Document - carga 1-5,text,true,,259,1113,7,7,109,0,0
1789340508372,134,POST /documents,200,OK,Create Document - carga 1-7,text,true,,259,1113,7,7,133,0,0
1789340508374,133,POST /documents,200,OK,Create Document - carga 1-2,text,true,,259,1113,7,7,133,0,0
1789340508390,120,POST /documents,200,OK,Create Document - carga 1-1,text,true,,259,1113,7,7,119,0,0
1789340508410,114,POST /documents,200,OK,Create Document - carga 1-6,text,true,,259,1113,7,7,114,0,0
1789340508424,116,POST /documents,200,OK,Create Document - carga 1-3,text,true,,259,1113,7,7,116,0,0
1789340508538,108,POST /documents,200,OK,Create Document - carga 1-5,text,true,,259,1113,7,7,108,0,0
1789340508531,121,POST /documents,200,OK,Create Document - carga 1-4,text,true,,259,1113,7,7,121,0,0
1789340508566,109,POST /documents,200,OK,Create Document - carga 1-6,text,true,,259,1113,7,7,108,0,0
1789340508587,110,POST /documents,200,OK,Create Document - carga 1-7,text,true,,259,1113,7,7,110,0,0
1789340508590,109,POST /documents,200,OK,Create Document - carga 1-1,text,true,,259,1113,7,7,108,0,0
1789340508707,215,POST /documents,200,OK,Create Document - carga 1-1,text,true,,259,1113,7,7,215,0,0
1789340508692,230,POST /documents,200,OK,Create Document - carga 1-6,text,true,,259,1113,7,7,230,0,0
1789340508621,301,POST /documents,200,OK,Create Document - carga 1-3,text,true,,259,1113,7,7,301,0,0
1789340508712,210,POST /documents,200,OK,Create Document - carga 1-7,text,true,,259,1113,7,7,210,0,0
1789340508682,240,POST /documents,200,OK,Create Document - carga 1-4,text,true,,259,1113,7,7,240,0,0
1789340508693,229,POST /documents,200,OK,Create Document - carga 1-5,text,true,,259,1113,7,7,229,0,0
1789340508923,123,POST /documents,200,OK,Create Document - carga 1-4,text,true,,259,1113,7,7,122,0,0
1789340508933,116,POST /documents,200,OK,Create Document - carga 1-6,text,true,,259,1113,7,7,116,0,0
1789340508955,117,POST /documents,200,OK,Create Document - carga 1-7,text,true,,259,1113,7,7,114,0,0
1789340508991,115,POST /documents,200,OK,Create Document - carga 1-5,text,true,,259,1113,7,7,115,0,0
1789340508991,127,POST /documents,200,OK,Create Document - carga 1-3,text,true,,259,1113,7,7,126,0,0
1789340509007,112,POST /documents,200,OK,Create Document - carga 1-1,text,true,,259,1113,7,7,112,0,0
1789340508608,570,POST /documents,200,OK,Create Document - carga 1-2,text,true,,259,1113,7,7,112,0,0
1789340509068,111,POST /documents,200,OK,Create Document - carga 1-6,text,true,,259,1113,7,7,110,0,0
1789340509089,122,POST /documents,200,OK,Create Document - carga 1-7,text,true,,259,1113,7,7,122,0,0
1789340509120,114,POST /documents,200,OK,Create Document - carga 1-1,text,true,,259,1113,7,7,114,0,0
1789340509129,118,POST /documents,200,OK,Create Document - carga 1-4,text,true,,259,1113,7,7,118,0,0
1789340509147,112,POST /documents,200,OK,Create Document - carga 1-3,text,true,,259,1113,7,7,111,0,0
1789340509194,110,POST /documents,200,OK,Create Document - carga 1-5,text,true,,259,1113,7,7,110,0,0
1789340509234,117,POST /documents,200,OK,Create Document - carga 1-7,text,true,,259,1113,7,7,117,0,0
1789340509246,106,POST /documents,200,OK,Create Document - carga 1-2,text,true,,259,1113,7,7,106,0,0
1789340509244,118,POST /documents,200,OK,Create Document - carga 1-1,text,true,,259,1113,7,7,118,0,0
1789340509252,112,POST /documents,200,OK,Create Document - carga 1-6,text,true,,259,1113,7,7,112,0,0
1789340509325,116,POST /documents,200,OK,Create Document - carga 1-4,text,true,,259,1113,8,8,116,0,0
1789340509352,113,POST /documents,200,OK,Create Document - carga 1-3,text,true,,259,1113,8,8,113,0,0
1789340509367,114,POST /documents,200,OK,Create Document - carga 1-6,text,true,,259,1113,8,8,113,0,0
1789340509374,108,POST /documents,200,OK,Create Document - carga 1-7,text,true,,259,1113,8,8,108,0,0
1789340509378,112,POST /documents,200,OK,Create Document - carga 1-1,text,true,,259,1113,8,8,112,0,0
1789340509388,107,POST /documents,200,OK,Create Document - carga 1-5,text,true,,259,1113,8,8,107,0,0
1789340509395,130,POST /documents,200,OK,Create Document - carga 1-2,text,true,,259,1113,8,8,130,0,0
1789340509496,123,POST /documents,200,OK,Create Document - carga 1-6,text,true,,259,1113,8,8,123,0,0
1789340509497,125,POST /documents,200,OK,Create Document - carga 1-1,text,true,,259,1113,8,8,125,0,0
1789340509451,176,POST /documents,200,OK,Create Document - carga 1-4,text,true,,259,1113,8,8,176,0,0
1789340509523,106,POST /documents,200,OK,Create Document - carga 1-5,text,true,,259,1113,8,8,106,0,0
1789340509524,110,POST /documents,200,OK,Create Document - carga 1-7,text,true,,259,1113,8,8,109,0,0
1789340509545,118,POST /documents,200,OK,Create Document - carga 1-3,text,true,,259,1113,8,8,118,0,0
1789340509566,111,POST /documents,200,OK,Create Document - carga 1-2,text,true,,259,1113,8,8,111,0,0
1789340509471,296,POST /documents,200,OK,Create Document - carga 1-8,text,true,,259,1113,8,8,296,0,190
1789340509652,117,POST /documents,200,OK,Create Document - carga 1-4,text,true,,259,1113,8,8,116,0,0
1789340509675,108,POST /documents,200,OK,Create Document - carga 1-5,text,true,,259,1113,8,8,108,0,0
1789340509670,113,POST /documents,200,OK,Create Document - carga 1-1,text,true,,259,1113,8,8,113,0,0
1789340509688,109,POST /documents,200,OK,Create Document - carga 1-7,text,true,,259,1113,8,8,109,0,0
1789340509710,110,POST /documents,200,OK,Create Document - carga 1-6,text,true,,259,1113,8,8,110,0,0
1789340509719,105,POST /documents,200,OK,Create Document - carga 1-3,text,true,,259,1113,8,8,105,0,0
1789340509763,111,POST /documents,200,OK,Create Document - carga 1-2,text,true,,259,1113,8,8,111,0,0
1789340509769,109,POST /documents,200,OK,Create Document - carga 1-8,text,true,,259,1113,8,8,109,0,0
1789340509787,115,POST /documents,200,OK,Create Document - carga 1-4,text,true,,259,1113,8,8,114,0,0
1789340509819,114,POST /documents,200,OK,Create Document - carga 1-1,text,true,,259,1113,8,8,114,0,0
1789340509852,108,POST /documents,200,OK,Create Document - carga 1-3,text,true,,259,1113,8,8,106,0,0
1789340509859,112,POST /documents,200,OK,Create Document - carga 1-6,text,true,,259,1113,8,8,112,0,0
1789340509876,107,POST /documents,200,OK,Create Document - carga 1-5,text,true,,259,1113,8,8,107,0,0
1789340509891,107,POST /documents,200,OK,Create Document - carga 1-7,text,true,,259,1113,8,8,107,0,0
1789340509896,105,POST /documents,200,OK,Create Document - carga 1-2,text,true,,259,1113,8,8,105,0,0
1789340509935,119,POST /documents,200,OK,Create Document - carga 1-8,text,true,,259,1113,8,8,119,0,0
1789340509971,109,POST /documents,200,OK,Create Document - carga 1-3,text,true,,259,1113,8,8,109,0,0
1789340509975,112,POST /documents,200,OK,Create Document - carga 1-1,text,true,,259,1113,8,8,112,0,0
1789340510003,118,POST /documents,200,OK,Create Document - carga 1-4,text,true,,259,1113,8,8,118,0,0
1789340510022,116,POST /documents,200,OK,Create Document - carga 1-2,text,true,,259,1113,8,8,116,0,0
1789340510028,112,POST /documents,200,OK,Create Document - carga 1-5,text,true,,259,1113,8,8,112,0,0
1789340510062,114,POST /documents,200,OK,Create Document - carga 1-7,text,true,,259,1113,8,8,114,0,0
1789340510070,116,POST /documents,200,OK,Create Document - carga 1-6,text,true,,259,1113,8,8,116,0,0
1789340510106,116,POST /documents,200,OK,Create Document - carga 1-8,text,true,,259,1113,8,8,116,0,0
1789340510114,114,POST /documents,200,OK,Create Document - carga 1-3,text,true,,259,1113,8,8,114,0,0
1789340510137,119,POST /documents,200,OK,Create Document - carga 1-1,text,true,,259,1113,8,8,119,0,0
1789340510153,115,POST /documents,200,OK,Create Document - carga 1-2,text,true,,259,1113,8,8,114,0,0
1789340510168,120,POST /documents,200,OK,Create Document - carga 1-4,text,true,,259,1113,8,8,120,0,0
1789340510196,111,POST /documents,200,OK,Create Document - carga 1-7,text,true,,259,1113,8,8,110,0,0
1789340510212,119,POST /documents,200,OK,Create Document - carga 1-6,text,true,,259,1113,8,8,119,0,0
1789340510234,115,POST /documents,200,OK,Create Document - carga 1-5,text,true,,259,1113,8,8,115,0,0
1789340510239,122,POST /documents,200,OK,Create Document - carga 1-3,text,true,,259,1113,8,8,122,0,0
1789340510298,113,POST /documents,200,OK,Create Document - carga 1-8,text,true,,259,1113,8,8,113,0,0
1789340510308,108,POST /documents,200,OK,Create Document - carga 1-1,text,true,,259,1113,8,8,107,0,0
1789340510302,115,POST /documents,200,OK,Create Document - carga 1-2,text,true,,259,1113,8,8,115,0,0
1789340510373,119,POST /documents,200,OK,Create Document - carga 1-4,text,true,,259,1113,8,8,118,0,0
1789340510386,116,POST /documents,200,OK,Create Document - carga 1-5,text,true,,259,1113,8,8,116,0,0
1789340510397,111,POST /documents,200,OK,Create Document - carga 1-7,text,true,,259,1113,8,8,111,0,0
1789340510403,110,POST /documents,200,OK,Create Document - carga 1-3,text,true,,259,1113,8,8,110,0,0
1789340510420,120,POST /documents,200,OK,Create Document - carga 1-6,text,true,,259,1113,8,8,120,0,0
1789340510420,123,POST /documents,200,OK,Create Document - carga 1-8,text,true,,259,1113,8,8,123,0,0
1789340510429,118,POST /documents,200,OK,Create Document - carga 1-1,text,true,,259,1113,8,8,118,0,0
1789340510516,141,POST /documents,200,OK,Create Document - carga 1-2,text,true,,259,1113,8,8,140,0,0
1789340510517,140,POST /documents,200,OK,Create Document - carga 1-3,text,true,,259,1113,8,8,139,0,0
1789340510542,121,POST /documents,200,OK,Create Document - carga 1-7,text,true,,259,1113,8,8,121,0,0
1789340510542,121,POST /documents,200,OK,Create Document - carga 1-5,text,true,,259,1113,8,8,121,0,0
1789340510588,114,POST /documents,200,OK,Create Document - carga 1-4,text,true,,259,1113,8,8,114,0,0
1789340510599,112,POST /documents,200,OK,Create Document - carga 1-8,text,true,,259,1113,8,8,112,0,0
1789340510617,118,POST /documents,200,OK,Create Document - carga 1-1,text,true,,259,1113,8,8,118,0,0
1789340510637,123,POST /documents,200,OK,Create Document - carga 1-6,text,true,,259,1113,8,8,123,0,0
1789340510686,108,POST /documents,200,OK,Create Document - carga 1-5,text,true,,259,1113,8,8,108,0,0
1789340510733,118,POST /documents,200,OK,Create Document - carga 1-2,text,true,,259,1113,8,8,118,0,0
1789340510751,111,POST /documents,200,OK,Create Document - carga 1-7,text,true,,259,1113,8,8,110,0,0
1789340510755,110,POST /documents,200,OK,Create Document - carga 1-8,text,true,,259,1113,8,8,109,0,0
1789340510750,116,POST /documents,200,OK,Create Document - carga 1-3,text,true,,259,1113,8,8,116,0,0
1789340510765,116,POST /documents,200,OK,Create Document - carga 1-4,text,true,,259,1113,8,8,115,0,0
1789340510786,108,POST /documents,200,OK,Create Document - carga 1-1,text,true,,259,1113,8,8,108,0,0
1789340510836,109,POST /documents,200,OK,Create Document - carga 1-6,text,true,,259,1113,8,8,109,0,0
1789340510866,113,POST /documents,200,OK,Create Document - carga 1-5,text,true,,259,1113,8,8,110,0,0
1789340510902,109,POST /documents,200,OK,Create Document - carga 1-7,text,true,,259,1113,8,8,109,0,0
1789340510931,119,POST /documents,200,OK,Create Document - carga 1-2,text,true,,259,1113,8,8,118,0,0
1789340510941,124,POST /documents,200,OK,Create Document - carga 1-4,text,true,,259,1113,8,8,123,0,0
1789340510953,117,POST /documents,200,OK,Create Document - carga 1-1,text,true,,259,1113,8,8,116,0,0
1789340510958,118,POST /documents,200,OK,Create Document - carga 1-8,text,true,,259,1113,8,8,118,0,0
1789340510964,114,POST /documents,200,OK,Create Document - carga 1-3,text,true,,259,1113,8,8,114,0,0
1789340511026,109,POST /documents,200,OK,Create Document - carga 1-7,text,true,,259,1113,8,8,109,0,0
1789340511031,114,POST /documents,200,OK,Create Document - carga 1-6,text,true,,259,1113,8,8,114,0,0
1789340511047,112,POST /documents,200,OK,Create Document - carga 1-5,text,true,,259,1113,8,8,112,0,0
1789340511084,116,POST /documents,200,OK,Create Document - carga 1-2,text,true,,259,1113,8,8,116,0,0
1789340511098,114,POST /documents,200,OK,Create Document - carga 1-4,text,true,,259,1113,8,8,113,0,0
1789340511109,106,POST /documents,200,OK,Create Document - carga 1-1,text,true,,259,1113,8,8,106,0,0
1789340511116,105,POST /documents,200,OK,Create Document - carga 1-8,text,true,,259,1113,8,8,105,0,0
1789340511145,110,POST /documents,200,OK,Create Document - carga 1-3,text,true,,259,1113,8,8,110,0,0
1789340511176,103,POST /documents,200,OK,Create Document - carga 1-5,text,true,,259,1113,8,8,102,0,0
1789340511173,106,POST /documents,200,OK,Create Document - carga 1-6,text,true,,259,1113,8,8,106,0,0
1789340511191,111,POST /documents,200,OK,Create Document - carga 1-7,text,true,,259,1113,8,8,111,0,0
1789340511232,111,POST /documents,200,OK,Create Document - carga 1-2,text,true,,259,1113,8,8,111,0,0
1789340511252,123,POST /documents,200,OK,Create Document - carga 1-4,text,true,,259,1113,9,9,123,0,0
1789340511278,120,POST /documents,200,OK,Create Document - carga 1-8,text,true,,259,1113,9,9,120,0,0
1789340511316,108,POST /documents,200,OK,Create Document - carga 1-3,text,true,,259,1113,9,9,107,0,0
1789340511304,125,POST /documents,200,OK,Create Document - carga 1-1,text,true,,259,1113,9,9,125,0,0
1789340511314,115,POST /documents,200,OK,Create Document - carga 1-6,text,true,,259,1113,9,9,115,0,0
1789340511359,107,POST /documents,200,OK,Create Document - carga 1-5,text,true,,259,1113,9,9,107,0,0
1789340511366,108,POST /documents,200,OK,Create Document - carga 1-7,text,true,,259,1113,9,9,108,0,0
1789340511438,118,POST /documents,200,OK,Create Document - carga 1-2,text,true,,259,1113,9,9,117,0,0
1789340511458,108,POST /documents,200,OK,Create Document - carga 1-3,text,true,,259,1113,9,9,108,0,0
1789340511457,110,POST /documents,200,OK,Create Document - carga 1-1,text,true,,259,1113,9,9,110,0,0
1789340511475,108,POST /documents,200,OK,Create Document - carga 1-6,text,true,,259,1113,9,9,107,0,0
1789340511476,108,POST /documents,200,OK,Create Document - carga 1-8,text,true,,259,1113,9,9,108,0,0
1789340511474,114,POST /documents,200,OK,Create Document - carga 1-4,text,true,,259,1113,9,9,114,0,0
1789340511500,113,POST /documents,200,OK,Create Document - carga 1-7,text,true,,259,1113,9,9,113,0,0
1789340511517,112,POST /documents,200,OK,Create Document - carga 1-5,text,true,,259,1113,9,9,112,0,0
1789340511581,109,POST /documents,200,OK,Create Document - carga 1-3,text,true,,259,1113,9,9,108,0,0
1789340511598,109,POST /documents,200,OK,Create Document - carga 1-6,text,true,,259,1113,9,9,108,0,0
1789340511637,129,POST /documents,200,OK,Create Document - carga 1-4,text,true,,259,1113,9,9,129,0,0
1789340511647,119,POST /documents,200,OK,Create Document - carga 1-2,text,true,,259,1113,9,9,119,0,0
1789340511651,120,POST /documents,200,OK,Create Document - carga 1-7,text,true,,259,1113,9,9,119,0,0
1789340511651,121,POST /documents,200,OK,Create Document - carga 1-1,text,true,,259,1113,9,9,121,0,0
1789340511675,107,POST /documents,200,OK,Create Document - carga 1-8,text,true,,259,1113,9,9,106,0,0
1789340511704,104,POST /documents,200,OK,Create Document - carga 1-5,text,true,,259,1113,9,9,104,0,0
1789340511475,342,POST /documents,200,OK,Create Document - carga 1-9,text,true,,259,1113,9,9,342,0,220
1789340511789,107,POST /documents,200,OK,Create Document - carga 1-3,text,true,,259,1113,9,9,107,0,0
1789340511793,112,POST /documents,200,OK,Create Document - carga 1-6,text,true,,259,1113,9,9,112,0,0
1789340511797,121,POST /documents,200,OK,Create Document - carga 1-4,text,true,,259,1113,9,9,119,0,0
1789340511811,119,POST /documents,200,OK,Create Document - carga 1-7,text,true,,259,1113,9,9,115,0,0
1789340511829,119,POST /documents,200,OK,Create Document - carga 1-1,text,true,,259,1113,9,9,119,0,0
1789340511863,108,POST /documents,200,OK,Create Document - carga 1-2,text,true,,259,1113,9,9,107,0,0
1789340511871,115,POST /documents,200,OK,Create Document - carga 1-8,text,true,,259,1113,9,9,115,0,0
1789340511856,130,POST /documents,200,OK,Create Document - carga 1-9,text,true,,259,1113,9,9,130,0,0
1789340511908,106,POST /documents,200,OK,Create Document - carga 1-5,text,true,,259,1113,9,9,106,0,0
1789340511938,114,POST /documents,200,OK,Create Document - carga 1-3,text,true,,259,1113,9,9,114,0,0
1789340511953,121,POST /documents,200,OK,Create Document - carga 1-6,text,true,,259,1113,9,9,121,0,0
1789340511964,120,POST /documents,200,OK,Create Document - carga 1-4,text,true,,259,1113,9,9,120,0,0
1789340511987,110,POST /documents,200,OK,Create Document - carga 1-1,text,true,,259,1113,9,9,109,0,0
1789340511993,115,POST /documents,200,OK,Create Document - carga 1-8,text,true,,259,1113,9,9,115,0,0
1789340512012,114,POST /documents,200,OK,Create Document - carga 1-7,text,true,,259,1113,9,9,114,0,0
1789340512058,117,POST /documents,200,OK,Create Document - carga 1-2,text,true,,259,1113,9,9,117,0,0
1789340512062,113,POST /documents,200,OK,Create Document - carga 1-5,text,true,,259,1113,9,9,113,0,0
1789340512052,127,POST /documents,200,OK,Create Document - carga 1-9,text,true,,259,1113,9,9,127,0,0
1789340512082,111,POST /documents,200,OK,Create Document - carga 1-6,text,true,,259,1113,9,9,111,0,0
1789340512109,117,POST /documents,200,OK,Create Document - carga 1-3,text,true,,259,1113,9,9,117,0,0
1789340512135,119,POST /documents,200,OK,Create Document - carga 1-4,text,true,,259,1113,9,9,118,0,0
1789340512173,120,POST /documents,200,OK,Create Document - carga 1-1,text,true,,259,1113,9,9,120,0,0
1789340512167,126,POST /documents,200,OK,Create Document - carga 1-8,text,true,,259,1113,9,9,126,0,0
1789340512195,127,POST /documents,200,OK,Create Document - carga 1-9,text,true,,259,1113,9,9,127,0,0
1789340512220,113,POST /documents,200,OK,Create Document - carga 1-7,text,true,,259,1113,9,9,113,0,0
1789340512231,111,POST /documents,200,OK,Create Document - carga 1-5,text,true,,259,1113,9,9,111,0,0
1789340512249,103,POST /documents,200,OK,Create Document - carga 1-2,text,true,,259,1113,9,9,103,0,0
1789340512281,115,POST /documents,200,OK,Create Document - carga 1-6,text,true,,259,1113,9,9,115,0,0
1789340512303,111,POST /documents,200,OK,Create Document - carga 1-3,text,true,,259,1113,9,9,111,0,0
1789340512291,123,POST /documents,200,OK,Create Document - carga 1-4,text,true,,259,1113,9,9,123,0,0
1789340512310,111,POST /documents,200,OK,Create Document - carga 1-1,text,true,,259,1113,9,9,111,0,0
1789340512325,111,POST /documents,200,OK,Create Document - carga 1-8,text,true,,259,1113,9,9,111,0,0
1789340512327,126,POST /documents,200,OK,Create Document - carga 1-9,text,true,,259,1113,9,9,126,0,0
1789340512386,112,POST /documents,200,OK,Create Document - carga 1-5,text,true,,259,1113,9,9,112,0,0
1789340512390,121,POST /documents,200,OK,Create Document - carga 1-2,text,true,,259,1113,9,9,121,0,0
1789340512402,109,POST /documents,200,OK,Create Document - carga 1-7,text,true,,259,1113,9,9,109,0,0
1789340512433,115,POST /documents,200,OK,Create Document - carga 1-6,text,true,,259,1113,9,9,114,0,0
1789340512454,120,POST /documents,200,OK,Create Document - carga 1-9,text,true,,259,1113,9,9,120,0,0
1789340512470,109,POST /documents,200,OK,Create Document - carga 1-3,text,true,,259,1113,9,9,109,0,0
1789340512474,113,POST /documents,200,OK,Create Document - carga 1-8,text,true,,259,1113,9,9,113,0,0
1789340512485,116,POST /documents,200,OK,Create Document - carga 1-1,text,true,,259,1113,9,9,116,0,0
1789340512509,115,POST /documents,200,OK,Create Document - carga 1-4,text,true,,259,1113,9,9,115,0,0
1789340512514,110,POST /documents,200,OK,Create Document - carga 1-7,text,true,,259,1113,9,9,110,0,0
1789340512544,112,POST /documents,200,OK,Create Document - carga 1-5,text,true,,259,1113,9,9,111,0,0
1789340512580,142,POST /documents,200,OK,Create Document - carga 1-2,text,true,,259,1113,9,9,142,0,0
1789340512639,108,POST /documents,200,OK,Create Document - carga 1-6,text,true,,259,1113,9,9,108,0,0
1789340512641,107,POST /documents,200,OK,Create Document - carga 1-3,text,true,,259,1113,9,9,107,0,0
1789340512649,114,POST /documents,200,OK,Create Document - carga 1-4,text,true,,259,1113,9,9,112,0,0
1789340512659,125,POST /documents,200,OK,Create Document - carga 1-9,text,true,,259,1113,9,9,125,0,0
1789340512679,120,POST /documents,200,OK,Create Document - carga 1-1,text,true,,259,1113,9,9,120,0,0
1789340512687,115,POST /documents,200,OK,Create Document - carga 1-8,text,true,,259,1113,9,9,115,0,0
1789340512701,108,POST /documents,200,OK,Create Document - carga 1-7,text,true,,259,1113,9,9,108,0,0
1789340512717,109,POST /documents,200,OK,Create Document - carga 1-5,text,true,,259,1113,9,9,109,0,0
1789340512726,110,POST /documents,200,OK,Create Document - carga 1-2,text,true,,259,1113,9,9,109,0,0
1789340512806,112,POST /documents,200,OK,Create Document - carga 1-8,text,true,,259,1113,9,9,112,0,0
1789340512804,119,POST /documents,200,OK,Create Document - carga 1-9,text,true,,259,1113,9,9,118,0,0
1789340512848,107,POST /documents,200,OK,Create Document - carga 1-6,text,true,,259,1113,9,9,107,0,0
1789340512835,121,POST /documents,200,OK,Create Document - carga 1-3,text,true,,259,1113,9,9,120,0,0
1789340512859,125,POST /documents,200,OK,Create Document - carga 1-4,text,true,,259,1113,9,9,125,0,0
1789340512899,111,POST /documents,200,OK,Create Document - carga 1-7,text,true,,259,1113,9,9,111,0,0
1789340512873,176,POST /documents,200,OK,Create Document - carga 1-2,text,true,,259,1113,9,9,176,0,0
1789340512891,166,POST /documents,200,OK,Create Document - carga 1-1,text,true,,259,1113,9,9,165,0,0
1789340512897,159,POST /documents,200,OK,Create Document - carga 1-5,text,true,,259,1113,9,9,159,0,0
1789340512971,123,POST /documents,200,OK,Create Document - carga 1-9,text,true,,259,1113,9,9,122,0,0
1789340512982,125,POST /documents,200,OK,Create Document - carga 1-3,text,true,,259,1113,9,9,125,0,0
1789340512987,120,POST /documents,200,OK,Create Document - carga 1-8,text,true,,259,1113,9,9,120,0,0
1789340513050,115,POST /documents,200,OK,Create Document - carga 1-6,text,true,,259,1113,9,9,115,0,0
1789340513085,121,POST /documents,200,OK,Create Document - carga 1-4,text,true,,259,1113,9,9,121,0,0
1789340513108,117,POST /documents,200,OK,Create Document - carga 1-7,text,true,,259,1113,9,9,115,0,0
1789340513123,111,POST /documents,200,OK,Create Document - carga 1-2,text,true,,259,1113,9,9,111,0,0
1789340513145,114,POST /documents,200,OK,Create Document - carga 1-5,text,true,,259,1113,9,9,114,0,0
1789340513132,131,POST /documents,200,OK,Create Document - carga 1-1,text,true,,259,1113,9,9,127,0,0
1789340513165,111,POST /documents,200,OK,Create Document - carga 1-8,text,true,,259,1113,9,9,109,0,0
1789340513239,271,POST /documents,200,OK,Create Document - carga 1-4,text,true,,259,1113,10,10,271,0,0
1789340513311,199,POST /documents,200,OK,Create Document - carga 1-8,text,true,,259,1113,10,10,199,0,0
1789340513309,201,POST /documents,200,OK,Create Document - carga 1-2,text,true,,259,1113,10,10,201,0,0
1789340513333,177,POST /documents,200,OK,Create Document - carga 1-5,text,true,,259,1113,10,10,177,0,0
1789340513241,269,POST /documents,200,OK,Create Document - carga 1-7,text,true,,259,1113,10,10,269,0,0
1789340513219,291,POST /documents,200,OK,Create Document - carga 1-6,text,true,,259,1113,10,10,291,0,0
1789340513152,358,POST /documents,200,OK,Create Document - carga 1-9,text,true,,259,1113,10,10,358,0,0
1789340513203,307,POST /documents,200,OK,Create Document - carga 1-3,text,true,,259,1113,10,10,307,0,0
1789340513336,175,POST /documents,200,OK,Create Document - carga 1-1,text,true,,259,1113,10,10,175,0,0
1789340513529,120,POST /documents,200,OK,Create Document - carga 1-5,text,true,,259,1113,10,10,120,0,0
1789340513536,127,POST /documents,200,OK,Create Document - carga 1-4,text,true,,259,1113,10,10,127,0,0
1789340513545,118,POST /documents,200,OK,Create Document - carga 1-6,text,true,,259,1113,10,10,118,0,0
1789340513581,107,POST /documents,200,OK,Create Document - carga 1-8,text,true,,259,1113,10,10,107,0,0
1789340513571,118,POST /documents,200,OK,Create Document - carga 1-9,text,true,,259,1113,10,10,117,0,0
1789340513580,110,POST /documents,200,OK,Create Document - carga 1-2,text,true,,259,1113,10,10,110,0,0
1789340513588,105,POST /documents,200,OK,Create Document - carga 1-3,text,true,,259,1113,10,10,105,0,0
1789340513598,129,POST /documents,200,OK,Create Document - carga 1-1,text,true,,259,1113,10,10,129,0,0
1789340513604,123,POST /documents,200,OK,Create Document - carga 1-7,text,true,,259,1113,10,10,123,0,0
1789340513455,320,POST /documents,200,OK,Create Document - carga 1-10,text,true,,259,1113,10,10,320,0,202
1789340513718,121,POST /documents,200,OK,Create Document - carga 1-4,text,true,,259,1113,10,10,121,0,0
1789340513731,108,POST /documents,200,OK,Create Document - carga 1-2,text,true,,259,1113,10,10,108,0,0
1789340513731,110,POST /documents,200,OK,Create Document - carga 1-6,text,true,,259,1113,10,10,110,0,0
1789340513743,108,POST /documents,200,OK,Create Document - carga 1-5,text,true,,259,1113,10,10,108,0,0
1789340513739,121,POST /documents,200,OK,Create Document - carga 1-8,text,true,,259,1113,10,10,121,0,0
1789340513747,114,POST /documents,200,OK,Create Document - carga 1-1,text,true,,259,1113,10,10,113,0,0
1789340513766,114,POST /documents,200,OK,Create Document - carga 1-7,text,true,,259,1113,10,10,114,0,0
1789340513783,109,POST /documents,200,OK,Create Document - carga 1-3,text,true,,259,1113,10,10,109,0,0
1789340513757,168,POST /documents,200,OK,Create Document - carga 1-9,text,true,,259,1113,10,10,168,0,0
1789340513851,113,POST /documents,200,OK,Create Document - carga 1-2,text,true,,259,1113,10,10,113,0,0
1789340513854,113,POST /documents,200,OK,Create Document - carga 1-10,text,true,,259,1113,10,10,113,0,0
1789340513908,108,POST /documents,200,OK,Create Document - carga 1-7,text,true,,259,1113,10,10,108,0,0
1789340513904,113,POST /documents,200,OK,Create Document - carga 1-1,text,true,,259,1113,10,10,113,0,0
1789340513912,109,POST /documents,200,OK,Create Document - carga 1-6,text,true,,259,1113,10,10,109,0,0
1789340513931,111,POST /documents,200,OK,Create Document - carga 1-4,text,true,,259,1113,10,10,111,0,0
1789340513934,122,POST /documents,200,OK,Create Document - carga 1-9,text,true,,259,1113,10,10,121,0,0
1789340513991,109,POST /documents,200,OK,Create Document - carga 1-3,text,true,,259,1113,10,10,109,0,0
1789340513944,161,POST /documents,200,OK,Create Document - carga 1-8,text,true,,259,1113,10,10,161,0,0
1789340513943,175,POST /documents,200,OK,Create Document - carga 1-5,text,true,,259,1113,10,10,175,0,0
1789340514008,112,POST /documents,200,OK,Create Document - carga 1-2,text,true,,259,1113,10,10,111,0,0
1789340514043,108,POST /documents,200,OK,Create Document - carga 1-1,text,true,,259,1113,10,10,108,0,0
1789340514043,111,POST /documents,200,OK,Create Document - carga 1-7,text,true,,259,1113,10,10,111,0,0
1789340514065,117,POST /documents,200,OK,Create Document - carga 1-10,text,true,,259,1113,10,10,117,0,0
1789340514056,165,POST /documents,200,OK,Create Document - carga 1-6,text,true,,259,1113,10,10,164,0,0
1789340514051,180,POST /documents,200,OK,Create Document - carga 1-4,text,true,,259,1113,10,10,180,0,0
1789340514144,108,POST /documents,200,OK,Create Document - carga 1-2,text,true,,259,1113,10,10,108,0,0
1789340514145,113,POST /documents,200,OK,Create Document - carga 1-3,text,true,,259,1113,10,10,108,0,0
1789340514185,114,POST /documents,200,OK,Create Document - carga 1-10,text,true,,259,1113,10,10,114,0,0
1789340514185,116,POST /documents,200,OK,Create Document - carga 1-5,text,true,,259,1113,10,10,116,0,0
1789340514194,109,POST /documents,200,OK,Create Document - carga 1-1,text,true,,259,1113,10,10,109,0,0
1789340514182,135,POST /documents,200,OK,Create Document - carga 1-8,text,true,,259,1113,10,10,135,0,0
1789340514211,111,POST /documents,200,OK,Create Document - carga 1-7,text,true,,259,1113,10,10,111,0,0
1789340514142,181,POST /documents,200,OK,Create Document - carga 1-9,text,true,,259,1113,10,10,181,0,0
1789340514250,116,POST /documents,200,OK,Create Document - carga 1-6,text,true,,259,1113,10,10,116,0,0
1789340514274,113,POST /documents,200,OK,Create Document - carga 1-2,text,true,,259,1113,10,10,113,0,0
1789340514337,112,POST /documents,200,OK,Create Document - carga 1-3,text,true,,259,1113,10,10,112,0,0
1789340514324,125,POST /documents,200,OK,Create Document - carga 1-4,text,true,,259,1113,10,10,125,0,0
1789340514332,120,POST /documents,200,OK,Create Document - carga 1-10,text,true,,259,1113,10,10,119,0,0
1789340514348,114,POST /documents,200,OK,Create Document - carga 1-5,text,true,,259,1113,10,10,114,0,0
1789340514348,127,POST /documents,200,OK,Create Document - carga 1-9,text,true,,259,1113,10,10,123,0,0
1789340514390,107,POST /documents,200,OK,Create Document - carga 1-1,text,true,,259,1113,10,10,107,0,0
1789340514392,107,POST /documents,200,OK,Create Document - carga 1-8,text,true,,259,1113,10,10,107,0,0
1789340514411,110,POST /documents,200,OK,Create Document - carga 1-7,text,true,,259,1113,10,10,110,0,0
1789340514441,159,POST /documents,200,OK,Create Document - carga 1-6,text,true,,259,1113,10,10,159,0,0
1789340514490,114,POST /documents,200,OK,Create Document - carga 1-3,text,true,,259,1113,10,10,114,0,0
1789340514494,121,POST /documents,200,OK,Create Document - carga 1-4,text,true,,259,1113,10,10,121,0,0
1789340514509,118,POST /documents,200,OK,Create Document - carga 1-5,text,true,,259,1113,10,10,118,0,0
1789340514516,119,POST /documents,200,OK,Create Document - carga 1-1,text,true,,259,1113,10,10,115,0,0
1789340514553,108,POST /documents,200,OK,Create Document - carga 1-10,text,true,,259,1113,10,10,108,0,0
1789340514512,159,POST /documents,200,OK,Create Document - carga 1-9,text,true,,259,1113,10,10,159,0,0
1789340514476,197,POST /documents,200,OK,Create Document - carga 1-2,text,true,,259,1113,10,10,197,0,0
1789340514632,103,POST /documents,200,OK,Create Document - carga 1-5,text,true,,259,1113,10,10,103,0,0
1789340514632,118,POST /documents,200,OK,Create Document - carga 1-6,text,true,,259,1113,10,10,118,0,0
1789340514587,172,POST /documents,200,OK,Create Document - carga 1-8,text,true,,259,1113,10,10,172,0,0
1789340514653,110,POST /documents,200,OK,Create Document - carga 1-3,text,true,,259,1113,10,10,110,0,0
1789340514617,152,POST /documents,200,OK,Create Document - carga 1-7,text,true,,259,1113,10,10,152,0,0
1789340514696,110,POST /documents,200,OK,Create Document - carga 1-1,text,true,,259,1113,10,10,110,0,0
1789340514730,119,POST /documents,200,OK,Create Document - carga 1-10,text,true,,259,1113,10,10,119,0,0
1789340514742,110,POST /documents,200,OK,Create Document - carga 1-5,text,true,,259,1113,10,10,109,0,0
1789340514751,106,POST /documents,200,OK,Create Document - carga 1-2,text,true,,259,1113,10,10,106,0,0
1789340514752,108,POST /documents,200,OK,Create Document - carga 1-6,text,true,,259,1113,10,10,108,0,0
1789340514682,189,POST /documents,200,OK,Create Document - carga 1-4,text,true,,259,1113,10,10,188,0,0
1789340514692,182,POST /documents,200,OK,Create Document - carga 1-9,text,true,,259,1113,10,10,182,0,0
1789340514851,125,POST /documents,200,OK,Create Document - carga 1-7,text,true,,259,1113,10,10,125,0,0
1789340514890,111,POST /documents,200,OK,Create Document - carga 1-2,text,true,,259,1113,10,10,111,0,0
1789340514801,208,POST /documents,200,OK,Create Document - carga 1-3,text,true,,259,1113,10,10,202,0,0
1789340514896,113,POST /documents,200,OK,Create Document - carga 1-1,text,true,,259,1113,10,10,113,0,0
1789340514927,108,POST /documents,200,OK,Create Document - carga 1-6,text,true,,259,1113,10,10,108,0,0
1789340514945,102,POST /documents,200,OK,Create Document - carga 1-5,text,true,,259,1113,10,10,102,0,0
1789340514941,111,POST /documents,200,OK,Create Document - carga 1-10,text,true,,259,1113,10,10,111,0,0
1789340514954,126,POST /documents,200,OK,Create Document - carga 1-9,text,true,,259,1113,10,10,126,0,0
1789340514841,265,POST /documents,200,OK,Create Document - carga 1-8,text,true,,259,1113,10,10,265,0,0
1789340515073,107,POST /documents,200,OK,Create Document - carga 1-3,text,true,,259,1113,10,10,107,0,0
1789340515084,107,POST /documents,200,OK,Create Document - carga 1-5,text,true,,259,1113,10,10,106,0,0
1789340515039,158,POST /documents,200,OK,Create Document - carga 1-2,text,true,,259,1113,10,10,157,0,0
1789340514898,312,POST /documents,200,OK,Create Document - carga 1-4,text,true,,259,1113,10,10,312,0,0
1789340515091,119,POST /documents,200,OK,Create Document - carga 1-9,text,true,,259,1113,10,10,119,0,0
1789340515122,171,POST /documents,200,OK,Create Document - carga 1-10,text,true,,259,1113,10,10,171,0,0
1789340515237,132,POST /documents,200,OK,Create Document - carga 1-2,text,true,,259,1113,10,10,132,0,0
1789340515229,168,POST /documents,200,OK,Create Document - carga 1-5,text,true,,259,1113,11,11,168,0,0
1789340515013,387,POST /documents,200,OK,Create Document - carga 1-7,text,true,,259,1113,11,11,387,0,0
1789340515263,140,POST /documents,200,OK,Create Document - carga 1-3,text,true,,259,1113,11,11,140,0,0
1789340515296,111,POST /documents,200,OK,Create Document - carga 1-10,text,true,,259,1113,11,11,111,0,0
1789340515035,435,POST /documents,200,OK,Create Document - carga 1-6,text,true,,259,1113,11,11,435,0,0
1789340515381,119,POST /documents,200,OK,Create Document - carga 1-2,text,true,,259,1113,11,11,119,0,0
1789340515410,106,POST /documents,200,OK,Create Document - carga 1-10,text,true,,259,1113,11,11,106,0,0
1789340515166,414,POST /documents,200,OK,Create Document - carga 1-8,text,true,,259,1113,11,11,414,0,0
1789340515479,115,POST /documents,200,OK,Create Document - carga 1-7,text,true,,259,1113,11,11,115,0,0
1789340515476,119,POST /documents,200,OK,Create Document - carga 1-6,text,true,,259,1113,11,11,119,0,0
1789340515493,107,POST /documents,200,OK,Create Document - carga 1-3,text,true,,259,1113,11,11,107,0,0
1789340515070,534,POST /documents,200,OK,Create Document - carga 1-1,text,true,,259,1113,11,11,532,0,0
1789340515236,445,POST /documents,200,OK,Create Document - carga 1-4,text,true,,259,1113,11,11,445,0,0
1789340515280,459,POST /documents,200,OK,Create Document - carga 1-9,text,true,,259,1113,11,11,459,0,0
1789340515659,162,POST /documents,200,OK,Create Document - carga 1-1,text,true,,259,1113,11,11,162,0,0
1789340515662,159,POST /documents,200,OK,Create Document - carga 1-8,text,true,,259,1113,11,11,159,0,0
1789340515599,222,POST /documents,200,OK,Create Document - carga 1-6,text,true,,259,1113,11,11,222,0,0
1789340515412,426,POST /documents,200,OK,Create Document - carga 1-5,text,true,,259,1113,11,11,426,0,0
1789340515691,148,POST /documents,200,OK,Create Document - carga 1-7,text,true,,259,1113,11,11,148,0,0
1789340515725,141,POST /documents,200,OK,Create Document - carga 1-4,text,true,,259,1113,11,11,141,0,0
1789340515520,346,POST /documents,200,OK,Create Document - carga 1-2,text,true,,259,1113,11,11,346,0,0
1789340515605,266,POST /documents,200,OK,Create Document - carga 1-3,text,true,,259,1113,11,11,266,0,0
1789340515594,308,POST /documents,200,OK,Create Document - carga 1-10,text,true,,259,1113,11,11,308,0,0
1789340515388,530,POST /documents,200,OK,Create Document - carga 1-11,text,true,,259,1113,11,11,530,0,216
1789340515830,125,POST /documents,200,OK,Create Document - carga 1-9,text,true,,259,1113,11,11,125,0,0
1789340515891,121,POST /documents,200,OK,Create Document - carga 1-4,text,true,,259,1113,11,11,121,0,0
1789340515911,112,POST /documents,200,OK,Create Document - carga 1-7,text,true,,259,1113,11,11,112,0,0
1789340515942,116,POST /documents,200,OK,Create Document - carga 1-3,text,true,,259,1113,11,11,116,0,0
1789340515913,173,POST /documents,200,OK,Create Document - carga 1-8,text,true,,259,1113,11,11,173,0,0
1789340515874,228,POST /documents,200,OK,Create Document - carga 1-5,text,true,,259,1113,11,11,225,0,0
1789340516044,119,POST /documents,200,OK,Create Document - carga 1-9,text,true,,259,1113,11,11,119,0,0
1789340516023,140,POST /documents,200,OK,Create Document - carga 1-4,text,true,,259,1113,11,11,140,0,0
1789340515985,178,POST /documents,200,OK,Create Document - carga 1-11,text,true,,259,1113,11,11,178,0,0
1789340515884,284,POST /documents,200,OK,Create Document - carga 1-6,text,true,,259,1113,11,11,284,0,0
1789340515929,246,POST /documents,200,OK,Create Document - carga 1-2,text,true,,259,1113,11,11,245,0,0
1789340516164,147,POST /documents,200,OK,Create Document - carga 1-4,text,true,,259,1113,11,11,147,0,0
1789340516115,196,POST /documents,200,OK,Create Document - carga 1-7,text,true,,259,1113,11,11,196,0,0
1789340516209,114,POST /documents,200,OK,Create Document - carga 1-2,text,true,,259,1113,11,11,110,0,0
1789340516151,199,POST /documents,200,OK,Create Document - carga 1-8,text,true,,259,1113,11,11,199,0,0
1789340516233,117,POST /documents,200,OK,Create Document - carga 1-11,text,true,,259,1113,11,11,117,0,0
1789340516123,243,POST /documents,200,OK,Create Document - carga 1-5,text,true,,259,1113,11,11,243,0,0
1789340516118,249,POST /documents,200,OK,Create Document - carga 1-3,text,true,,259,1113,11,11,248,0,0
1789340516251,131,POST /documents,200,OK,Create Document - carga 1-9,text,true,,259,1113,11,11,131,0,0
1789340516264,228,POST /documents,200,OK,Create Document - carga 1-6,text,true,,259,1113,11,11,228,0,0
1789340516368,144,POST /documents,200,OK,Create Document - carga 1-2,text,true,,259,1113,11,11,144,0,0
1789340516364,148,POST /documents,200,OK,Create Document - carga 1-7,text,true,,259,1113,11,11,148,0,0
1789340516386,157,POST /documents,200,OK,Create Document - carga 1-9,text,true,,259,1113,11,11,157,0,0
1789340515898,645,POST /documents,200,OK,Create Document - carga 1-1,text,true,,259,1113,11,11,645,0,0
1789340515961,582,POST /documents,200,OK,Create Document - carga 1-10,text,true,,259,1113,11,11,582,0,0
1789340516408,135,POST /documents,200,OK,Create Document - carga 1-5,text,true,,259,1113,11,11,135,0,0
1789340516352,201,POST /documents,200,OK,Create Document - carga 1-11,text,true,,259,1113,11,11,201,0,0
1789340516409,144,POST /documents,200,OK,Create Document - carga 1-3,text,true,,259,1113,11,11,144,0,0
1789340516409,176,POST /documents,200,OK,Create Document - carga 1-4,text,true,,259,1113,11,11,176,0,0
1789340516441,172,POST /documents,200,OK,Create Document - carga 1-8,text,true,,259,1113,11,11,172,0,0
1789340516549,141,POST /documents,200,OK,Create Document - carga 1-5,text,true,,259,1113,11,11,141,0,0
1789340516563,128,POST /documents,200,OK,Create Document - carga 1-6,text,true,,259,1113,11,11,128,0,0
1789340516599,151,POST /documents,200,OK,Create Document - carga 1-1,text,true,,259,1113,11,11,151,0,0
1789340516626,135,POST /documents,200,OK,Create Document - carga 1-4,text,true,,259,1113,11,11,135,0,0
1789340516609,152,POST /documents,200,OK,Create Document - carga 1-2,text,true,,259,1113,11,11,152,0,0
1789340516652,137,POST /documents,200,OK,Create Document - carga 1-3,text,true,,259,1113,11,11,137,0,0
1789340516648,142,POST /documents,200,OK,Create Document - carga 1-8,text,true,,259,1113,11,11,142,0,0
1789340516737,122,POST /documents,200,OK,Create Document - carga 1-5,text,true,,259,1113,11,11,122,0,0
1789340516755,119,POST /documents,200,OK,Create Document - carga 1-6,text,true,,259,1113,11,11,119,0,0
1789340516546,328,POST /documents,200,OK,Create Document - carga 1-9,text,true,,259,1113,11,11,328,0,0
1789340516818,131,POST /documents,200,OK,Create Document - carga 1-3,text,true,,259,1113,11,11,131,0,0
1789340516832,137,POST /documents,200,OK,Create Document - carga 1-4,text,true,,259,1113,11,11,137,0,0
1789340516866,141,POST /documents,200,OK,Create Document - carga 1-8,text,true,,259,1113,11,11,141,0,0
1789340516959,160,POST /documents,200,OK,Create Document - carga 1-9,text,true,,259,1113,11,11,160,0,0
1789340516556,563,POST /documents,200,OK,Create Document - carga 1-7,text,true,,259,1113,11,11,413,0,0
1789340516602,517,POST /documents,200,OK,Create Document - carga 1-10,text,true,,259,1113,11,11,367,0,0
1789340516948,172,POST /documents,200,OK,Create Document - carga 1-5,text,true,,259,1113,11,11,172,0,0
1789340517010,178,POST /documents,200,OK,Create Document - carga 1-8,text,true,,259,1113,11,11,178,0,0
1789340516776,412,POST /documents,200,OK,Create Document - carga 1-1,text,true,,259,1113,11,11,412,0,0
1789340516629,559,POST /documents,200,OK,Create Document - carga 1-11,text,true,,259,1113,11,11,559,0,0
1789340517131,127,POST /documents,200,OK,Create Document - carga 1-9,text,true,,259,1113,11,11,127,0,0
1789340516790,468,POST /documents,200,OK,Create Document - carga 1-2,text,true,,259,1113,11,11,468,0,0
1789340516928,330,POST /documents,200,OK,Create Document - carga 1-6,text,true,,259,1113,11,11,330,0,0
1789340517173,113,POST /documents,200,OK,Create Document - carga 1-7,text,true,,259,1113,11,11,113,0,0
1789340517213,118,POST /documents,200,OK,Create Document - carga 1-10,text,true,,259,1113,11,11,118,0,0
1789340517262,134,POST /documents,200,OK,Create Document - carga 1-11,text,true,,259,1113,12,12,134,0,0
1789340517246,150,POST /documents,200,OK,Create Document - carga 1-1,text,true,,259,1113,12,12,150,0,0
1789340517308,119,POST /documents,200,OK,Create Document - carga 1-6,text,true,,259,1113,12,12,119,0,0
1789340517330,119,POST /documents,200,OK,Create Document - carga 1-7,text,true,,259,1113,12,12,119,0,0
1789340516982,467,POST /documents,200,OK,Create Document - carga 1-3,text,true,,259,1113,12,12,467,0,0
1789340517343,111,POST /documents,200,OK,Create Document - carga 1-2,text,true,,259,1113,12,12,110,0,0
1789340517358,113,POST /documents,200,OK,Create Document - carga 1-10,text,true,,259,1113,12,12,113,0,0
1789340517421,137,POST /documents,200,OK,Create Document - carga 1-1,text,true,,259,1113,12,12,137,0,0
1789340517032,534,POST /documents,200,OK,Create Document - carga 1-4,text,true,,259,1113,12,12,534,0,0
1789340517477,121,POST /documents,200,OK,Create Document - carga 1-11,text,true,,259,1113,12,12,121,0,0
1789340517497,111,POST /documents,200,OK,Create Document - carga 1-2,text,true,,259,1113,12,12,111,0,0
1789340517514,110,POST /documents,200,OK,Create Document - carga 1-6,text,true,,259,1113,12,12,110,0,0
1789340517151,492,POST /documents,200,OK,Create Document - carga 1-5,text,true,,259,1113,12,12,492,0,0
1789340517539,140,POST /documents,200,OK,Create Document - carga 1-3,text,true,,259,1113,12,12,140,0,0
1789340517273,469,POST /documents,200,OK,Create Document - carga 1-8,text,true,,259,1113,12,12,469,0,0
1789340517633,119,POST /documents,200,OK,Create Document - carga 1-4,text,true,,259,1113,12,12,119,0,0
1789340517324,444,POST /documents,200,OK,Create Document - carga 1-9,text,true,,259,1113,12,12,444,0,0
1789340517438,331,POST /documents,200,OK,Create Document - carga 1-12,text,true,,259,1113,12,12,331,0,221
1789340517689,140,POST /documents,200,OK,Create Document - carga 1-5,text,true,,259,1113,12,12,140,0,0
1789340517527,313,POST /documents,200,OK,Create Document - carga 1-10,text,true,,259,1113,12,12,313,0,0
1789340517754,103,POST /documents,200,OK,Create Document - carga 1-3,text,true,,259,1113,12,12,103,0,0
1789340517791,130,POST /documents,200,OK,Create Document - carga 1-12,text,true,,259,1113,12,12,128,0,0
1789340517844,112,POST /documents,200,OK,Create Document - carga 1-5,text,true,,259,1113,12,12,112,0,0
1789340517501,455,POST /documents,200,OK,Create Document - carga 1-7,text,true,,259,1113,12,12,455,0,0
1789340517629,336,POST /documents,200,OK,Create Document - carga 1-2,text,true,,259,1113,12,12,336,0,0
1789340517841,125,POST /documents,200,OK,Create Document - carga 1-4,text,true,,259,1113,12,12,124,0,0
1789340517844,130,POST /documents,200,OK,Create Document - carga 1-9,text,true,,259,1113,12,12,130,0,0
1789340517652,409,POST /documents,200,OK,Create Document - carga 1-11,text,true,,259,1113,12,12,409,0,0
1789340517990,104,POST /documents,200,OK,Create Document - carga 1-2,text,true,,259,1113,12,12,104,0,0
1789340517987,107,POST /documents,200,OK,Create Document - carga 1-7,text,true,,259,1113,12,12,107,0,0
1789340518005,117,POST /documents,200,OK,Create Document - carga 1-9,text,true,,259,1113,12,12,117,0,0
1789340518019,104,POST /documents,200,OK,Create Document - carga 1-12,text,true,,259,1113,12,12,104,0,0
1789340518020,114,POST /documents,200,OK,Create Document - carga 1-4,text,true,,259,1113,12,12,114,0,0
1789340517700,455,POST /documents,200,OK,Create Document - carga 1-6,text,true,,259,1113,12,12,455,0,0
1789340517817,424,POST /documents,200,OK,Create Document - carga 1-8,text,true,,259,1113,12,12,424,0,0
1789340517620,623,POST /documents,200,OK,Create Document - carga 1-1,text,true,,259,1113,12,12,621,0,0
1789340518147,137,POST /documents,200,OK,Create Document - carga 1-4,text,true,,259,1113,12,12,137,0,0
1789340517958,326,POST /documents,200,OK,Create Document - carga 1-5,text,true,,259,1113,12,12,326,0,0
1789340517876,408,POST /documents,200,OK,Create Document - carga 1-10,text,true,,259,1113,12,12,408,0,0
1789340518175,109,POST /documents,200,OK,Create Document - carga 1-6,text,true,,259,1113,12,12,109,0,0
1789340518173,111,POST /documents,200,OK,Create Document - carga 1-7,text,true,,259,1113,12,12,111,0,0
1789340518162,122,POST /documents,200,OK,Create Document - carga 1-11,text,true,,259,1113,12,12,122,0,0
1789340518146,138,POST /documents,200,OK,Create Document - carga 1-9,text,true,,259,1113,12,12,138,0,0
1789340518205,107,POST /documents,200,OK,Create Document - carga 1-12,text,true,,259,1113,12,12,107,0,0
1789340517936,403,POST /documents,200,OK,Create Document - carga 1-3,text,true,,259,1113,12,12,403,0,0
1789340518192,177,POST /documents,200,OK,Create Document - carga 1-2,text,true,,259,1113,12,12,177,0,0
1789340518285,108,POST /documents,200,OK,Create Document - carga 1-8,text,true,,259,1113,12,12,108,0,0
1789340518311,116,POST /documents,200,OK,Create Document - carga 1-9,text,true,,259,1113,12,12,116,0,0
1789340518320,111,POST /documents,200,OK,Create Document - carga 1-6,text,true,,259,1113,12,12,108,0,0
1789340518256,186,POST /documents,200,OK,Create Document - carga 1-1,text,true,,259,1113,12,12,183,0,0
1789340518357,161,POST /documents,200,OK,Create Document - carga 1-7,text,true,,259,1113,12,12,161,0,0
1789340518330,188,POST /documents,200,OK,Create Document - carga 1-11,text,true,,259,1113,12,12,188,0,0
1789340518381,137,POST /documents,200,OK,Create Document - carga 1-4,text,true,,259,1113,12,12,137,0,0
1789340518374,144,POST /documents,200,OK,Create Document - carga 1-2,text,true,,259,1113,12,12,144,0,0
1789340518423,132,POST /documents,200,OK,Create Document - carga 1-8,text,true,,259,1113,12,12,132,0,0
1789340518410,145,POST /documents,200,OK,Create Document - carga 1-3,text,true,,259,1113,12,12,145,0,0
1789340518293,288,POST /documents,200,OK,Create Document - carga 1-5,text,true,,259,1113,12,12,288,0,0
1789340518339,242,POST /documents,200,OK,Create Document - carga 1-10,text,true,,259,1113,12,12,242,0,0
1789340518374,224,POST /documents,200,OK,Create Document - carga 1-12,text,true,,259,1113,12,12,224,0,0
1789340518441,157,POST /documents,200,OK,Create Document - carga 1-9,text,true,,259,1113,12,12,157,0,0
1789340518549,118,POST /documents,200,OK,Create Document - carga 1-2,text,true,,259,1113,12,12,118,0,0
1789340518493,174,POST /documents,200,OK,Create Document - carga 1-6,text,true,,259,1113,12,12,174,0,0
1789340518509,171,POST /documents,200,OK,Create Document - carga 1-1,text,true,,259,1113,12,12,171,0,0
1789340518558,123,POST /documents,200,OK,Create Document - carga 1-8,text,true,,259,1113,12,12,123,0,0
1789340518535,188,POST /documents,200,OK,Create Document - carga 1-4,text,true,,259,1113,12,12,188,0,0
1789340518533,269,POST /documents,200,OK,Create Document - carga 1-7,text,true,,259,1113,12,12,269,0,0
1789340518587,223,POST /documents,200,OK,Create Document - carga 1-3,text,true,,259,1113,12,12,221,0,0
1789340518662,169,POST /documents,200,OK,Create Document - carga 1-12,text,true,,259,1113,12,12,168,0,0
1789340518647,201,POST /documents,200,OK,Create Document - carga 1-5,text,true,,259,1113,12,12,200,0,0
1789340518641,210,POST /documents,200,OK,Create Document - carga 1-10,text,true,,259,1113,12,12,209,0,0
1789340518618,245,POST /documents,200,OK,Create Document - carga 1-11,text,true,,259,1113,12,12,245,0,0
1789340518742,150,POST /documents,200,OK,Create Document - carga 1-6,text,true,,259,1113,12,12,150,0,0
1789340518712,181,POST /documents,200,OK,Create Document - carga 1-1,text,true,,259,1113,12,12,180,0,0
1789340518722,175,POST /documents,200,OK,Create Document - carga 1-8,text,true,,259,1113,12,12,175,0,0
1789340518680,266,POST /documents,200,OK,Create Document - carga 1-2,text,true,,259,1113,12,12,266,0,0
1789340518621,329,POST /documents,200,OK,Create Document - carga 1-9,text,true,,259,1113,12,12,242,0,0
1789340518755,230,POST /documents,200,OK,Create Document - carga 1-4,text,true,,259,1113,12,12,230,0,0
1789340518830,158,POST /documents,200,OK,Create Document - carga 1-7,text,true,,259,1113,12,12,158,0,0
1789340518894,111,POST /documents,200,OK,Create Document - carga 1-3,text,true,,259,1113,12,12,111,0,0
1789340518907,153,POST /documents,200,OK,Create Document - carga 1-1,text,true,,259,1113,12,12,153,0,0
1789340518895,177,POST /documents,200,OK,Create Document - carga 1-12,text,true,,259,1113,12,12,177,0,0
1789340518908,164,POST /documents,200,OK,Create Document - carga 1-5,text,true,,259,1113,12,12,164,0,0
1789340518954,122,POST /documents,200,OK,Create Document - carga 1-11,text,true,,259,1113,12,12,120,0,0
1789340518916,166,POST /documents,200,OK,Create Document - carga 1-10,text,true,,259,1113,12,12,166,0,0
1789340518973,117,POST /documents,200,OK,Create Document - carga 1-9,text,true,,259,1113,12,12,117,0,0
1789340519003,103,POST /documents,200,OK,Create Document - carga 1-2,text,true,,259,1113,12,12,102,0,0
1789340518988,172,POST /documents,200,OK,Create Document - carga 1-8,text,true,,259,1113,12,12,172,0,0
1789340518976,189,POST /documents,200,OK,Create Document - carga 1-6,text,true,,259,1113,12,12,189,0,0
1789340519089,129,POST /documents,200,OK,Create Document - carga 1-1,text,true,,259,1113,12,12,129,0,0
1789340519139,106,POST /documents,200,OK,Create Document - carga 1-5,text,true,,259,1113,11,11,106,0,0
1789340519099,159,POST /documents,200,OK,Create Document - carga 1-3,text,true,,259,1113,11,11,159,0,0
1789340519060,199,POST /documents,200,OK,Create Document - carga 1-4,text,true,,259,1113,11,11,198,0,0
1789340519065,194,POST /documents,200,OK,Create Document - carga 1-7,text,true,,259,1113,11,11,194,0,0
1789340519162,109,POST /documents,200,OK,Create Document - carga 1-10,text,true,,259,1113,11,11,109,0,0
1789340519157,121,POST /documents,200,OK,Create Document - carga 1-9,text,true,,259,1113,11,11,121,0,0
1789340519131,148,POST /documents,200,OK,Create Document - carga 1-12,text,true,,259,1113,11,11,147,0,0
1789340519154,136,POST /documents,200,OK,Create Document - carga 1-11,text,true,,259,1113,11,11,135,0,0
1789340519200,107,POST /documents,200,OK,Create Document - carga 1-8,text,true,,259,1113,11,11,107,0,0
1789340519134,212,POST /documents,200,OK,Create Document - carga 1-2,text,true,,259,1113,11,11,212,0,0
1789340519246,113,POST /documents,200,OK,Create Document - carga 1-6,text,true,,259,1113,11,11,113,0,0
1789340519261,119,POST /documents,200,OK,Create Document - carga 1-7,text,true,,259,1113,12,12,119,0,0
1789340519300,105,POST /documents,200,OK,Create Document - carga 1-3,text,true,,259,1113,12,12,105,0,0
1789340519308,110,POST /documents,200,OK,Create Document - carga 1-10,text,true,,259,1113,12,12,110,0,0
1789340519339,110,POST /documents,200,OK,Create Document - carga 1-8,text,true,,259,1113,12,12,110,0,0
1789340519376,111,POST /documents,200,OK,Create Document - carga 1-6,text,true,,259,1113,12,12,111,0,0
1789340519390,108,POST /documents,200,OK,Create Document - carga 1-2,text,true,,259,1113,12,12,107,0,0
1789340519272,269,POST /documents,200,OK,Create Document - carga 1-5,text,true,,259,1113,12,12,269,0,0
1789340519328,228,POST /documents,200,OK,Create Document - carga 1-4,text,true,,259,1113,12,12,228,0,0
1789340519348,208,POST /documents,200,OK,Create Document - carga 1-9,text,true,,259,1113,12,12,208,0,0
1789340519307,249,POST /documents,200,OK,Create Document - carga 1-11,text,true,,259,1113,12,12,249,0,0
1789340519357,202,POST /documents,200,OK,Create Document - carga 1-12,text,true,,259,1113,12,12,202,0,0
1789340519453,108,POST /documents,200,OK,Create Document - carga 1-7,text,true,,259,1113,12,12,108,0,0
1789340519474,117,POST /documents,200,OK,Create Document - carga 1-10,text,true,,259,1113,12,12,117,0,0
1789340519485,106,POST /documents,200,OK,Create Document - carga 1-3,text,true,,259,1113,12,12,106,0,0
1789340519521,112,POST /documents,200,OK,Create Document - carga 1-8,text,true,,259,1113,12,12,112,0,0
1789340519546,113,POST /documents,200,OK,Create Document - carga 1-2,text,true,,259,1113,12,12,113,0,0
1789340519581,123,POST /documents,200,OK,Create Document - carga 1-11,text,true,,259,1113,12,12,123,0,0
1789340519552,157,POST /documents,200,OK,Create Document - carga 1-5,text,true,,259,1113,12,12,155,0,0
1789340519560,152,POST /documents,200,OK,Create Document - carga 1-6,text,true,,259,1113,12,12,151,0,0
1789340519598,120,POST /documents,200,OK,Create Document - carga 1-10,text,true,,259,1113,12,12,120,0,0
1789340519617,105,POST /documents,200,OK,Create Document - carga 1-12,text,true,,259,1113,12,12,105,0,0
1789340519602,153,POST /documents,200,OK,Create Document - carga 1-7,text,true,,259,1113,12,12,153,0,0
1789340519416,340,POST /documents,200,OK,Create Document - carga 1-13,text,true,,259,1113,12,12,340,0,185
1789340519651,109,POST /documents,200,OK,Create Document - carga 1-3,text,true,,259,1113,12,12,109,0,0
1789340519624,143,POST /documents,200,OK,Create Document - carga 1-4,text,true,,259,1113,12,12,143,0,0
1789340519697,122,POST /documents,200,OK,Create Document - carga 1-2,text,true,,259,1113,12,12,122,0,0
1789340519624,199,POST /documents,200,OK,Create Document - carga 1-9,text,true,,259,1113,12,12,198,0,0
1789340519717,107,POST /documents,200,OK,Create Document - carga 1-8,text,true,,259,1113,12,12,107,0,0
1789340519733,107,POST /documents,200,OK,Create Document - carga 1-12,text,true,,259,1113,12,12,107,0,0
1789340519737,120,POST /documents,200,OK,Create Document - carga 1-10,text,true,,259,1113,12,12,120,0,0
1789340519735,123,POST /documents,200,OK,Create Document - carga 1-6,text,true,,259,1113,12,12,123,0,0
1789340519768,107,POST /documents,200,OK,Create Document - carga 1-5,text,true,,259,1113,12,12,107,0,0
1789340519776,141,POST /documents,200,OK,Create Document - carga 1-4,text,true,,259,1113,12,12,141,0,0
1789340519799,126,POST /documents,200,OK,Create Document - carga 1-11,text,true,,259,1113,12,12,126,0,0
1789340519814,111,POST /documents,200,OK,Create Document - carga 1-3,text,true,,259,1113,12,12,111,0,0
1789340519852,110,POST /documents,200,OK,Create Document - carga 1-8,text,true,,259,1113,12,12,110,0,0
1789340519854,112,POST /documents,200,OK,Create Document - carga 1-13,text,true,,259,1113,12,12,112,0,0
1789340519839,164,POST /documents,200,OK,Create Document - carga 1-7,text,true,,259,1113,12,12,141,0,0
1789340519841,162,POST /documents,200,OK,Create Document - carga 1-12,text,true,,259,1113,12,12,162,0,0
1789340519906,107,POST /documents,200,OK,Create Document - carga 1-10,text,true,,259,1113,12,12,106,0,0
1789340519878,137,POST /documents,200,OK,Create Document - carga 1-9,text,true,,259,1113,12,12,137,0,0
1789340519913,102,POST /documents,200,OK,Create Document - carga 1-6,text,true,,259,1113,12,12,102,0,0
1789340519916,102,POST /documents,200,OK,Create Document - carga 1-2,text,true,,259,1113,12,12,102,0,0
1789340519918,105,POST /documents,200,OK,Create Document - carga 1-5,text,true,,259,1113,12,12,104,0,0
1789340519933,117,POST /documents,200,OK,Create Document - carga 1-11,text,true,,259,1113,12,12,117,0,0
1789340519997,113,POST /documents,200,OK,Create Document - carga 1-4,text,true,,259,1113,12,12,113,0,0
1789340520011,109,POST /documents,200,OK,Create Document - carga 1-8,text,true,,259,1113,12,12,109,0,0
1789340520015,107,POST /documents,200,OK,Create Document - carga 1-13,text,true,,259,1113,12,12,107,0,0
1789340520017,109,POST /documents,200,OK,Create Document - carga 1-3,text,true,,259,1113,12,12,109,0,0
1789340520056,116,POST /documents,200,OK,Create Document - carga 1-9,text,true,,259,1113,12,12,116,0,0
1789340520042,133,POST /documents,200,OK,Create Document - carga 1-10,text,true,,259,1113,12,12,133,0,0
1789340520082,104,POST /documents,200,OK,Create Document - carga 1-7,text,true,,259,1113,12,12,103,0,0
1789340520080,106,POST /documents,200,OK,Create Document - carga 1-2,text,true,,259,1113,12,12,106,0,0
1789340520091,105,POST /documents,200,OK,Create Document - carga 1-12,text,true,,259,1113,12,12,105,0,0
1789340520081,116,POST /documents,200,OK,Create Document - carga 1-11,text,true,,259,1113,12,12,115,0,0
1789340520105,112,POST /documents,200,OK,Create Document - carga 1-5,text,true,,259,1113,12,12,112,0,0
1789340520105,121,POST /documents,200,OK,Create Document - carga 1-6,text,true,,259,1113,12,12,121,0,0
1789340520195,124,POST /documents,200,OK,Create Document - carga 1-8,text,true,,259,1113,12,12,124,0,0
1789340520209,111,POST /documents,200,OK,Create Document - carga 1-10,text,true,,259,1113,12,12,111,0,0
1789340520187,146,POST /documents,200,OK,Create Document - carga 1-9,text,true,,259,1113,12,12,146,0,0
1789340520167,183,POST /documents,200,OK,Create Document - carga 1-13,text,true,,259,1113,12,12,183,0,0
1789340520231,120,POST /documents,200,OK,Create Document - carga 1-11,text,true,,259,1113,12,12,120,0,0
1789340520260,120,POST /documents,200,OK,Create Document - carga 1-12,text,true,,259,1113,12,12,120,0,0
1789340520250,130,POST /documents,200,OK,Create Document - carga 1-5,text,true,,259,1113,12,12,130,0,0
1789340520226,212,POST /documents,200,OK,Create Document - carga 1-3,text,true,,259,1113,12,12,212,0,0
1789340520243,199,POST /documents,200,OK,Create Document - carga 1-7,text,true,,259,1113,12,12,199,0,0
1789340520245,203,POST /documents,200,OK,Create Document - carga 1-2,text,true,,259,1113,12,12,203,0,0
1789340520201,248,POST /documents,200,OK,Create Document - carga 1-4,text,true,,259,1113,12,12,248,0,0
1789340520267,194,POST /documents,200,OK,Create Document - carga 1-6,text,true,,259,1113,12,12,194,0,0
1789340520355,129,POST /documents,200,OK,Create Document - carga 1-13,text,true,,259,1113,12,12,128,0,0
1789340520354,163,POST /documents,200,OK,Create Document - carga 1-8,text,true,,259,1113,12,12,163,0,0
1789340520418,108,POST /documents,200,OK,Create Document - carga 1-10,text,true,,259,1113,12,12,108,0,0
1789340520406,151,POST /documents,200,OK,Create Document - carga 1-12,text,true,,259,1113,12,12,151,0,0
1789340520401,163,POST /documents,200,OK,Create Document - carga 1-11,text,true,,259,1113,12,12,163,0,0
1789340520456,134,POST /documents,200,OK,Create Document - carga 1-2,text,true,,259,1113,12,12,134,0,0
1789340520469,124,POST /documents,200,OK,Create Document - carga 1-6,text,true,,259,1113,12,12,124,0,0
1789340520424,180,POST /documents,200,OK,Create Document - carga 1-9,text,true,,259,1113,12,12,180,0,0
1789340520470,144,POST /documents,200,OK,Create Document - carga 1-5,text,true,,259,1113,12,12,143,0,0
1789340520496,123,POST /documents,200,OK,Create Document - carga 1-3,text,true,,259,1113,12,12,123,0,0
1789340520473,177,POST /documents,200,OK,Create Document - carga 1-7,text,true,,259,1113,12,12,176,0,0
1789340520537,139,POST /documents,200,OK,Create Document - carga 1-4,text,true,,259,1113,12,12,138,0,0
1789340520572,107,POST /documents,200,OK,Create Document - carga 1-10,text,true,,259,1113,12,12,107,0,0
1789340520560,157,POST /documents,200,OK,Create Document - carga 1-12,text,true,,259,1113,12,12,157,0,0
1789340520553,168,POST /documents,200,OK,Create Document - carga 1-13,text,true,,259,1113,12,12,168,0,0
1789340520611,110,POST /documents,200,OK,Create Document - carga 1-6,text,true,,259,1113,12,12,110,0,0
1789340520629,124,POST /documents,200,OK,Create Document - carga 1-11,text,true,,259,1113,12,12,124,0,0
1789340520651,103,POST /documents,200,OK,Create Document - carga 1-2,text,true,,259,1113,12,12,103,0,0
1789340520653,103,POST /documents,200,OK,Create Document - carga 1-7,text,true,,259,1113,12,12,103,0,0
1789340520597,162,POST /documents,200,OK,Create Document - carga 1-8,text,true,,259,1113,12,12,162,0,0
1789340520692,107,POST /documents,200,OK,Create Document - carga 1-3,text,true,,259,1113,12,12,107,0,0
1789340520681,141,POST /documents,200,OK,Create Document - carga 1-9,text,true,,259,1113,12,12,141,0,0
1789340520684,138,POST /documents,200,OK,Create Document - carga 1-5,text,true,,259,1113,12,12,138,0,0
1789340520733,115,POST /documents,200,OK,Create Document - carga 1-4,text,true,,259,1113,12,12,114,0,0
1789340520735,121,POST /documents,200,OK,Create Document - carga 1-10,text,true,,259,1113,12,12,121,0,0
1789340520808,107,POST /documents,200,OK,Create Document - carga 1-8,text,true,,259,1113,12,12,107,0,0
1789340520773,143,POST /documents,200,OK,Create Document - carga 1-2,text,true,,259,1113,12,12,143,0,0
1789340520773,154,POST /documents,200,OK,Create Document - carga 1-11,text,true,,259,1113,11,11,154,0,0
1789340520777,161,POST /documents,200,OK,Create Document - carga 1-13,text,true,,259,1113,11,11,108,0,0
1789340520785,165,POST /documents,200,OK,Create Document - carga 1-7,text,true,,259,1113,11,11,165,0,0
1789340520803,157,POST /documents,200,OK,Create Document - carga 1-12,text,true,,259,1113,11,11,157,0,0
1789340520792,170,POST /documents,200,OK,Create Document - carga 1-6,text,true,,259,1113,11,11,169,0,0
1789340520864,107,POST /documents,200,OK,Create Document - carga 1-10,text,true,,259,1113,11,11,107,0,0
1789340520901,103,POST /documents,200,OK,Create Document - carga 1-5,text,true,,259,1113,11,11,103,0,0
1789340520861,152,POST /documents,200,OK,Create Document - carga 1-3,text,true,,259,1113,11,11,152,0,0
1789340520923,115,POST /documents,200,OK,Create Document - carga 1-4,text,true,,259,1113,11,11,115,0,0
1789340520951,104,POST /documents,200,OK,Create Document - carga 1-13,text,true,,259,1113,11,11,104,0,0
1789340520914,167,POST /documents,200,OK,Create Document - carga 1-9,text,true,,259,1113,11,11,166,0,0
1789340520951,155,POST /documents,200,OK,Create Document - carga 1-8,text,true,,259,1113,11,11,154,0,0
1789340521022,108,POST /documents,200,OK,Create Document - carga 1-6,text,true,,259,1113,11,11,108,0,0
1789340521013,117,POST /documents,200,OK,Create Document - carga 1-7,text,true,,259,1113,11,11,117,0,0
1789340520959,197,POST /documents,200,OK,Create Document - carga 1-11,text,true,,259,1113,11,11,197,0,0
1789340520992,168,POST /documents,200,OK,Create Document - carga 1-12,text,true,,259,1113,11,11,168,0,0
1789340521073,110,POST /documents,200,OK,Create Document - carga 1-13,text,true,,259,1113,11,11,110,0,0
1789340521077,112,POST /documents,200,OK,Create Document - carga 1-4,text,true,,259,1113,11,11,112,0,0
1789340521096,105,POST /documents,200,OK,Create Document - carga 1-3,text,true,,259,1113,11,11,105,0,0
1789340521131,108,POST /documents,200,OK,Create Document - carga 1-8,text,true,,259,1113,11,11,108,0,0
1789340521061,182,POST /documents,200,OK,Create Document - carga 1-5,text,true,,259,1113,11,11,182,0,0
1789340521062,184,POST /documents,200,OK,Create Document - carga 1-10,text,true,,259,1113,11,11,184,0,0
1789340521157,123,POST /documents,200,OK,Create Document - carga 1-9,text,true,,259,1113,11,11,123,0,0
1789340521178,112,POST /documents,200,OK,Create Document - carga 1-6,text,true,,259,1113,11,11,111,0,0
1789340521186,104,POST /documents,200,OK,Create Document - carga 1-12,text,true,,259,1113,11,11,104,0,0
1789340521211,112,POST /documents,200,OK,Create Document - carga 1-7,text,true,,259,1113,11,11,111,0,0
1789340521200,127,POST /documents,200,OK,Create Document - carga 1-11,text,true,,259,1113,11,11,127,0,0
1789340521226,113,POST /documents,200,OK,Create Document - carga 1-4,text,true,,259,1113,11,11,113,0,0
1789340521251,109,POST /documents,200,OK,Create Document - carga 1-13,text,true,,259,1113,11,11,109,0,0
1789340521300,105,POST /documents,200,OK,Create Document - carga 1-5,text,true,,259,1113,12,12,105,0,0
1789340521321,120,POST /documents,200,OK,Create Document - carga 1-9,text,true,,259,1113,12,12,120,0,0
1789340521332,122,POST /documents,200,OK,Create Document - carga 1-11,text,true,,259,1113,12,12,122,0,0
1789340521346,110,POST /documents,200,OK,Create Document - carga 1-4,text,true,,259,1113,12,12,109,0,0
1789340521353,102,POST /documents,200,OK,Create Document - carga 1-12,text,true,,259,1113,12,12,102,0,0
1789340521316,140,POST /documents,200,OK,Create Document - carga 1-8,text,true,,259,1113,12,12,140,0,0
1789340521294,163,POST /documents,200,OK,Create Document - carga 1-3,text,true,,259,1113,12,12,162,0,0
1789340521300,158,POST /documents,200,OK,Create Document - carga 1-10,text,true,,259,1113,12,12,158,0,0
1789340521447,105,POST /documents,200,OK,Create Document - carga 1-13,text,true,,259,1113,12,12,105,0,0
1789340521449,108,POST /documents,200,OK,Create Document - carga 1-5,text,true,,259,1113,12,12,103,0,0
1789340521379,181,POST /documents,200,OK,Create Document - carga 1-7,text,true,,259,1113,12,12,180,0,0
1789340521381,180,POST /documents,200,OK,Create Document - carga 1-6,text,true,,259,1113,12,12,180,0,0
1789340521470,108,POST /documents,200,OK,Create Document - carga 1-8,text,true,,259,1113,12,12,108,0,0
1789340521486,108,POST /documents,200,OK,Create Document - carga 1-10,text,true,,259,1113,12,12,108,0,0
1789340521498,119,POST /documents,200,OK,Create Document - carga 1-9,text,true,,259,1113,12,12,119,0,0
1789340521503,157,POST /documents,200,OK,Create Document - carga 1-3,text,true,,259,1113,12,12,157,0,0
1789340521538,122,POST /documents,200,OK,Create Document - carga 1-12,text,true,,259,1113,12,12,122,0,0
1789340521505,167,POST /documents,200,OK,Create Document - carga 1-11,text,true,,259,1113,12,12,167,0,0
1789340521532,142,POST /documents,200,OK,Create Document - carga 1-4,text,true,,259,1113,12,12,142,0,0
1789340521388,302,POST /documents,200,OK,Create Document - carga 1-14,text,true,,259,1113,12,12,302,0,189
1789340521611,106,POST /documents,200,OK,Create Document - carga 1-6,text,true,,259,1113,12,12,106,0,0
1789340521636,109,POST /documents,200,OK,Create Document - carga 1-10,text,true,,259,1113,12,12,109,0,0
1789340521641,115,POST /documents,200,OK,Create Document - carga 1-5,text,true,,259,1113,12,12,115,0,0
1789340521621,149,POST /documents,200,OK,Create Document - carga 1-13,text,true,,259,1113,12,12,149,0,0
1789340521669,104,POST /documents,200,OK,Create Document - carga 1-8,text,true,,259,1113,12,12,104,0,0
1789340521696,116,POST /documents,200,OK,Create Document - carga 1-11,text,true,,259,1113,12,12,116,0,0
1789340521629,184,POST /documents,200,OK,Create Document - carga 1-7,text,true,,259,1113,12,12,184,0,0
1789340521696,128,POST /documents,200,OK,Create Document - carga 1-4,text,true,,259,1113,12,12,128,0,0
1789340521716,108,POST /documents,200,OK,Create Document - carga 1-14,text,true,,259,1113,12,12,108,0,0
1789340521732,105,POST /documents,200,OK,Create Document - carga 1-3,text,true,,259,1113,12,12,105,0,0
1789340521716,121,POST /documents,200,OK,Create Document - carga 1-9,text,true,,259,1113,12,12,121,0,0
1789340521784,119,POST /documents,200,OK,Create Document - carga 1-5,text,true,,259,1113,12,12,119,0,0
1789340521738,183,POST /documents,200,OK,Create Document - carga 1-12,text,true,,259,1113,12,12,183,0,0
1789340521777,145,POST /documents,200,OK,Create Document - carga 1-6,text,true,,259,1113,12,12,145,0,0
1789340521840,110,POST /documents,200,OK,Create Document - carga 1-13,text,true,,259,1113,12,12,110,0,0
1789340521841,109,POST /documents,200,OK,Create Document - carga 1-10,text,true,,259,1113,12,12,109,0,0
1789340521861,110,POST /documents,200,OK,Create Document - carga 1-8,text,true,,259,1113,12,12,110,0,0
1789340521848,159,POST /documents,200,OK,Create Document - carga 1-7,text,true,,259,1113,12,12,159,0,0
1789340521844,163,POST /documents,200,OK,Create Document - carga 1-3,text,true,,259,1113,12,12,163,0,0
1789340521897,118,POST /documents,200,OK,Create Document - carga 1-14,text,true,,259,1113,12,12,118,0,0
1789340521877,141,POST /documents,200,OK,Create Document - carga 1-11,text,true,,259,1113,12,12,140,0,0
1789340521910,115,POST /documents,200,OK,Create Document - carga 1-4,text,true,,259,1113,12,12,115,0,0
1789340521894,134,POST /documents,200,OK,Create Document - carga 1-9,text,true,,259,1113,12,12,134,0,0
1789340521916,128,POST /documents,200,OK,Create Document - carga 1-5,text,true,,259,1113,12,12,128,0,0
1789340521968,107,POST /documents,200,OK,Create Document - carga 1-6,text,true,,259,1113,12,12,107,0,0
1789340521981,109,POST /documents,200,OK,Create Document - carga 1-12,text,true,,259,1113,12,12,109,0,0
1789340522007,111,POST /documents,200,OK,Create Document - carga 1-10,text,true,,259,1113,12,12,111,0,0
1789340522032,106,POST /documents,200,OK,Create Document - carga 1-13,text,true,,259,1113,12,12,106,0,0
1789340522032,128,POST /documents,200,OK,Create Document - carga 1-9,text,true,,259,1113,12,12,128,0,0
1789340522059,111,POST /documents,200,OK,Create Document - carga 1-8,text,true,,259,1113,12,12,111,0,0
1789340522052,118,POST /documents,200,OK,Create Document - carga 1-4,text,true,,259,1113,12,12,118,0,0
1789340522055,122,POST /documents,200,OK,Create Document - carga 1-11,text,true,,259,1113,12,12,122,0,0
1789340522043,135,POST /documents,200,OK,Create Document - carga 1-7,text,true,,259,1113,12,12,135,0,0
1789340522103,106,POST /documents,200,OK,Create Document - carga 1-6,text,true,,259,1113,12,12,104,0,0
1789340522111,104,POST /documents,200,OK,Create Document - carga 1-14,text,true,,259,1113,12,12,104,0,0
1789340522120,103,POST /documents,200,OK,Create Document - carga 1-5,text,true,,259,1113,12,12,103,0,0
1789340522092,166,POST /documents,200,OK,Create Document - carga 1-3,text,true,,259,1113,12,12,166,0,0
1789340522143,115,POST /documents,200,OK,Create Document - carga 1-12,text,true,,259,1113,12,12,115,0,0
1789340522169,115,POST /documents,200,OK,Create Document - carga 1-13,text,true,,259,1113,12,12,115,0,0
1789340522181,126,POST /documents,200,OK,Create Document - carga 1-11,text,true,,259,1113,12,12,126,0,0
1789340522200,107,POST /documents,200,OK,Create Document - carga 1-10,text,true,,259,1113,12,12,107,0,0
1789340522205,124,POST /documents,200,OK,Create Document - carga 1-9,text,true,,259,1113,12,12,124,0,0
1789340522215,114,POST /documents,200,OK,Create Document - carga 1-6,text,true,,259,1113,12,12,114,0,0
1789340522226,114,POST /documents,200,OK,Create Document - carga 1-4,text,true,,259,1113,12,12,114,0,0
1789340522241,108,POST /documents,200,OK,Create Document - carga 1-8,text,true,,259,1113,12,12,108,0,0
1789340522234,127,POST /documents,200,OK,Create Document - carga 1-7,text,true,,259,1113,12,12,127,0,0
1789340522271,107,POST /documents,200,OK,Create Document - carga 1-12,text,true,,259,1113,12,12,107,0,0
1789340522268,113,POST /documents,200,OK,Create Document - carga 1-5,text,true,,259,1113,12,12,112,0,0
1789340522291,107,POST /documents,200,OK,Create Document - carga 1-14,text,true,,259,1113,12,12,107,0,0
1789340522275,179,POST /documents,200,OK,Create Document - carga 1-3,text,true,,259,1113,12,12,179,0,0
1789340522354,105,POST /documents,200,OK,Create Document - carga 1-10,text,true,,259,1113,12,12,105,0,0
1789340522342,121,POST /documents,200,OK,Create Document - carga 1-11,text,true,,259,1113,12,12,120,0,0
1789340522348,117,POST /documents,200,OK,Create Document - carga 1-4,text,true,,259,1113,12,12,117,0,0
1789340522420,112,POST /documents,200,OK,Create Document - carga 1-7,text,true,,259,1113,12,12,112,0,0
1789340522408,124,POST /documents,200,OK,Create Document - carga 1-9,text,true,,259,1113,12,12,124,0,0
1789340522439,103,POST /documents,200,OK,Create Document - carga 1-8,text,true,,259,1113,12,12,103,0,0
1789340522373,178,POST /documents,200,OK,Create Document - carga 1-13,text,true,,259,1113,12,12,178,0,0
1789340522442,115,POST /documents,200,OK,Create Document - carga 1-5,text,true,,259,1113,12,12,115,0,0
1789340522404,154,POST /documents,200,OK,Create Document - carga 1-6,text,true,,259,1113,12,12,153,0,0
1789340522389,174,POST /documents,200,OK,Create Document - carga 1-12,text,true,,259,1113,12,12,174,0,0
1789340522497,203,POST /documents,200,OK,Create Document - carga 1-14,text,true,,259,1113,12,12,203,0,0
1789340522548,152,POST /documents,200,OK,Create Document - carga 1-4,text,true,,259,1113,12,12,152,0,0
1789340522492,208,POST /documents,200,OK,Create Document - carga 1-3,text,true,,259,1113,12,12,208,0,0
1789340522548,152,POST /documents,200,OK,Create Document - carga 1-11,text,true,,259,1113,12,12,152,0,0
1789340522545,156,POST /documents,200,OK,Create Document - carga 1-10,text,true,,259,1113,12,12,156,0,0
1789340522580,121,POST /documents,200,OK,Create Document - carga 1-8,text,true,,259,1113,12,12,121,0,0
1789340522603,114,POST /documents,200,OK,Create Document - carga 1-7,text,true,,259,1113,12,12,114,0,0
1789340522609,108,POST /documents,200,OK,Create Document - carga 1-13,text,true,,259,1113,12,12,108,0,0
1789340522615,103,POST /documents,200,OK,Create Document - carga 1-6,text,true,,259,1113,12,12,103,0,0
1789340522617,120,POST /documents,200,OK,Create Document - carga 1-9,text,true,,259,1113,12,12,120,0,0
1789340522634,118,POST /documents,200,OK,Create Document - carga 1-12,text,true,,259,1113,12,12,117,0,0
1789340522645,113,POST /documents,200,OK,Create Document - carga 1-5,text,true,,259,1113,12,12,113,0,0
1789340522707,113,POST /documents,200,OK,Create Document - carga 1-10,text,true,,259,1113,12,12,113,0,0
1789340522729,120,POST /documents,200,OK,Create Document - carga 1-4,text,true,,259,1113,12,12,120,0,0
1789340522743,111,POST /documents,200,OK,Create Document - carga 1-13,text,true,,259,1113,12,12,111,0,0
1789340522767,116,POST /documents,200,OK,Create Document - carga 1-8,text,true,,259,1113,12,12,116,0,0
1789340522777,115,POST /documents,200,OK,Create Document - carga 1-6,text,true,,259,1113,12,12,115,0,0
1789340522788,104,POST /documents,200,OK,Create Document - carga 1-12,text,true,,259,1113,12,12,104,0,0
1789340522799,104,POST /documents,200,OK,Create Document - carga 1-14,text,true,,259,1113,12,12,104,0,0
1789340522791,112,POST /documents,200,OK,Create Document - carga 1-3,text,true,,259,1113,12,12,112,0,0
1789340522793,110,POST /documents,200,OK,Create Document - carga 1-7,text,true,,259,1113,12,12,110,0,0
1789340522796,118,POST /documents,200,OK,Create Document - carga 1-11,text,true,,259,1113,11,11,118,0,0
1789340522809,123,POST /documents,200,OK,Create Document - carga 1-9,text,true,,259,1113,11,11,123,0,0
1789340522854,104,POST /documents,200,OK,Create Document - carga 1-5,text,true,,259,1113,11,11,104,0,0
1789340522896,112,POST /documents,200,OK,Create Document - carga 1-8,text,true,,259,1113,11,11,112,0,0
1789340522904,105,POST /documents,200,OK,Create Document - carga 1-12,text,true,,259,1113,11,11,105,0,0
1789340522910,107,POST /documents,200,OK,Create Document - carga 1-7,text,true,,259,1113,11,11,107,0,0
1789340522908,111,POST /documents,200,OK,Create Document - carga 1-10,text,true,,259,1113,11,11,111,0,0
1789340522914,116,POST /documents,200,OK,Create Document - carga 1-6,text,true,,259,1113,11,11,116,0,0
1789340522937,110,POST /documents,200,OK,Create Document - carga 1-14,text,true,,259,1113,11,11,110,0,0
1789340522944,111,POST /documents,200,OK,Create Document - carga 1-13,text,true,,259,1113,11,11,111,0,0
1789340522948,115,POST /documents,200,OK,Create Document - carga 1-4,text,true,,259,1113,11,11,115,0,0
1789340522969,121,POST /documents,200,OK,Create Document - carga 1-9,text,true,,259,1113,11,11,121,0,0
1789340523003,112,POST /documents,200,OK,Create Document - carga 1-5,text,true,,259,1113,11,11,112,0,0
1789340523003,125,POST /documents,200,OK,Create Document - carga 1-11,text,true,,259,1113,11,11,125,0,0
1789340523039,106,POST /documents,200,OK,Create Document - carga 1-7,text,true,,259,1113,11,11,106,0,0
1789340523045,111,POST /documents,200,OK,Create Document - carga 1-10,text,true,,259,1113,11,11,111,0,0
1789340523059,105,POST /documents,200,OK,Create Document - carga 1-13,text,true,,259,1113,11,11,105,0,0
1789340523068,110,POST /documents,200,OK,Create Document - carga 1-12,text,true,,259,1113,11,11,110,0,0
1789340523072,106,POST /documents,200,OK,Create Document - carga 1-14,text,true,,259,1113,11,11,106,0,0
1789340523096,113,POST /documents,200,OK,Create Document - carga 1-8,text,true,,259,1113,11,11,112,0,0
1789340523111,102,POST /documents,200,OK,Create Document - carga 1-6,text,true,,259,1113,11,11,102,0,0
1789340523097,125,POST /documents,200,OK,Create Document - carga 1-9,text,true,,259,1113,11,11,122,0,0
1789340523163,118,POST /documents,200,OK,Create Document - carga 1-4,text,true,,259,1113,11,11,118,0,0
1789340523195,106,POST /documents,200,OK,Create Document - carga 1-5,text,true,,259,1113,11,11,106,0,0
1789340523211,115,POST /documents,200,OK,Create Document - carga 1-7,text,true,,259,1113,11,11,115,0,0
1789340523217,109,POST /documents,200,OK,Create Document - carga 1-13,text,true,,259,1113,11,11,109,0,0
1789340523207,125,POST /documents,200,OK,Create Document - carga 1-11,text,true,,259,1113,11,11,125,0,0
1789340523237,109,POST /documents,200,OK,Create Document - carga 1-8,text,true,,259,1113,11,11,109,0,0
1789340523242,108,POST /documents,200,OK,Create Document - carga 1-10,text,true,,259,1113,11,11,108,0,0
1789340523248,106,POST /documents,200,OK,Create Document - carga 1-12,text,true,,259,1113,11,11,106,0,0
1789340523258,107,POST /documents,200,OK,Create Document - carga 1-14,text,true,,259,1113,11,11,107,0,0
1789340523251,123,POST /documents,200,OK,Create Document - carga 1-9,text,true,,259,1113,12,12,121,0,0
1789340523268,107,POST /documents,200,OK,Create Document - carga 1-6,text,true,,259,1113,12,12,107,0,0
1789340523291,118,POST /documents,200,OK,Create Document - carga 1-4,text,true,,259,1113,12,12,118,0,0
1789340523312,106,POST /documents,200,OK,Create Document - carga 1-5,text,true,,259,1113,12,12,106,0,0
1789340523340,109,POST /documents,200,OK,Create Document - carga 1-7,text,true,,259,1113,12,12,109,0,0
1789340523344,112,POST /documents,200,OK,Create Document - carga 1-13,text,true,,259,1113,12,12,112,0,0
1789340523356,112,POST /documents,200,OK,Create Document - carga 1-12,text,true,,259,1113,12,12,112,0,0
1789340523371,121,POST /documents,200,OK,Create Document - carga 1-10,text,true,,259,1113,12,12,121,0,0
1789340523387,110,POST /documents,200,OK,Create Document - carga 1-6,text,true,,259,1113,12,12,110,0,0
1789340523388,110,POST /documents,200,OK,Create Document - carga 1-14,text,true,,259,1113,12,12,110,0,0
1789340523417,120,POST /documents,200,OK,Create Document - carga 1-11,text,true,,259,1113,12,12,120,0,0
1789340523430,122,POST /documents,200,OK,Create Document - carga 1-5,text,true,,259,1113,12,12,122,0,0
1789340523444,108,POST /documents,200,OK,Create Document - carga 1-8,text,true,,259,1113,12,12,108,0,0
1789340523431,121,POST /documents,200,OK,Create Document - carga 1-9,text,true,,259,1113,12,12,121,0,0
1789340523467,111,POST /documents,200,OK,Create Document - carga 1-7,text,true,,259,1113,12,12,111,0,0
1789340523474,112,POST /documents,200,OK,Create Document - carga 1-4,text,true,,259,1113,12,12,112,0,0
1789340523474,114,POST /documents,200,OK,Create Document - carga 1-12,text,true,,259,1113,12,12,114,0,0
1789340523501,106,POST /documents,200,OK,Create Document - carga 1-14,text,true,,259,1113,12,12,106,0,0
1789340523506,102,POST /documents,200,OK,Create Document - carga 1-6,text,true,,259,1113,12,12,102,0,0
1789340523551,148,POST /documents,200,OK,Create Document - carga 1-10,text,true,,259,1113,12,12,148,0,0
1789340523588,112,POST /documents,200,OK,Create Document - carga 1-5,text,true,,259,1113,12,12,112,0,0
1789340523546,153,POST /documents,200,OK,Create Document - carga 1-13,text,true,,259,1113,12,12,153,0,0
1789340523379,321,POST /documents,200,OK,Create Document - carga 1-15,text,true,,259,1113,12,12,321,0,190
1789340523599,112,POST /documents,200,OK,Create Document - carga 1-12,text,true,,259,1113,12,12,112,0,0
1789340523608,111,POST /documents,200,OK,Create Document - carga 1-7,text,true,,259,1113,12,12,110,0,0
1789340523603,121,POST /documents,200,OK,Create Document - carga 1-9,text,true,,259,1113,12,12,121,0,0
1789340523644,108,POST /documents,200,OK,Create Document - carga 1-14,text,true,,259,1113,12,12,108,0,0
1789340523650,116,POST /documents,200,OK,Create Document - carga 1-4,text,true,,259,1113,12,12,116,0,0
1789340523619,158,POST /documents,200,OK,Create Document - carga 1-6,text,true,,259,1113,11,11,158,0,0
1789340523637,171,POST /documents,200,OK,Create Document - carga 1-8,text,true,,259,1113,11,11,171,0,0
1789340523634,186,POST /documents,200,OK,Create Document - carga 1-11,text,true,,259,1113,11,11,186,0,0
1789340523730,118,POST /documents,200,OK,Create Document - carga 1-12,text,true,,259,1113,11,11,118,0,0
1789340523735,148,POST /documents,200,OK,Create Document - carga 1-13,text,true,,259,1113,11,11,148,0,0
1789340523735,157,POST /documents,200,OK,Create Document - carga 1-15,text,true,,259,1113,11,11,157,0,0
1789340523747,146,POST /documents,200,OK,Create Document - carga 1-10,text,true,,259,1113,11,11,145,0,0
1789340523798,106,POST /documents,200,OK,Create Document - carga 1-5,text,true,,259,1113,11,11,106,0,0
1789340523792,137,POST /documents,200,OK,Create Document - carga 1-9,text,true,,259,1113,10,10,137,0,0
1789340523823,112,POST /documents,200,OK,Create Document - carga 1-6,text,true,,259,1113,10,10,112,0,0
1789340523838,112,POST /documents,200,OK,Create Document - carga 1-14,text,true,,259,1113,10,10,112,0,0
1789340523817,157,POST /documents,200,OK,Create Document - carga 1-7,text,true,,259,1113,10,10,156,0,0
1789340523864,122,POST /documents,200,OK,Create Document - carga 1-11,text,true,,259,1113,10,10,122,0,0
1789340523856,144,POST /documents,200,OK,Create Document - carga 1-8,text,true,,259,1113,10,10,144,0,0
1789340523921,113,POST /documents,200,OK,Create Document - carga 1-12,text,true,,259,1113,10,10,112,0,0
1789340523966,114,POST /documents,200,OK,Create Document - carga 1-13,text,true,,259,1113,10,10,113,0,0
1789340523960,131,POST /documents,200,OK,Create Document - carga 1-15,text,true,,259,1113,10,10,130,0,0
1789340523992,102,POST /documents,200,OK,Create Document - carga 1-6,text,true,,259,1113,10,10,102,0,0
1789340523994,108,POST /documents,200,OK,Create Document - carga 1-7,text,true,,259,1113,10,10,108,0,0
1789340523942,164,POST /documents,200,OK,Create Document - carga 1-9,text,true,,259,1113,10,10,162,0,0
1789340523981,135,POST /documents,200,OK,Create Document - carga 1-10,text,true,,259,1113,10,10,135,0,0
1789340524005,160,POST /documents,200,OK,Create Document - carga 1-14,text,true,,259,1113,10,10,159,0,0
1789340524044,145,POST /documents,200,OK,Create Document - carga 1-12,text,true,,259,1113,10,10,145,0,0
1789340524044,159,POST /documents,200,OK,Create Document - carga 1-11,text,true,,259,1113,10,10,159,0,0
1789340524089,114,POST /documents,200,OK,Create Document - carga 1-8,text,true,,259,1113,10,10,114,0,0
1789340524103,103,POST /documents,200,OK,Create Document - carga 1-15,text,true,,259,1113,10,10,103,0,0
1789340524132,110,POST /documents,200,OK,Create Document - carga 1-7,text,true,,259,1113,10,10,110,0,0
1789340524139,114,POST /documents,200,OK,Create Document - carga 1-6,text,true,,259,1113,10,10,114,0,0
1789340524165,110,POST /documents,200,OK,Create Document - carga 1-13,text,true,,259,1113,9,9,110,0,0
1789340524175,109,POST /documents,200,OK,Create Document - carga 1-14,text,true,,259,1113,9,9,109,0,0
1789340524174,128,POST /documents,200,OK,Create Document - carga 1-9,text,true,,259,1113,9,9,127,0,0
1789340524190,116,POST /documents,200,OK,Create Document - carga 1-10,text,true,,259,1113,9,9,116,0,0
1789340524197,113,POST /documents,200,OK,Create Document - carga 1-12,text,true,,259,1113,9,9,113,0,0
1789340524211,111,POST /documents,200,OK,Create Document - carga 1-15,text,true,,259,1113,9,9,111,0,0
1789340524226,106,POST /documents,200,OK,Create Document - carga 1-8,text,true,,259,1113,9,9,106,0,0
1789340524285,123,POST /documents,200,OK,Create Document - carga 1-11,text,true,,259,1113,9,9,123,0,0
1789340524309,107,POST /documents,200,OK,Create Document - carga 1-7,text,true,,259,1113,9,9,107,0,0
1789340524303,125,POST /documents,200,OK,Create Document - carga 1-9,text,true,,259,1113,9,9,125,0,0
1789340524373,112,POST /documents,200,OK,Create Document - carga 1-8,text,true,,259,1113,9,9,112,0,0
1789340524377,108,POST /documents,200,OK,Create Document - carga 1-15,text,true,,259,1113,9,9,108,0,0
1789340524380,109,POST /documents,200,OK,Create Document - carga 1-14,text,true,,259,1113,9,9,109,0,0
1789340524340,170,POST /documents,200,OK,Create Document - carga 1-13,text,true,,259,1113,9,9,170,0,0
1789340524402,109,POST /documents,200,OK,Create Document - carga 1-10,text,true,,259,1113,9,9,108,0,0
1789340524347,177,POST /documents,200,OK,Create Document - carga 1-12,text,true,,259,1113,9,9,176,0,0
1789340524411,130,POST /documents,200,OK,Create Document - carga 1-11,text,true,,259,1113,9,9,130,0,0
1789340524493,113,POST /documents,200,OK,Create Document - carga 1-7,text,true,,259,1113,9,9,113,0,0
1789340524450,157,POST /documents,200,OK,Create Document - carga 1-9,text,true,,259,1113,9,9,157,0,0
1789340524491,130,POST /documents,200,OK,Create Document - carga 1-14,text,true,,259,1113,9,9,130,0,0
1789340524495,126,POST /documents,200,OK,Create Document - carga 1-15,text,true,,259,1113,9,9,126,0,0
1789340524521,111,POST /documents,200,OK,Create Document - carga 1-10,text,true,,259,1113,9,9,110,0,0
1789340524541,107,POST /documents,200,OK,Create Document - carga 1-12,text,true,,259,1113,9,9,107,0,0
1789340524546,112,POST /documents,200,OK,Create Document - carga 1-13,text,true,,259,1113,9,9,112,0,0
1789340524552,129,POST /documents,200,OK,Create Document - carga 1-8,text,true,,259,1113,9,9,129,0,0
1789340524625,121,POST /documents,200,OK,Create Document - carga 1-11,text,true,,259,1113,9,9,121,0,0
1789340524641,123,POST /documents,200,OK,Create Document - carga 1-9,text,true,,259,1113,9,9,123,0,0
1789340524676,111,POST /documents,200,OK,Create Document - carga 1-12,text,true,,259,1113,9,9,111,0,0
1789340524654,133,POST /documents,200,OK,Create Document - carga 1-7,text,true,,259,1113,9,9,133,0,0
1789340524695,110,POST /documents,200,OK,Create Document - carga 1-14,text,true,,259,1113,9,9,110,0,0
1789340524685,120,POST /documents,200,OK,Create Document - carga 1-15,text,true,,259,1113,9,9,120,0,0
1789340524724,109,POST /documents,200,OK,Create Document - carga 1-13,text,true,,259,1113,9,9,109,0,0
1789340524727,108,POST /documents,200,OK,Create Document - carga 1-8,text,true,,259,1113,9,9,108,0,0
1789340524729,115,POST /documents,200,OK,Create Document - carga 1-10,text,true,,259,1113,9,9,109,0,0
1789340524776,144,POST /documents,200,OK,Create Document - carga 1-9,text,true,,259,1113,9,9,144,0,0
1789340524784,136,POST /documents,200,OK,Create Document - carga 1-11,text,true,,259,1113,9,9,136,0,0
1789340524837,114,POST /documents,200,OK,Create Document - carga 1-12,text,true,,259,1113,9,9,114,0,0
1789340524887,109,POST /documents,200,OK,Create Document - carga 1-8,text,true,,259,1113,9,9,109,0,0
1789340524882,118,POST /documents,200,OK,Create Document - carga 1-14,text,true,,259,1113,9,9,118,0,0
1789340524820,184,POST /documents,200,OK,Create Document - carga 1-15,text,true,,259,1113,9,9,183,0,0
1789340524898,108,POST /documents,200,OK,Create Document - carga 1-10,text,true,,259,1113,9,9,108,0,0
1789340524834,234,POST /documents,200,OK,Create Document - carga 1-13,text,true,,259,1113,9,9,234,0,0
1789340524937,134,POST /documents,200,OK,Create Document - carga 1-11,text,true,,259,1113,9,9,133,0,0
1789340524953,123,POST /documents,200,OK,Create Document - carga 1-9,text,true,,259,1113,9,9,123,0,0
1789340524872,228,POST /documents,200,OK,Create Document - carga 1-7,text,true,,259,1113,9,9,228,0,0
1789340525064,117,POST /documents,200,OK,Create Document - carga 1-8,text,true,,259,1113,9,9,113,0,0
1789340525091,107,POST /documents,200,OK,Create Document - carga 1-15,text,true,,259,1113,9,9,107,0,0
1789340525046,171,POST /documents,200,OK,Create Document - carga 1-12,text,true,,259,1113,9,9,171,0,0
1789340525097,122,POST /documents,200,OK,Create Document - carga 1-11,text,true,,259,1113,9,9,122,0,0
1789340525114,112,POST /documents,200,OK,Create Document - carga 1-13,text,true,,259,1113,9,9,112,0,0
1789340525140,113,POST /documents,200,OK,Create Document - carga 1-7,text,true,,259,1113,9,9,113,0,0
1789340525037,227,POST /documents,200,OK,Create Document - carga 1-10,text,true,,259,1113,9,9,227,0,0
1789340525075,195,POST /documents,200,OK,Create Document - carga 1-14,text,true,,259,1113,9,9,195,0,0
1789340525157,122,POST /documents,200,OK,Create Document - carga 1-9,text,true,,259,1113,9,9,121,0,0
1789340525254,113,POST /documents,200,OK,Create Document - carga 1-12,text,true,,259,1113,9,9,113,0,0
1789340525273,114,POST /documents,200,OK,Create Document - carga 1-13,text,true,,259,1113,10,10,114,0,0
1789340525278,109,POST /documents,200,OK,Create Document - carga 1-8,text,true,,259,1113,10,10,109,0,0
1789340525286,113,POST /documents,200,OK,Create Document - carga 1-14,text,true,,259,1113,10,10,113,0,0
1789340525205,198,POST /documents,200,OK,Create Document - carga 1-15,text,true,,259,1113,10,10,198,0,0
1789340525309,109,POST /documents,200,OK,Create Document - carga 1-10,text,true,,259,1113,10,10,109,0,0
1789340525345,107,POST /documents,200,OK,Create Document - carga 1-7,text,true,,259,1113,10,10,107,0,0
1789340525227,257,POST /documents,200,OK,Create Document - carga 1-11,text,true,,259,1113,10,10,256,0,0
1789340525447,114,POST /documents,200,OK,Create Document - carga 1-14,text,true,,259,1113,10,10,114,0,0
1789340525394,175,POST /documents,200,OK,Create Document - carga 1-12,text,true,,259,1113,10,10,175,0,0
1789340525465,108,POST /documents,200,OK,Create Document - carga 1-15,text,true,,259,1113,10,10,108,0,0
1789340525373,206,POST /documents,200,OK,Create Document - carga 1-9,text,true,,259,1113,10,10,206,0,0
1789340525517,112,POST /documents,200,OK,Create Document - carga 1-10,text,true,,259,1113,10,10,112,0,0
1789340525461,183,POST /documents,200,OK,Create Document - carga 1-8,text,true,,259,1113,10,10,183,0,0
1789340525437,230,POST /documents,200,OK,Create Document - carga 1-13,text,true,,259,1113,10,10,230,0,0
1789340525502,171,POST /documents,200,OK,Create Document - carga 1-11,text,true,,259,1113,10,10,171,0,0
1789340525460,213,POST /documents,200,OK,Create Document - carga 1-7,text,true,,259,1113,10,10,213,0,0
1789340525379,307,POST /documents,200,OK,Create Document - carga 1-16,text,true,,259,1113,10,10,307,0,199
1789340525596,114,POST /documents,200,OK,Create Document - carga 1-14,text,true,,259,1113,10,10,114,0,0
1789340525619,118,POST /documents,200,OK,Create Document - carga 1-15,text,true,,259,1113,10,10,118,0,0
1789340525576,196,POST /documents,200,OK,Create Document - carga 1-12,text,true,,259,1113,10,10,194,0,0
1789340525706,110,POST /documents,200,OK,Create Document - carga 1-7,text,true,,259,1113,10,10,110,0,0
1789340525711,111,POST /documents,200,OK,Create Document - carga 1-13,text,true,,259,1113,10,10,111,0,0
1789340525707,124,POST /documents,200,OK,Create Document - carga 1-11,text,true,,259,1113,10,10,121,0,0
1789340525737,110,POST /documents,200,OK,Create Document - carga 1-8,text,true,,259,1113,10,10,110,0,0
1789340525682,188,POST /documents,200,OK,Create Document - carga 1-10,text,true,,259,1113,10,10,188,0,0
1789340525697,174,POST /documents,200,OK,Create Document - carga 1-16,text,true,,259,1113,10,10,174,0,0
1789340525635,244,POST /documents,200,OK,Create Document - carga 1-9,text,true,,259,1113,10,10,244,0,0
1789340525759,150,POST /documents,200,OK,Create Document - carga 1-15,text,true,,259,1113,10,10,150,0,0
1789340525809,115,POST /documents,200,OK,Create Document - carga 1-14,text,true,,259,1113,10,10,115,0,0
1789340525840,107,POST /documents,200,OK,Create Document - carga 1-13,text,true,,259,1113,10,10,107,0,0
1789340525836,117,POST /documents,200,OK,Create Document - carga 1-11,text,true,,259,1113,10,10,117,0,0
1789340525867,111,POST /documents,200,OK,Create Document - carga 1-12,text,true,,259,1113,10,10,111,0,0
1789340525880,117,POST /documents,200,OK,Create Document - carga 1-7,text,true,,259,1113,10,10,117,0,0
1789340525898,105,POST /documents,200,OK,Create Document - carga 1-8,text,true,,259,1113,10,10,105,0,0
1789340525909,113,POST /documents,200,OK,Create Document - carga 1-16,text,true,,259,1113,10,10,112,0,0
1789340525917,112,POST /documents,200,OK,Create Document - carga 1-10,text,true,,259,1113,10,10,112,0,0
1789340525955,124,POST /documents,200,OK,Create Document - carga 1-9,text,true,,259,1113,10,10,124,0,0
1789340525969,125,POST /documents,200,OK,Create Document - carga 1-11,text,true,,259,1113,10,10,124,0,0
1789340526041,109,POST /documents,200,OK,Create Document - carga 1-10,text,true,,259,1113,10,10,109,0,0
1789340526045,114,POST /documents,200,OK,Create Document - carga 1-12,text,true,,259,1113,10,10,113,0,0
1789340525975,190,POST /documents,200,OK,Create Document - carga 1-14,text,true,,259,1113,10,10,138,0,0
1789340525999,175,POST /documents,200,OK,Create Document - carga 1-13,text,true,,259,1113,10,10,175,0,0
1789340526086,111,POST /documents,200,OK,Create Document - carga 1-8,text,true,,259,1113,10,10,111,0,0
1789340526008,196,POST /documents,200,OK,Create Document - carga 1-15,text,true,,259,1113,10,10,196,0,0
1789340526047,161,POST /documents,200,OK,Create Document - carga 1-7,text,true,,259,1113,10,10,159,0,0
1789340526120,109,POST /documents,200,OK,Create Document - carga 1-16,text,true,,259,1113,10,10,109,0,0
1789340526110,125,POST /documents,200,OK,Create Document - carga 1-9,text,true,,259,1113,10,10,124,0,0
1789340526164,150,POST /documents,200,OK,Create Document - carga 1-10,text,true,,259,1113,10,10,150,0,0
1789340526236,106,POST /documents,200,OK,Create Document - carga 1-13,text,true,,259,1113,10,10,106,0,0
1789340526237,106,POST /documents,200,OK,Create Document - carga 1-12,text,true,,259,1113,10,10,106,0,0
1789340526238,108,POST /documents,200,OK,Create Document - carga 1-14,text,true,,259,1113,10,10,108,0,0
1789340526243,109,POST /documents,200,OK,Create Document - carga 1-7,text,true,,259,1113,10,10,109,0,0
1789340526294,116,POST /documents,200,OK,Create Document - carga 1-15,text,true,,259,1113,10,10,116,0,0
1789340526126,284,POST /documents,200,OK,Create Document - carga 1-11,text,true,,259,1113,10,10,284,0,0
1789340526214,197,POST /documents,200,OK,Create Document - carga 1-8,text,true,,259,1113,10,10,197,0,0
1789340526329,113,POST /documents,200,OK,Create Document - carga 1-16,text,true,,259,1113,10,10,113,0,0
1789340526273,204,POST /documents,200,OK,Create Document - carga 1-9,text,true,,259,1113,10,10,204,0,0
1789340526372,111,POST /documents,200,OK,Create Document - carga 1-10,text,true,,259,1113,10,10,111,0,0
1789340526390,104,POST /documents,200,OK,Create Document - carga 1-7,text,true,,259,1113,10,10,103,0,0
1789340526402,119,POST /documents,200,OK,Create Document - carga 1-12,text,true,,259,1113,10,10,118,0,0
1789340526412,109,POST /documents,200,OK,Create Document - carga 1-13,text,true,,259,1113,10,10,109,0,0
1789340526419,112,POST /documents,200,OK,Create Document - carga 1-14,text,true,,259,1113,10,10,111,0,0
1789340526423,109,POST /documents,200,OK,Create Document - carga 1-8,text,true,,259,1113,10,10,109,0,0
1789340526426,114,POST /documents,200,OK,Create Document - carga 1-11,text,true,,259,1113,10,10,114,0,0
1789340526453,109,POST /documents,200,OK,Create Document - carga 1-15,text,true,,259,1113,10,10,108,0,0
1789340526496,109,POST /documents,200,OK,Create Document - carga 1-10,text,true,,259,1113,10,10,109,0,0
1789340526464,146,POST /documents,200,OK,Create Document - carga 1-16,text,true,,259,1113,10,10,146,0,0
1789340526547,134,POST /documents,200,OK,Create Document - carga 1-9,text,true,,259,1113,10,10,134,0,0
1789340526552,132,POST /documents,200,OK,Create Document - carga 1-14,text,true,,259,1113,10,10,132,0,0
1789340526529,181,POST /documents,200,OK,Create Document - carga 1-12,text,true,,259,1113,10,10,181,0,0
1789340526616,112,POST /documents,200,OK,Create Document - carga 1-15,text,true,,259,1113,10,10,112,0,0
1789340526629,111,POST /documents,200,OK,Create Document - carga 1-8,text,true,,259,1113,10,10,111,0,0
1789340526615,126,POST /documents,200,OK,Create Document - carga 1-11,text,true,,259,1113,10,10,125,0,0
1789340526582,181,POST /documents,200,OK,Create Document - carga 1-13,text,true,,259,1113,10,10,181,0,0
1789340526570,194,POST /documents,200,OK,Create Document - carga 1-7,text,true,,259,1113,10,10,193,0,0
1789340526653,119,POST /documents,200,OK,Create Document - carga 1-16,text,true,,259,1113,10,10,119,0,0
1789340526729,116,POST /documents,200,OK,Create Document - carga 1-14,text,true,,259,1113,10,10,116,0,0
1789340526744,121,POST /documents,200,OK,Create Document - carga 1-9,text,true,,259,1113,10,10,121,0,0
1789340526647,218,POST /documents,200,OK,Create Document - carga 1-10,text,true,,259,1113,10,10,218,0,0
1789340526765,110,POST /documents,200,OK,Create Document - carga 1-7,text,true,,259,1113,10,10,109,0,0
1789340526798,105,POST /documents,200,OK,Create Document - carga 1-8,text,true,,259,1113,9,9,105,0,0
1789340526794,116,POST /documents,200,OK,Create Document - carga 1-12,text,true,,259,1113,9,9,116,0,0
1789340526805,156,POST /documents,200,OK,Create Document - carga 1-16,text,true,,259,1113,9,9,156,0,0
1789340526789,178,POST /documents,200,OK,Create Document - carga 1-15,text,true,,259,1113,9,9,125,0,0
1789340526843,124,POST /documents,200,OK,Create Document - carga 1-13,text,true,,259,1113,9,9,124,0,0
1789340526779,199,POST /documents,200,OK,Create Document - carga 1-11,text,true,,259,1113,9,9,199,0,0
1789340526900,107,POST /documents,200,OK,Create Document - carga 1-14,text,true,,259,1113,9,9,107,0,0
1789340526867,156,POST /documents,200,OK,Create Document - carga 1-9,text,true,,259,1113,9,9,156,0,0
1789340526915,112,POST /documents,200,OK,Create Document - carga 1-12,text,true,,259,1113,9,9,112,0,0
1789340526946,122,POST /documents,200,OK,Create Document - carga 1-10,text,true,,259,1113,9,9,119,0,0
1789340526909,163,POST /documents,200,OK,Create Document - carga 1-8,text,true,,259,1113,9,9,163,0,0
1789340526994,107,POST /documents,200,OK,Create Document - carga 1-15,text,true,,259,1113,9,9,107,0,0
1789340526998,105,POST /documents,200,OK,Create Document - carga 1-13,text,true,,259,1113,9,9,104,0,0
1789340526994,119,POST /documents,200,OK,Create Document - carga 1-11,text,true,,259,1113,9,9,119,0,0
1789340527048,153,POST /documents,200,OK,Create Document - carga 1-14,text,true,,259,1113,9,9,153,0,0
1789340527096,111,POST /documents,200,OK,Create Document - carga 1-10,text,true,,259,1113,9,9,110,0,0
1789340527054,211,POST /documents,200,OK,Create Document - carga 1-12,text,true,,259,1113,9,9,211,0,0
1789340527053,212,POST /documents,200,OK,Create Document - carga 1-16,text,true,,259,1113,9,9,212,0,0
1789340527151,127,POST /documents,200,OK,Create Document - carga 1-11,text,true,,259,1113,9,9,127,0,0
1789340527171,120,POST /documents,200,OK,Create Document - carga 1-8,text,true,,259,1113,9,9,119,0,0
1789340527182,113,POST /documents,200,OK,Create Document - carga 1-15,text,true,,259,1113,9,9,113,0,0
1789340527087,233,POST /documents,200,OK,Create Document - carga 1-9,text,true,,259,1113,9,9,233,0,0
1789340527267,109,POST /documents,200,OK,Create Document - carga 1-14,text,true,,259,1113,10,10,109,0,0
1789340527142,262,POST /documents,200,OK,Create Document - carga 1-13,text,true,,259,1113,10,10,262,0,0
1789340527356,112,POST /documents,200,OK,Create Document - carga 1-8,text,true,,259,1113,10,10,112,0,0
1789340527295,204,POST /documents,200,OK,Create Document - carga 1-10,text,true,,259,1113,10,10,204,0,0
1789340527360,142,POST /documents,200,OK,Create Document - carga 1-12,text,true,,259,1113,10,10,142,0,0
1789340527360,142,POST /documents,200,OK,Create Document - carga 1-16,text,true,,259,1113,10,10,142,0,0
1789340527349,159,POST /documents,200,OK,Create Document - carga 1-15,text,true,,259,1113,10,10,159,0,0
1789340527342,172,POST /documents,200,OK,Create Document - carga 1-9,text,true,,259,1113,10,10,172,0,0
1789340527376,199,POST /documents,200,OK,Create Document - carga 1-11,text,true,,259,1113,10,10,199,0,0
1789340527465,111,POST /documents,200,OK,Create Document - carga 1-13,text,true,,259,1113,10,10,111,0,0
1789340527509,123,POST /documents,200,OK,Create Document - carga 1-10,text,true,,259,1113,10,10,123,0,0
1789340527527,110,POST /documents,200,OK,Create Document - carga 1-16,text,true,,259,1113,10,10,110,0,0
1789340527498,175,POST /documents,200,OK,Create Document - carga 1-8,text,true,,259,1113,10,10,175,0,0
1789340527564,111,POST /documents,200,OK,Create Document - carga 1-12,text,true,,259,1113,10,10,111,0,0
1789340527582,115,POST /documents,200,OK,Create Document - carga 1-15,text,true,,259,1113,10,10,115,0,0
1789340527446,253,POST /documents,200,OK,Create Document - carga 1-14,text,true,,259,1113,10,10,252,0,0
1789340527595,171,POST /documents,200,OK,Create Document - carga 1-9,text,true,,259,1113,10,10,171,0,0
1789340527615,175,POST /documents,200,OK,Create Document - carga 1-13,text,true,,259,1113,10,10,175,0,0
1789340527668,127,POST /documents,200,OK,Create Document - carga 1-10,text,true,,259,1113,10,10,127,0,0
1789340527634,174,POST /documents,200,OK,Create Document - carga 1-11,text,true,,259,1113,10,10,174,0,0
1789340527692,125,POST /documents,200,OK,Create Document - carga 1-16,text,true,,259,1113,10,10,125,0,0
1789340527432,385,POST /documents,200,OK,Create Document - carga 1-17,text,true,,259,1113,10,10,385,0,193
1789340527710,108,POST /documents,200,OK,Create Document - carga 1-12,text,true,,259,1113,10,10,107,0,0
1789340527773,108,POST /documents,200,OK,Create Document - carga 1-8,text,true,,259,1113,10,10,108,0,0
1789340527762,129,POST /documents,200,OK,Create Document - carga 1-14,text,true,,259,1113,10,10,129,0,0
1789340527731,161,POST /documents,200,OK,Create Document - carga 1-15,text,true,,259,1113,10,10,160,0,0
1789340527810,111,POST /documents,200,OK,Create Document - carga 1-10,text,true,,259,1113,10,10,111,0,0
1789340527832,108,POST /documents,200,OK,Create Document - carga 1-16,text,true,,259,1113,10,10,108,0,0
1789340527816,124,POST /documents,200,OK,Create Document - carga 1-9,text,true,,259,1113,10,10,124,0,0
1789340527821,122,POST /documents,200,OK,Create Document - carga 1-11,text,true,,259,1113,10,10,121,0,0
1789340527840,107,POST /documents,200,OK,Create Document - carga 1-13,text,true,,259,1113,10,10,106,0,0
1789340527850,118,POST /documents,200,OK,Create Document - carga 1-12,text,true,,259,1113,10,10,117,0,0
1789340527877,105,POST /documents,200,OK,Create Document - carga 1-17,text,true,,259,1113,10,10,105,0,0
1789340527943,113,POST /documents,200,OK,Create Document - carga 1-8,text,true,,259,1113,10,10,112,0,0
1789340527945,113,POST /documents,200,OK,Create Document - carga 1-15,text,true,,259,1113,10,10,113,0,0
1789340527951,111,POST /documents,200,OK,Create Document - carga 1-14,text,true,,259,1113,10,10,111,0,0
1789340527951,116,POST /documents,200,OK,Create Document - carga 1-13,text,true,,259,1113,10,10,116,0,0
1789340527955,115,POST /documents,200,OK,Create Document - carga 1-10,text,true,,259,1113,10,10,115,0,0
1789340527962,109,POST /documents,200,OK,Create Document - carga 1-16,text,true,,259,1113,10,10,108,0,0
1789340528031,109,POST /documents,200,OK,Create Document - carga 1-12,text,true,,259,1113,10,10,109,0,0
1789340528026,121,POST /documents,200,OK,Create Document - carga 1-9,text,true,,259,1113,10,10,121,0,0
1789340528031,138,POST /documents,200,OK,Create Document - carga 1-11,text,true,,259,1113,10,10,138,0,0
1789340528077,105,POST /documents,200,OK,Create Document - carga 1-17,text,true,,259,1113,10,10,104,0,0
1789340528075,114,POST /documents,200,OK,Create Document - carga 1-13,text,true,,259,1113,10,10,114,0,0
1789340528098,102,POST /documents,200,OK,Create Document - carga 1-10,text,true,,259,1113,10,10,102,0,0
1789340528099,103,POST /documents,200,OK,Create Document - carga 1-14,text,true,,259,1113,10,10,103,0,0
1789340528100,102,POST /documents,200,OK,Create Document - carga 1-16,text,true,,259,1113,10,10,102,0,0
1789340528146,114,POST /documents,200,OK,Create Document - carga 1-12,text,true,,259,1113,10,10,114,0,0
1789340528154,111,POST /documents,200,OK,Create Document - carga 1-15,text,true,,259,1113,10,10,111,0,0
1789340528147,148,POST /documents,200,OK,Create Document - carga 1-8,text,true,,259,1113,10,10,148,0,0
1789340528203,103,POST /documents,200,OK,Create Document - carga 1-10,text,true,,259,1113,10,10,103,0,0
1789340528215,111,POST /documents,200,OK,Create Document - carga 1-17,text,true,,259,1113,10,10,111,0,0
1789340528224,122,POST /documents,200,OK,Create Document - carga 1-9,text,true,,259,1113,10,10,122,0,0
1789340528236,112,POST /documents,200,OK,Create Document - carga 1-16,text,true,,259,1113,10,10,112,0,0
1789340528268,133,POST /documents,200,OK,Create Document - carga 1-15,text,true,,259,1113,10,10,133,0,0
1789340528267,134,POST /documents,200,OK,Create Document - carga 1-11,text,true,,259,1113,10,10,134,0,0
1789340528289,112,POST /documents,200,OK,Create Document - carga 1-13,text,true,,259,1113,10,10,112,0,0
1789340528294,108,POST /documents,200,OK,Create Document - carga 1-14,text,true,,259,1113,10,10,108,0,0
1789340528315,111,POST /documents,200,OK,Create Document - carga 1-12,text,true,,259,1113,10,10,111,0,0
1789340528331,116,POST /documents,200,OK,Create Document - carga 1-8,text,true,,259,1113,10,10,116,0,0
1789340528371,113,POST /documents,200,OK,Create Document - carga 1-10,text,true,,259,1113,10,10,113,0,0
1789340528353,140,POST /documents,200,OK,Create Document - carga 1-17,text,true,,259,1113,10,10,140,0,0
1789340528397,118,POST /documents,200,OK,Create Document - carga 1-9,text,true,,259,1113,10,10,118,0,0
1789340528449,119,POST /documents,200,OK,Create Document - carga 1-11,text,true,,259,1113,10,10,119,0,0
1789340528474,116,POST /documents,200,OK,Create Document - carga 1-15,text,true,,259,1113,10,10,116,0,0
1789340528462,143,POST /documents,200,OK,Create Document - carga 1-13,text,true,,259,1113,10,10,143,0,0
1789340528483,122,POST /documents,200,OK,Create Document - carga 1-12,text,true,,259,1113,10,10,122,0,0
1789340528443,162,POST /documents,200,OK,Create Document - carga 1-16,text,true,,259,1113,10,10,162,0,0
1789340528492,113,POST /documents,200,OK,Create Document - carga 1-14,text,true,,259,1113,10,10,113,0,0
1789340528510,105,POST /documents,200,OK,Create Document - carga 1-8,text,true,,259,1113,10,10,105,0,0
1789340528517,105,POST /documents,200,OK,Create Document - carga 1-17,text,true,,259,1113,10,10,105,0,0
1789340528552,138,POST /documents,200,OK,Create Document - carga 1-10,text,true,,259,1113,10,10,138,0,0
1789340528538,170,POST /documents,200,OK,Create Document - carga 1-9,text,true,,259,1113,10,10,170,0,0
1789340528616,141,POST /documents,200,OK,Create Document - carga 1-12,text,true,,259,1113,10,10,141,0,0
1789340528581,179,POST /documents,200,OK,Create Document - carga 1-11,text,true,,259,1113,10,10,177,0,0
1789340528654,110,POST /documents,200,OK,Create Document - carga 1-8,text,true,,259,1113,10,10,110,0,0
1789340528672,107,POST /documents,200,OK,Create Document - carga 1-14,text,true,,259,1113,10,10,107,0,0
1789340528618,172,POST /documents,200,OK,Create Document - carga 1-16,text,true,,259,1113,10,10,172,0,0
1789340528628,166,POST /documents,200,OK,Create Document - carga 1-15,text,true,,259,1113,10,10,166,0,0
1789340528677,118,POST /documents,200,OK,Create Document - carga 1-13,text,true,,259,1113,10,10,116,0,0
1789340528704,114,POST /documents,200,OK,Create Document - carga 1-10,text,true,,259,1113,10,10,114,0,0
1789340528683,175,POST /documents,200,OK,Create Document - carga 1-17,text,true,,259,1113,10,10,175,0,0
1789340528764,121,POST /documents,200,OK,Create Document - carga 1-9,text,true,,259,1113,10,10,121,0,0
1789340528794,111,POST /documents,200,OK,Create Document - carga 1-15,text,true,,259,1113,10,10,111,0,0
1789340528799,113,POST /documents,200,OK,Create Document - carga 1-12,text,true,,259,1113,10,10,113,0,0
1789340528835,124,POST /documents,200,OK,Create Document - carga 1-8,text,true,,259,1113,10,10,123,0,0
1789340528841,130,POST /documents,200,OK,Create Document - carga 1-11,text,true,,259,1113,10,10,130,0,0
1789340528870,115,POST /documents,200,OK,Create Document - carga 1-16,text,true,,259,1113,10,10,115,0,0
1789340528872,117,POST /documents,200,OK,Create Document - carga 1-14,text,true,,259,1113,10,10,117,0,0
1789340528923,123,POST /documents,200,OK,Create Document - carga 1-9,text,true,,259,1113,10,10,123,0,0
1789340528910,160,POST /documents,200,OK,Create Document - carga 1-10,text,true,,259,1113,10,10,159,0,0
1789340528961,116,POST /documents,200,OK,Create Document - carga 1-12,text,true,,259,1113,10,10,116,0,0
1789340528926,166,POST /documents,200,OK,Create Document - carga 1-17,text,true,,259,1113,10,10,166,0,0
1789340528986,113,POST /documents,200,OK,Create Document - carga 1-15,text,true,,259,1113,10,10,113,0,0
1789340528995,111,POST /documents,200,OK,Create Document - carga 1-8,text,true,,259,1113,10,10,111,0,0
1789340528990,116,POST /documents,200,OK,Create Document - carga 1-11,text,true,,259,1113,10,10,116,0,0
1789340529051,123,POST /documents,200,OK,Create Document - carga 1-9,text,true,,259,1113,9,9,123,0,0
1789340529016,158,POST /documents,200,OK,Create Document - carga 1-16,text,true,,259,1113,9,9,157,0,0
1789340529090,106,POST /documents,200,OK,Create Document - carga 1-14,text,true,,259,1113,9,9,105,0,0
1789340529102,107,POST /documents,200,OK,Create Document - carga 1-10,text,true,,259,1113,9,9,106,0,0
1789340529148,112,POST /documents,200,OK,Create Document - carga 1-15,text,true,,259,1113,9,9,112,0,0
1789340529138,138,POST /documents,200,OK,Create Document - carga 1-12,text,true,,259,1113,9,9,138,0,0
1789340528819,461,POST /documents,200,OK,Create Document - carga 1-13,text,true,,259,1113,9,9,461,0,0
1789340529174,122,POST /documents,200,OK,Create Document - carga 1-17,text,true,,259,1113,9,9,122,0,0
1789340529180,129,POST /documents,200,OK,Create Document - carga 1-11,text,true,,259,1113,9,9,129,0,0
1789340529220,159,POST /documents,200,OK,Create Document - carga 1-10,text,true,,259,1113,10,10,159,0,0
1789340529262,130,POST /documents,200,OK,Create Document - carga 1-16,text,true,,259,1113,10,10,130,0,0
1789340529285,109,POST /documents,200,OK,Create Document - carga 1-13,text,true,,259,1113,10,10,109,0,0
1789340529289,108,POST /documents,200,OK,Create Document - carga 1-14,text,true,,259,1113,10,10,108,0,0
1789340529280,129,POST /documents,200,OK,Create Document - carga 1-15,text,true,,259,1113,10,10,129,0,0
1789340529232,178,POST /documents,200,OK,Create Document - carga 1-9,text,true,,259,1113,10,10,178,0,0
1789340529315,140,POST /documents,200,OK,Create Document - carga 1-12,text,true,,259,1113,10,10,140,0,0
1789340529339,150,POST /documents,200,OK,Create Document - carga 1-17,text,true,,259,1113,10,10,149,0,0
1789340529326,171,POST /documents,200,OK,Create Document - carga 1-11,text,true,,259,1113,10,10,171,0,0
1789340529427,116,POST /documents,200,OK,Create Document - carga 1-13,text,true,,259,1113,10,10,116,0,0
1789340529445,105,POST /documents,200,OK,Create Document - carga 1-14,text,true,,259,1113,10,10,104,0,0
1789340529466,117,POST /documents,200,OK,Create Document - carga 1-10,text,true,,259,1113,10,10,117,0,0
1789340529490,118,POST /documents,200,OK,Create Document - carga 1-16,text,true,,259,1113,10,10,118,0,0
1789340529505,110,POST /documents,200,OK,Create Document - carga 1-15,text,true,,259,1113,10,10,110,0,0
1789340529493,122,POST /documents,200,OK,Create Document - carga 1-9,text,true,,259,1113,10,10,122,0,0
1789340529510,142,POST /documents,200,OK,Create Document - carga 1-17,text,true,,259,1113,10,10,142,0,0
1789340529550,115,POST /documents,200,OK,Create Document - carga 1-12,text,true,,259,1113,10,10,115,0,0
1789340529595,112,POST /documents,200,OK,Create Document - carga 1-10,text,true,,259,1113,10,10,112,0,0
1789340529594,126,POST /documents,200,OK,Create Document - carga 1-11,text,true,,259,1113,10,10,126,0,0
1789340529610,110,POST /documents,200,OK,Create Document - carga 1-13,text,true,,259,1113,10,10,110,0,0
1789340529612,109,POST /documents,200,OK,Create Document - carga 1-16,text,true,,259,1113,10,10,109,0,0
1789340529432,305,POST /documents,200,OK,Create Document - carga 1-18,text,true,,259,1113,10,10,305,0,197
1789340529627,111,POST /documents,200,OK,Create Document - carga 1-14,text,true,,259,1113,10,10,111,0,0
1789340529684,122,POST /documents,200,OK,Create Document - carga 1-9,text,true,,259,1113,10,10,122,0,0
1789340529710,112,POST /documents,200,OK,Create Document - carga 1-15,text,true,,259,1113,10,10,112,0,0
1789340529731,108,POST /documents,200,OK,Create Document - carga 1-17,text,true,,259,1113,10,10,108,0,0
1789340529739,121,POST /documents,200,OK,Create Document - carga 1-11,text,true,,259,1113,10,10,121,0,0
1789340529765,108,POST /documents,200,OK,Create Document - carga 1-12,text,true,,259,1113,10,10,107,0,0
1789340529768,111,POST /documents,200,OK,Create Document - carga 1-10,text,true,,259,1113,10,10,111,0,0
1789340529774,112,POST /documents,200,OK,Create Document - carga 1-18,text,true,,259,1113,10,10,112,0,0
1789340529788,112,POST /documents,200,OK,Create Document - carga 1-13,text,true,,259,1113,10,10,112,0,0
1789340529804,104,POST /documents,200,OK,Create Document - carga 1-16,text,true,,259,1113,10,10,104,0,0
1789340529812,124,POST /documents,200,OK,Create Document - carga 1-9,text,true,,259,1113,10,10,124,0,0
1789340529825,114,POST /documents,200,OK,Create Document - carga 1-14,text,true,,259,1113,10,10,114,0,0
1789340529844,112,POST /documents,200,OK,Create Document - carga 1-15,text,true,,259,1113,10,10,112,0,0
1789340529891,106,POST /documents,200,OK,Create Document - carga 1-17,text,true,,259,1113,10,10,106,0,0
1789340529908,107,POST /documents,200,OK,Create Document - carga 1-13,text,true,,259,1113,10,10,107,0,0
1789340529916,108,POST /documents,200,OK,Create Document - carga 1-16,text,true,,259,1113,10,10,108,0,0
1789340529926,113,POST /documents,200,OK,Create Document - carga 1-12,text,true,,259,1113,10,10,113,0,0
1789340529916,123,POST /documents,200,OK,Create Document - carga 1-11,text,true,,259,1113,10,10,123,0,0
1789340529935,113,POST /documents,200,OK,Create Document - carga 1-18,text,true,,259,1113,10,10,112,0,0
1789340529943,108,POST /documents,200,OK,Create Document - carga 1-10,text,true,,259,1113,10,10,107,0,0
1789340529951,106,POST /documents,200,OK,Create Document - carga 1-14,text,true,,259,1113,10,10,106,0,0
1789340529975,119,POST /documents,200,OK,Create Document - carga 1-15,text,true,,259,1113,10,10,119,0,0
1789340530027,120,POST /documents,200,OK,Create Document - carga 1-9,text,true,,259,1113,10,10,120,0,0
1789340530047,116,POST /documents,200,OK,Create Document - carga 1-11,text,true,,259,1113,10,10,116,0,0
1789340530070,101,POST /documents,200,OK,Create Document - carga 1-17,text,true,,259,1113,10,10,101,0,0
1789340530066,107,POST /documents,200,OK,Create Document - carga 1-16,text,true,,259,1113,10,10,107,0,0
1789340530063,115,POST /documents,200,OK,Create Document - carga 1-12,text,true,,259,1113,10,10,115,0,0
1789340530084,125,POST /documents,200,OK,Create Document - carga 1-13,text,true,,259,1113,10,10,123,0,0
1789340530110,104,POST /documents,200,OK,Create Document - carga 1-15,text,true,,259,1113,10,10,104,0,0
1789340530117,106,POST /documents,200,OK,Create Document - carga 1-18,text,true,,259,1113,10,10,106,0,0
1789340530115,110,POST /documents,200,OK,Create Document - carga 1-10,text,true,,259,1113,10,10,109,0,0
1789340530152,111,POST /documents,200,OK,Create Document - carga 1-14,text,true,,259,1113,10,10,111,0,0
1789340530158,124,POST /documents,200,OK,Create Document - carga 1-9,text,true,,259,1113,10,10,124,0,0
1789340530185,110,POST /documents,200,OK,Create Document - carga 1-16,text,true,,259,1113,10,10,110,0,0
1789340530205,114,POST /documents,200,OK,Create Document - carga 1-12,text,true,,259,1113,10,10,114,0,0
1789340530233,101,POST /documents,200,OK,Create Document - carga 1-17,text,true,,259,1113,10,10,101,0,0
1789340530231,108,POST /documents,200,OK,Create Document - carga 1-10,text,true,,259,1113,10,10,108,0,0
1789340530235,108,POST /documents,200,OK,Create Document - carga 1-15,text,true,,259,1113,10,10,108,0,0
1789340530292,108,POST /documents,200,OK,Create Document - carga 1-13,text,true,,259,1113,10,10,108,0,0
1789340530313,107,POST /documents,200,OK,Create Document - carga 1-14,text,true,,259,1113,10,10,107,0,0
1789340530319,123,POST /documents,200,OK,Create Document - carga 1-9,text,true,,259,1113,10,10,123,0,0
1789340530335,107,POST /documents,200,OK,Create Document - carga 1-16,text,true,,259,1113,10,10,107,0,0
1789340530348,104,POST /documents,200,OK,Create Document - carga 1-17,text,true,,259,1113,10,10,104,0,0
1789340530344,109,POST /documents,200,OK,Create Document - carga 1-12,text,true,,259,1113,10,10,109,0,0
1789340530348,110,POST /documents,200,OK,Create Document - carga 1-10,text,true,,259,1113,10,10,110,0,0
1789340530396,104,POST /documents,200,OK,Create Document - carga 1-15,text,true,,259,1113,10,10,104,0,0
1789340530405,108,POST /documents,200,OK,Create Document - carga 1-13,text,true,,259,1113,10,10,108,0,0
1789340530446,105,POST /documents,200,OK,Create Document - carga 1-14,text,true,,259,1113,10,10,105,0,0
1789340530446,126,POST /documents,200,OK,Create Document - carga 1-9,text,true,,259,1113,10,10,126,0,0
1789340530476,112,POST /documents,200,OK,Create Document - carga 1-16,text,true,,259,1113,10,10,112,0,0
1789340530482,111,POST /documents,200,OK,Create Document - carga 1-10,text,true,,259,1113,10,10,111,0,0
1789340530494,110,POST /documents,200,OK,Create Document - carga 1-17,text,true,,259,1113,10,10,109,0,0
1789340530227,393,POST /documents,200,OK,Create Document - carga 1-18,text,true,,259,1113,10,10,393,0,0
1789340530516,109,POST /documents,200,OK,Create Document - carga 1-15,text,true,,259,1113,10,10,109,0,0
1789340530540,112,POST /documents,200,OK,Create Document - carga 1-12,text,true,,259,1113,10,10,112,0,0
1789340530225,435,POST /documents,200,OK,Create Document - carga 1-11,text,true,,259,1113,10,10,435,0,0
1789340530593,112,POST /documents,200,OK,Create Document - carga 1-13,text,true,,259,1113,10,10,111,0,0
1789340530590,115,POST /documents,200,OK,Create Document - carga 1-16,text,true,,259,1113,10,10,115,0,0
1789340530605,119,POST /documents,200,OK,Create Document - carga 1-14,text,true,,259,1113,10,10,119,0,0
1789340530645,110,POST /documents,200,OK,Create Document - carga 1-17,text,true,,259,1113,10,10,110,0,0
1789340530655,106,POST /documents,200,OK,Create Document - carga 1-15,text,true,,259,1113,10,10,106,0,0
1789340530641,120,POST /documents,200,OK,Create Document - carga 1-9,text,true,,259,1113,10,10,120,0,0
1789340530675,110,POST /documents,200,OK,Create Document - carga 1-12,text,true,,259,1113,10,10,110,0,0
1789340530685,106,POST /documents,200,OK,Create Document - carga 1-10,text,true,,259,1113,10,10,106,0,0
1789340530670,122,POST /documents,200,OK,Create Document - carga 1-11,text,true,,259,1113,10,10,122,0,0
1789340530717,142,POST /documents,200,OK,Create Document - carga 1-18,text,true,,259,1113,10,10,142,0,0
1789340530710,149,POST /documents,200,OK,Create Document - carga 1-13,text,true,,259,1113,10,10,149,0,0
1789340530746,113,POST /documents,200,OK,Create Document - carga 1-16,text,true,,259,1113,10,10,113,0,0
1789340530795,122,POST /documents,200,OK,Create Document - carga 1-9,text,true,,259,1113,10,10,122,0,0
1789340530811,110,POST /documents,200,OK,Create Document - carga 1-12,text,true,,259,1113,10,10,110,0,0
1789340530784,169,POST /documents,200,OK,Create Document - carga 1-17,text,true,,259,1113,10,10,168,0,0
1789340530825,128,POST /documents,200,OK,Create Document - carga 1-10,text,true,,259,1113,10,10,128,0,0
1789340530818,135,POST /documents,200,OK,Create Document - carga 1-14,text,true,,259,1113,10,10,135,0,0
1789340530836,122,POST /documents,200,OK,Create Document - carga 1-11,text,true,,259,1113,10,10,122,0,0
1789340530860,113,POST /documents,200,OK,Create Document - carga 1-15,text,true,,259,1113,10,10,112,0,0
1789340530867,106,POST /documents,200,OK,Create Document - carga 1-16,text,true,,259,1113,10,10,106,0,0
1789340530934,108,POST /documents,200,OK,Create Document - carga 1-18,text,true,,259,1113,10,10,108,0,0
1789340530959,107,POST /documents,200,OK,Create Document - carga 1-14,text,true,,259,1113,10,10,107,0,0
1789340530956,111,POST /documents,200,OK,Create Document - carga 1-13,text,true,,259,1113,10,10,111,0,0
1789340530949,121,POST /documents,200,OK,Create Document - carga 1-9,text,true,,259,1113,10,10,121,0,0
1789340530956,115,POST /documents,200,OK,Create Document - carga 1-12,text,true,,259,1113,10,10,115,0,0
1789340531008,112,POST /documents,200,OK,Create Document - carga 1-10,text,true,,259,1113,10,10,112,0,0
1789340531021,103,POST /documents,200,OK,Create Document - carga 1-17,text,true,,259,1113,10,10,103,0,0
1789340531018,151,POST /documents,200,OK,Create Document - carga 1-11,text,true,,259,1113,10,10,151,0,0
1789340531071,106,POST /documents,200,OK,Create Document - carga 1-15,text,true,,259,1113,10,10,106,0,0
1789340531069,111,POST /documents,200,OK,Create Document - carga 1-16,text,true,,259,1113,10,10,111,0,0
1789340531087,103,POST /documents,200,OK,Create Document - carga 1-13,text,true,,259,1113,10,10,103,0,0
1789340531132,102,POST /documents,200,OK,Create Document - carga 1-14,text,true,,259,1113,10,10,102,0,0
1789340531122,112,POST /documents,200,OK,Create Document - carga 1-18,text,true,,259,1113,10,10,107,0,0
1789340531127,128,POST /documents,200,OK,Create Document - carga 1-12,text,true,,259,1113,10,10,128,0,0
1789340531093,172,POST /documents,200,OK,Create Document - carga 1-9,text,true,,259,1113,10,10,172,0,0
1789340531181,106,POST /documents,200,OK,Create Document - carga 1-17,text,true,,259,1113,10,10,106,0,0
1789340531174,153,POST /documents,200,OK,Create Document - carga 1-10,text,true,,259,1113,10,10,153,0,0
1789340531184,152,POST /documents,200,OK,Create Document - carga 1-16,text,true,,259,1113,10,10,151,0,0
1789340531210,148,POST /documents,200,OK,Create Document - carga 1-13,text,true,,259,1113,10,10,148,0,0
1789340531253,127,POST /documents,200,OK,Create Document - carga 1-11,text,true,,259,1113,11,11,126,0,0
1789340531271,139,POST /documents,200,OK,Create Document - carga 1-15,text,true,,259,1113,11,11,138,0,0
1789340531293,132,POST /documents,200,OK,Create Document - carga 1-9,text,true,,259,1113,11,11,132,0,0
1789340531297,143,POST /documents,200,OK,Create Document - carga 1-12,text,true,,259,1113,10,10,142,0,0
1789340531300,143,POST /documents,200,OK,Create Document - carga 1-18,text,true,,259,1113,10,10,143,0,0
1789340531333,121,POST /documents,200,OK,Create Document - carga 1-14,text,true,,259,1113,10,10,121,0,0
1789340531350,109,POST /documents,200,OK,Create Document - carga 1-10,text,true,,259,1113,10,10,109,0,0
1789340531367,105,POST /documents,200,OK,Create Document - carga 1-17,text,true,,259,1113,10,10,105,0,0
1789340531406,112,POST /documents,200,OK,Create Document - carga 1-13,text,true,,259,1113,10,10,112,0,0
1789340531418,107,POST /documents,200,OK,Create Document - carga 1-16,text,true,,259,1113,10,10,107,0,0
1789340531430,152,POST /documents,200,OK,Create Document - carga 1-11,text,true,,259,1113,10,10,151,0,0
1789340531482,117,POST /documents,200,OK,Create Document - carga 1-18,text,true,,259,1113,10,10,117,0,0
1789340531480,120,POST /documents,200,OK,Create Document - carga 1-10,text,true,,259,1113,10,10,120,0,0
1789340531490,130,POST /documents,200,OK,Create Document - carga 1-15,text,true,,259,1113,10,10,130,0,0
1789340531518,105,POST /documents,200,OK,Create Document - carga 1-14,text,true,,259,1113,10,10,105,0,0
1789340531539,104,POST /documents,200,OK,Create Document - carga 1-12,text,true,,259,1113,10,10,104,0,0
1789340531525,140,POST /documents,200,OK,Create Document - carga 1-17,text,true,,259,1113,10,10,140,0,0
1789340531562,108,POST /documents,200,OK,Create Document - carga 1-13,text,true,,259,1113,10,10,107,0,0
1789340531604,121,POST /documents,200,OK,Create Document - carga 1-11,text,true,,259,1113,10,10,121,0,0
1789340531573,172,POST /documents,200,OK,Create Document - carga 1-16,text,true,,259,1113,10,10,172,0,0
1789340531389,376,POST /documents,200,OK,Create Document - carga 1-19,text,true,,259,1113,10,10,376,0,215
1789340531645,132,POST /documents,200,OK,Create Document - carga 1-10,text,true,,259,1113,10,10,132,0,0
1789340531656,121,POST /documents,200,OK,Create Document - carga 1-14,text,true,,259,1113,10,10,121,0,0
1789340531683,99,POST /documents,200,OK,Create Document - carga 1-17,text,true,,259,1113,10,10,99,0,0
1789340531658,140,POST /documents,200,OK,Create Document - carga 1-18,text,true,,259,1113,10,10,139,0,0
1789340531706,106,POST /documents,200,OK,Create Document - carga 1-13,text,true,,259,1113,10,10,106,0,0
1789340531732,104,POST /documents,200,OK,Create Document - carga 1-12,text,true,,259,1113,10,10,104,0,0
1789340531716,145,POST /documents,200,OK,Create Document - carga 1-15,text,true,,259,1113,10,10,145,0,0
1789340531766,122,POST /documents,200,OK,Create Document - carga 1-11,text,true,,259,1113,10,10,122,0,0
1789340531806,102,POST /documents,200,OK,Create Document - carga 1-17,text,true,,259,1113,10,10,102,0,0
1789340531807,114,POST /documents,200,OK,Create Document - carga 1-19,text,true,,259,1113,10,10,114,0,0
1789340531788,162,POST /documents,200,OK,Create Document - carga 1-10,text,true,,259,1113,10,10,162,0,0
1789340531808,146,POST /documents,200,OK,Create Document - carga 1-16,text,true,,259,1113,10,10,146,0,0
1789340531858,190,POST /documents,200,OK,Create Document - carga 1-14,text,true,,259,1113,10,10,190,0,0
1789340531859,189,POST /documents,200,OK,Create Document - carga 1-13,text,true,,259,1113,10,10,189,0,0
1789340531893,163,POST /documents,200,OK,Create Document - carga 1-12,text,true,,259,1113,10,10,163,0,0
1789340531869,187,POST /documents,200,OK,Create Document - carga 1-18,text,true,,259,1113,10,10,187,0,0
1789340531979,106,POST /documents,200,OK,Create Document - carga 1-16,text,true,,259,1113,10,10,106,0,0
1789340531931,164,POST /documents,200,OK,Create Document - carga 1-15,text,true,,259,1113,10,10,164,0,0
1789340531960,145,POST /documents,200,OK,Create Document - carga 1-11,text,true,,259,1113,10,10,145,0,0
1789340531995,113,POST /documents,200,OK,Create Document - carga 1-17,text,true,,259,1113,10,10,113,0,0
1789340531942,248,POST /documents,200,OK,Create Document - carga 1-19,text,true,,259,1113,10,10,248,0,0
1789340532078,113,POST /documents,200,OK,Create Document - carga 1-18,text,true,,259,1113,10,10,113,0,0
1789340532010,181,POST /documents,200,OK,Create Document - carga 1-10,text,true,,259,1113,10,10,181,0,0
1789340532127,124,POST /documents,200,OK,Create Document - carga 1-13,text,true,,259,1113,10,10,124,0,0
1789340532113,143,POST /documents,200,OK,Create Document - carga 1-17,text,true,,259,1113,10,10,143,0,0
1789340532159,107,POST /documents,200,OK,Create Document - carga 1-15,text,true,,259,1113,10,10,107,0,0
1789340532096,192,POST /documents,200,OK,Create Document - carga 1-14,text,true,,259,1113,10,10,189,0,0
1789340532169,179,POST /documents,200,OK,Create Document - carga 1-16,text,true,,259,1113,10,10,178,0,0
1789340532218,155,POST /documents,200,OK,Create Document - carga 1-18,text,true,,259,1113,10,10,155,0,0
1789340532143,236,POST /documents,200,OK,Create Document - carga 1-12,text,true,,259,1113,10,10,236,0,0
1789340532253,194,POST /documents,200,OK,Create Document - carga 1-19,text,true,,259,1113,10,10,194,0,0
1789340532280,174,POST /documents,200,OK,Create Document - carga 1-17,text,true,,259,1113,10,10,174,0,0
1789340532279,184,POST /documents,200,OK,Create Document - carga 1-10,text,true,,259,1113,10,10,184,0,0
1789340532202,276,POST /documents,200,OK,Create Document - carga 1-11,text,true,,259,1113,10,10,276,0,0
1789340532298,191,POST /documents,200,OK,Create Document - carga 1-15,text,true,,259,1113,10,10,191,0,0
1789340532342,174,POST /documents,200,OK,Create Document - carga 1-14,text,true,,259,1113,10,10,174,0,0
1789340532400,152,POST /documents,200,OK,Create Document - carga 1-18,text,true,,259,1113,10,10,151,0,0
1789340532306,263,POST /documents,200,OK,Create Document - carga 1-13,text,true,,259,1113,10,10,263,0,0
1789340532422,190,POST /documents,200,OK,Create Document - carga 1-16,text,true,,259,1113,10,10,190,0,0
1789340532426,189,POST /documents,200,OK,Create Document - carga 1-12,text,true,,259,1113,10,10,189,0,0
1789340532488,137,POST /documents,200,OK,Create Document - carga 1-19,text,true,,259,1113,10,10,137,0,0
1789340532458,191,POST /documents,200,OK,Create Document - carga 1-17,text,true,,259,1113,10,10,191,0,0
1789340532545,112,POST /documents,200,OK,Create Document - carga 1-10,text,true,,259,1113,10,10,112,0,0
1789340532537,131,POST /documents,200,OK,Create Document - carga 1-11,text,true,,259,1113,10,10,131,0,0
1789340532495,199,POST /documents,200,OK,Create Document - carga 1-15,text,true,,259,1113,10,10,199,0,0
1789340532552,151,POST /documents,200,OK,Create Document - carga 1-18,text,true,,259,1113,10,10,149,0,0
1789340532588,167,POST /documents,200,OK,Create Document - carga 1-13,text,true,,259,1113,10,10,167,0,0
1789340532580,175,POST /documents,200,OK,Create Document - carga 1-14,text,true,,259,1113,10,10,175,0,0
1789340532698,122,POST /documents,200,OK,Create Document - carga 1-15,text,true,,259,1113,10,10,122,0,0
1789340532706,128,POST /documents,200,OK,Create Document - carga 1-11,text,true,,259,1113,10,10,128,0,0
1789340532708,149,POST /documents,200,OK,Create Document - carga 1-12,text,true,,259,1113,10,10,149,0,0
1789340532628,243,POST /documents,200,OK,Create Document - carga 1-16,text,true,,259,1113,10,10,167,0,0
1789340532745,150,POST /documents,200,OK,Create Document - carga 1-10,text,true,,259,1113,10,10,150,0,0
1789340532781,131,POST /documents,200,OK,Create Document - carga 1-18,text,true,,259,1113,9,9,131,0,0
1789340532805,117,POST /documents,200,OK,Create Document - carga 1-13,text,true,,259,1113,9,9,117,0,0
1789340532729,257,POST /documents,200,OK,Create Document - carga 1-17,text,true,,259,1113,9,9,257,0,0
1789340532717,278,POST /documents,200,OK,Create Document - carga 1-19,text,true,,259,1113,9,9,278,0,0
1789340532910,111,POST /documents,200,OK,Create Document - carga 1-15,text,true,,259,1113,9,9,111,0,0
1789340532829,236,POST /documents,200,OK,Create Document - carga 1-14,text,true,,259,1113,9,9,236,0,0
1789340532900,172,POST /documents,200,OK,Create Document - carga 1-11,text,true,,259,1113,9,9,172,0,0
1789340532972,124,POST /documents,200,OK,Create Document - carga 1-16,text,true,,259,1113,9,9,124,0,0
1789340532955,181,POST /documents,200,OK,Create Document - carga 1-12,text,true,,259,1113,9,9,110,0,0
1789340532963,184,POST /documents,200,OK,Create Document - carga 1-18,text,true,,259,1113,9,9,184,0,0
1789340533009,159,POST /documents,200,OK,Create Document - carga 1-13,text,true,,259,1113,9,9,159,0,0
1789340533058,118,POST /documents,200,OK,Create Document - carga 1-17,text,true,,259,1113,9,9,118,0,0
1789340533092,110,POST /documents,200,OK,Create Document - carga 1-19,text,true,,259,1113,9,9,110,0,0
1789340533147,115,POST /documents,200,OK,Create Document - carga 1-12,text,true,,259,1113,9,9,115,0,0
1789340533085,177,POST /documents,200,OK,Create Document - carga 1-15,text,true,,259,1113,9,9,127,0,0
1789340533094,178,POST /documents,200,OK,Create Document - carga 1-11,text,true,,259,1113,9,9,130,0,0
1789340533175,118,POST /documents,200,OK,Create Document - carga 1-18,text,true,,259,1113,9,9,117,0,0
1789340533196,159,POST /documents,200,OK,Create Document - carga 1-16,text,true,,259,1113,9,9,159,0,0
1789340533248,117,POST /documents,200,OK,Create Document - carga 1-19,text,true,,259,1113,9,9,117,0,0
1789340533234,148,POST /documents,200,OK,Create Document - carga 1-17,text,true,,259,1113,10,10,148,0,0
1789340533129,269,POST /documents,200,OK,Create Document - carga 1-14,text,true,,259,1113,10,10,268,0,0
1789340533177,226,POST /documents,200,OK,Create Document - carga 1-13,text,true,,259,1113,10,10,225,0,0
1789340533353,117,POST /documents,200,OK,Create Document - carga 1-15,text,true,,259,1113,10,10,117,0,0
1789340533300,191,POST /documents,200,OK,Create Document - carga 1-11,text,true,,259,1113,10,10,191,0,0
1789340533378,125,POST /documents,200,OK,Create Document - carga 1-19,text,true,,259,1113,10,10,125,0,0
1789340533305,202,POST /documents,200,OK,Create Document - carga 1-12,text,true,,259,1113,10,10,202,0,0
1789340533431,109,POST /documents,200,OK,Create Document - carga 1-14,text,true,,259,1113,10,10,109,0,0
1789340533399,170,POST /documents,200,OK,Create Document - carga 1-16,text,true,,259,1113,10,10,170,0,0
1789340533480,104,POST /documents,200,OK,Create Document - carga 1-17,text,true,,259,1113,10,10,104,0,0
1789340533372,231,POST /documents,200,OK,Create Document - carga 1-18,text,true,,259,1113,10,10,230,0,0
1789340533504,144,POST /documents,200,OK,Create Document - carga 1-19,text,true,,259,1113,10,10,144,0,0
1789340533514,146,POST /documents,200,OK,Create Document - carga 1-11,text,true,,259,1113,10,10,146,0,0
1789340533446,223,POST /documents,200,OK,Create Document - carga 1-13,text,true,,259,1113,10,10,215,0,0
1789340533510,193,POST /documents,200,OK,Create Document - carga 1-15,text,true,,259,1113,10,10,193,0,0
1789340533408,295,POST /documents,200,OK,Create Document - carga 1-20,text,true,,259,1113,10,10,295,0,189
1789340533644,111,POST /documents,200,OK,Create Document - carga 1-18,text,true,,259,1113,10,10,111,0,0
1789340533658,136,POST /documents,200,OK,Create Document - carga 1-16,text,true,,259,1113,10,10,136,0,0
1789340533601,193,POST /documents,200,OK,Create Document - carga 1-12,text,true,,259,1113,10,10,193,0,0
1789340533720,134,POST /documents,200,OK,Create Document - carga 1-20,text,true,,259,1113,10,10,134,0,0
1789340533680,186,POST /documents,200,OK,Create Document - carga 1-17,text,true,,259,1113,10,10,185,0,0
1789340533629,236,POST /documents,200,OK,Create Document - carga 1-14,text,true,,259,1113,10,10,236,0,0
1789340533711,161,POST /documents,200,OK,Create Document - carga 1-13,text,true,,259,1113,10,10,161,0,0
1789340533705,175,POST /documents,200,OK,Create Document - carga 1-11,text,true,,259,1113,10,10,174,0,0
1789340533722,166,POST /documents,200,OK,Create Document - carga 1-15,text,true,,259,1113,10,10,166,0,0
1789340533771,121,POST /documents,200,OK,Create Document - carga 1-18,text,true,,259,1113,10,10,121,0,0
1789340533832,129,POST /documents,200,OK,Create Document - carga 1-16,text,true,,259,1113,10,10,129,0,0
1789340533651,325,POST /documents,200,OK,Create Document - carga 1-19,text,true,,259,1113,10,10,325,0,0
1789340533817,192,POST /documents,200,OK,Create Document - carga 1-12,text,true,,259,1113,10,10,192,0,0
1789340533912,144,POST /documents,200,OK,Create Document - carga 1-15,text,true,,259,1113,10,10,144,0,0
1789340533900,161,POST /documents,200,OK,Create Document - carga 1-13,text,true,,259,1113,10,10,160,0,0
1789340533919,190,POST /documents,200,OK,Create Document - carga 1-14,text,true,,259,1113,10,10,190,0,0
1789340533943,223,POST /documents,200,OK,Create Document - carga 1-18,text,true,,259,1113,10,10,223,0,0
1789340533911,284,POST /documents,200,OK,Create Document - carga 1-20,text,true,,259,1113,10,10,284,0,0
1789340533975,227,POST /documents,200,OK,Create Document - carga 1-11,text,true,,259,1113,10,10,227,0,0
1789340533953,250,POST /documents,200,OK,Create Document - carga 1-17,text,true,,259,1113,10,10,249,0,0
1789340534093,164,POST /documents,200,OK,Create Document - carga 1-15,text,true,,259,1113,10,10,164,0,0
1789340534019,288,POST /documents,200,OK,Create Document - carga 1-16,text,true,,259,1113,10,10,288,0,0
1789340534103,204,POST /documents,200,OK,Create Document - carga 1-13,text,true,,259,1113,10,10,204,0,0
1789340534170,185,POST /documents,200,OK,Create Document - carga 1-14,text,true,,259,1113,10,10,185,0,0
1789340534207,163,POST /documents,200,OK,Create Document - carga 1-11,text,true,,259,1113,10,10,163,0,0
1789340534005,368,POST /documents,200,OK,Create Document - carga 1-19,text,true,,259,1113,10,10,302,0,0
1789340534097,281,POST /documents,200,OK,Create Document - carga 1-12,text,true,,259,1113,10,10,273,0,0
1789340534270,189,POST /documents,200,OK,Create Document - carga 1-20,text,true,,259,1113,10,10,189,0,0
1789340534265,194,POST /documents,200,OK,Create Document - carga 1-18,text,true,,259,1113,10,10,194,0,0
1789340534316,159,POST /documents,200,OK,Create Document - carga 1-15,text,true,,259,1113,10,10,159,0,0
1789340534329,158,POST /documents,200,OK,Create Document - carga 1-16,text,true,,259,1113,10,10,158,0,0
1789340534259,239,POST /documents,200,OK,Create Document - carga 1-17,text,true,,259,1113,10,10,239,0,0
1789340534391,133,POST /documents,200,OK,Create Document - carga 1-11,text,true,,259,1113,10,10,133,0,0
1789340534371,188,POST /documents,200,OK,Create Document - carga 1-13,text,true,,259,1113,10,10,188,0,0
1789340534437,154,POST /documents,200,OK,Create Document - carga 1-14,text,true,,259,1113,10,10,154,0,0
1789340534450,147,POST /documents,200,OK,Create Document - carga 1-19,text,true,,259,1113,10,10,147,0,0
1789340534494,159,POST /documents,200,OK,Create Document - carga 1-15,text,true,,259,1113,10,10,159,0,0
1789340534522,175,POST /documents,200,OK,Create Document - carga 1-20,text,true,,259,1113,10,10,175,0,0
1789340534458,244,POST /documents,200,OK,Create Document - carga 1-12,text,true,,259,1113,10,10,243,0,0
1789340534585,170,POST /documents,200,OK,Create Document - carga 1-16,text,true,,259,1113,10,10,170,0,0
1789340534635,128,POST /documents,200,OK,Create Document - carga 1-19,text,true,,259,1113,10,10,128,0,0
1789340534544,222,POST /documents,200,OK,Create Document - carga 1-18,text,true,,259,1113,10,10,222,0,0
1789340534620,184,POST /documents,200,OK,Create Document - carga 1-11,text,true,,259,1113,10,10,184,0,0
1789340534571,234,POST /documents,200,OK,Create Document - carga 1-17,text,true,,259,1113,10,10,234,0,0
1789340534568,240,POST /documents,200,OK,Create Document - carga 1-13,text,true,,259,1113,10,10,239,0,0
1789340534662,156,POST /documents,200,OK,Create Document - carga 1-14,text,true,,259,1113,10,10,156,0,0
1789340534712,142,POST /documents,200,OK,Create Document - carga 1-20,text,true,,259,1113,10,10,142,0,0
1789340534723,151,POST /documents,200,OK,Create Document - carga 1-15,text,true,,259,1113,10,10,151,0,0
1789340534794,115,POST /documents,200,OK,Create Document - carga 1-19,text,true,,259,1113,10,10,115,0,0
1789340534881,106,POST /documents,200,OK,Create Document - carga 1-20,text,true,,259,1113,10,10,106,0,0
1789340534876,173,POST /documents,200,OK,Create Document - carga 1-15,text,true,,259,1113,10,10,173,0,0
1789340534743,357,POST /documents,200,OK,Create Document - carga 1-12,text,true,,259,1113,10,10,357,0,0
1789340534853,257,POST /documents,200,OK,Create Document - carga 1-13,text,true,,259,1113,10,10,257,0,0
1789340534838,272,POST /documents,200,OK,Create Document - carga 1-18,text,true,,259,1113,10,10,272,0,0
1789340534874,266,POST /documents,200,OK,Create Document - carga 1-14,text,true,,259,1113,10,10,266,0,0
1789340534895,253,POST /documents,200,OK,Create Document - carga 1-11,text,true,,259,1113,10,10,253,0,0
1789340534915,244,POST /documents,200,OK,Create Document - carga 1-19,text,true,,259,1113,10,10,244,0,0
1789340534887,273,POST /documents,200,OK,Create Document - carga 1-17,text,true,,259,1113,10,10,273,0,0
1789340534845,317,POST /documents,200,OK,Create Document - carga 1-16,text,true,,259,1113,10,10,317,0,0
1789340535072,102,POST /documents,200,OK,Create Document - carga 1-20,text,true,,259,1113,10,10,102,0,0
1789340535140,146,POST /documents,200,OK,Create Document - carga 1-14,text,true,,259,1113,10,10,146,0,0
1789340535147,140,POST /documents,200,OK,Create Document - carga 1-13,text,true,,259,1113,10,10,140,0,0
1789340535062,274,POST /documents,200,OK,Create Document - carga 1-15,text,true,,259,1113,10,10,274,0,0
1789340535134,203,POST /documents,200,OK,Create Document - carga 1-18,text,true,,259,1113,10,10,202,0,0
1789340535131,230,POST /documents,200,OK,Create Document - carga 1-12,text,true,,259,1113,10,10,230,0,0
1789340535238,137,POST /documents,200,OK,Create Document - carga 1-17,text,true,,259,1113,10,10,137,0,0
1789340535192,189,POST /documents,200,OK,Create Document - carga 1-11,text,true,,259,1113,10,10,189,0,0
1789340535219,229,POST /documents,200,OK,Create Document - carga 1-20,text,true,,259,1113,10,10,229,0,0
1789340535218,253,POST /documents,200,OK,Create Document - carga 1-19,text,true,,259,1113,10,10,253,0,0
1789340535389,103,POST /documents,200,OK,Create Document - carga 1-18,text,true,,259,1113,10,10,103,0,0
1789340535236,262,POST /documents,200,OK,Create Document - carga 1-16,text,true,,259,1113,10,10,262,0,0
1789340535363,149,POST /documents,200,OK,Create Document - carga 1-15,text,true,,259,1113,10,10,149,0,0
1789340535364,150,POST /documents,200,OK,Create Document - carga 1-14,text,true,,259,1113,10,10,150,0,0
1789340535415,100,POST /documents,200,OK,Create Document - carga 1-17,text,true,,259,1113,10,10,99,0,0
1789340535298,243,POST /documents,200,OK,Create Document - carga 1-13,text,true,,259,1113,10,10,243,0,0
1789340535487,118,POST /documents,200,OK,Create Document - carga 1-19,text,true,,259,1113,10,10,118,0,0
1789340535371,272,POST /documents,200,OK,Create Document - carga 1-12,text,true,,259,1113,10,10,272,0,0
1789340535465,194,POST /documents,200,OK,Create Document - carga 1-20,text,true,,259,1113,10,10,194,0,0
1789340535444,216,POST /documents,200,OK,Create Document - carga 1-11,text,true,,259,1113,10,10,216,0,0
1789340535527,152,POST /documents,200,OK,Create Document - carga 1-16,text,true,,259,1113,10,10,151,0,0
1789340535583,105,POST /documents,200,OK,Create Document - carga 1-15,text,true,,259,1113,10,10,105,0,0
1789340535615,113,POST /documents,200,OK,Create Document - carga 1-13,text,true,,259,1113,10,10,113,0,0
1789340535539,189,POST /documents,200,OK,Create Document - carga 1-18,text,true,,259,1113,10,10,189,0,0
1789340535570,183,POST /documents,200,OK,Create Document - carga 1-14,text,true,,259,1113,10,10,182,0,0
1789340535578,179,POST /documents,200,OK,Create Document - carga 1-17,text,true,,259,1113,10,10,179,0,0
1789340535754,136,POST /documents,200,OK,Create Document - carga 1-15,text,true,,259,1113,10,10,136,0,0
1789340535741,149,POST /documents,200,OK,Create Document - carga 1-13,text,true,,259,1113,10,10,149,0,0
1789340535785,112,POST /documents,200,OK,Create Document - carga 1-14,text,true,,259,1113,10,10,111,0,0
1789340535737,199,POST /documents,200,OK,Create Document - carga 1-12,text,true,,259,1113,10,10,121,0,0
1789340535750,193,POST /documents,200,OK,Create Document - carga 1-16,text,true,,259,1113,10,10,193,0,0
1789340535675,279,POST /documents,200,OK,Create Document - carga 1-19,text,true,,259,1113,10,10,278,0,0
1789340535734,225,POST /documents,200,OK,Create Document - carga 1-20,text,true,,259,1113,10,10,225,0,0
1789340535708,305,POST /documents,200,OK,Create Document - carga 1-11,text,true,,259,1113,10,10,305,0,0
1789340535758,291,POST /documents,200,OK,Create Document - carga 1-18,text,true,,259,1113,10,10,291,0,0
1789340535954,136,POST /documents,200,OK,Create Document - carga 1-16,text,true,,259,1113,10,10,136,0,0
1789340535910,187,POST /documents,200,OK,Create Document - carga 1-14,text,true,,259,1113,10,10,187,0,0
1789340535847,252,POST /documents,200,OK,Create Document - carga 1-17,text,true,,259,1113,10,10,251,0,0
1789340535989,163,POST /documents,200,OK,Create Document - carga 1-15,text,true,,259,1113,10,10,163,0,0
1789340536035,128,POST /documents,200,OK,Create Document - carga 1-19,text,true,,259,1113,10,10,128,0,0
1789340535999,176,POST /documents,200,OK,Create Document - carga 1-12,text,true,,259,1113,10,10,176,0,0
1789340535939,258,POST /documents,200,OK,Create Document - carga 1-13,text,true,,259,1113,10,10,258,0,0
1789340536040,170,POST /documents,200,OK,Create Document - carga 1-20,text,true,,259,1113,10,10,170,0,0
1789340536082,154,POST /documents,200,OK,Create Document - carga 1-11,text,true,,259,1113,10,10,154,0,0
1789340536140,112,POST /documents,200,OK,Create Document - carga 1-18,text,true,,259,1113,10,10,111,0,0
1789340536182,118,POST /documents,200,OK,Create Document - carga 1-19,text,true,,259,1113,10,10,118,0,0
1789340536215,101,POST /documents,200,OK,Create Document - carga 1-13,text,true,,259,1113,10,10,101,0,0
1789340536102,234,POST /documents,200,OK,Create Document - carga 1-17,text,true,,259,1113,10,10,233,0,0
1789340536148,193,POST /documents,200,OK,Create Document - carga 1-14,text,true,,259,1113,10,10,192,0,0
1789340536217,159,POST /documents,200,OK,Create Document - carga 1-20,text,true,,259,1113,10,10,159,0,0
1789340536262,150,POST /documents,200,OK,Create Document - carga 1-18,text,true,,259,1113,10,10,150,0,0
1789340536247,166,POST /documents,200,OK,Create Document - carga 1-12,text,true,,259,1113,10,10,166,0,0
1789340536308,117,POST /documents,200,OK,Create Document - carga 1-11,text,true,,259,1113,10,10,117,0,0
1789340536188,249,POST /documents,200,OK,Create Document - carga 1-16,text,true,,259,1113,10,10,249,0,0
1789340536251,193,POST /documents,200,OK,Create Document - carga 1-15,text,true,,259,1113,10,10,193,0,0
1789340536340,137,POST /documents,200,OK,Create Document - carga 1-17,text,true,,259,1113,10,10,135,0,0
1789340536346,207,POST /documents,200,OK,Create Document - carga 1-19,text,true,,259,1113,10,10,207,0,0
1789340536397,181,POST /documents,200,OK,Create Document - carga 1-13,text,true,,259,1113,10,10,181,0,0
1789340536420,162,POST /documents,200,OK,Create Document - carga 1-14,text,true,,259,1113,10,10,162,0,0
1789340536434,172,POST /documents,200,OK,Create Document - carga 1-12,text,true,,259,1113,10,10,172,0,0
1789340536515,103,POST /documents,200,OK,Create Document - carga 1-15,text,true,,259,1113,10,10,103,0,0
1789340536461,163,POST /documents,200,OK,Create Document - carga 1-11,text,true,,259,1113,10,10,163,0,0
1789340536468,186,POST /documents,200,OK,Create Document - carga 1-20,text,true,,259,1113,10,10,186,0,0
1789340536477,182,POST /documents,200,OK,Create Document - carga 1-16,text,true,,259,1113,10,10,182,0,0
1789340536483,176,POST /documents,200,OK,Create Document - carga 1-18,text,true,,259,1113,10,10,176,0,0
1789340536529,181,POST /documents,200,OK,Create Document - carga 1-17,text,true,,259,1113,10,10,181,0,0
1789340536612,137,POST /documents,200,OK,Create Document - carga 1-12,text,true,,259,1113,10,10,137,0,0
1789340536668,107,POST /documents,200,OK,Create Document - carga 1-13,text,true,,259,1113,9,9,107,0,0
1789340536645,144,POST /documents,200,OK,Create Document - carga 1-15,text,true,,259,1113,9,9,144,0,0
1789340536628,161,POST /documents,200,OK,Create Document - carga 1-11,text,true,,259,1113,9,9,161,0,0
1789340536678,116,POST /documents,200,OK,Create Document - carga 1-18,text,true,,259,1113,8,8,116,0,0
1789340536653,162,POST /documents,200,OK,Create Document - carga 1-14,text,true,,259,1113,8,8,162,0,0
1789340536739,113,POST /documents,200,OK,Create Document - carga 1-17,text,true,,259,1113,8,8,113,0,0
1789340536654,253,POST /documents,200,OK,Create Document - carga 1-19,text,true,,259,1113,8,8,253,0,0
1789340536722,191,POST /documents,200,OK,Create Document - carga 1-20,text,true,,259,1113,8,8,191,0,0
1789340536833,159,POST /documents,200,OK,Create Document - carga 1-13,text,true,,259,1113,8,8,159,0,0
1789340536849,146,POST /documents,200,OK,Create Document - carga 1-15,text,true,,259,1113,8,8,146,0,0
1789340536752,258,POST /documents,200,OK,Create Document - carga 1-16,text,true,,259,1113,8,8,258,0,0
1789340536865,149,POST /documents,200,OK,Create Document - carga 1-18,text,true,,259,1113,8,8,149,0,0
1789340536895,157,POST /documents,200,OK,Create Document - carga 1-14,text,true,,259,1113,8,8,157,0,0
1789340536901,198,POST /documents,200,OK,Create Document - carga 1-17,text,true,,259,1113,8,8,198,0,0
1789340537063,130,POST /documents,200,OK,Create Document - carga 1-15,text,true,,259,1113,8,8,130,0,0
1789340536959,250,POST /documents,200,OK,Create Document - carga 1-19,text,true,,259,1113,8,8,250,0,0
1789340536975,261,POST /documents,200,OK,Create Document - carga 1-20,text,true,,259,1113,8,8,261,0,0
1789340537039,201,POST /documents,200,OK,Create Document - carga 1-16,text,true,,259,1113,8,8,201,0,0
1789340537050,210,POST /documents,200,OK,Create Document - carga 1-18,text,true,,259,1113,8,8,210,0,0
1789340537068,196,POST /documents,200,OK,Create Document - carga 1-14,text,true,,259,1113,8,8,196,0,0
1789340537121,186,POST /documents,200,OK,Create Document - carga 1-17,text,true,,259,1113,8,8,185,0,0
1789340537070,273,POST /documents,200,OK,Create Document - carga 1-13,text,true,,259,1113,8,8,273,0,0
1789340537267,212,POST /documents,200,OK,Create Document - carga 1-18,text,true,,259,1113,8,8,212,0,0
1789340537253,226,POST /documents,200,OK,Create Document - carga 1-16,text,true,,259,1113,8,8,226,0,0
1789340537283,197,POST /documents,200,OK,Create Document - carga 1-15,text,true,,259,1113,8,8,197,0,0
1789340537254,234,POST /documents,200,OK,Create Document - carga 1-19,text,true,,259,1113,8,8,234,0,0
1789340537279,220,POST /documents,200,OK,Create Document - carga 1-14,text,true,,259,1113,8,8,220,0,0
1789340537335,178,POST /documents,200,OK,Create Document - carga 1-17,text,true,,259,1113,8,8,178,0,0
1789340537260,273,POST /documents,200,OK,Create Document - carga 1-20,text,true,,259,1113,8,8,273,0,0
1789340537422,183,POST /documents,200,OK,Create Document - carga 1-13,text,true,,259,1113,8,8,183,0,0
1789340537514,185,POST /documents,200,OK,Create Document - carga 1-16,text,true,,259,1113,8,8,185,0,0
1789340537596,103,POST /documents,200,OK,Create Document - carga 1-17,text,true,,259,1113,8,8,103,0,0
1789340537523,194,POST /documents,200,OK,Create Document - carga 1-18,text,true,,259,1113,8,8,194,0,0
1789340537633,180,POST /documents,200,OK,Create Document - carga 1-20,text,true,,259,1113,8,8,180,0,0
1789340537564,279,POST /documents,200,OK,Create Document - carga 1-15,text,true,,259,1113,8,8,279,0,0
1789340537525,317,POST /documents,200,OK,Create Document - carga 1-14,text,true,,259,1113,8,8,317,0,0
1789340537534,319,POST /documents,200,OK,Create Document - carga 1-19,text,true,,259,1113,8,8,319,0,0
1789340537702,174,POST /documents,200,OK,Create Document - carga 1-13,text,true,,259,1113,8,8,174,0,0
1789340537842,134,POST /documents,200,OK,Create Document - carga 1-20,text,true,,259,1113,8,8,134,0,0
1789340537787,259,POST /documents,200,OK,Create Document - carga 1-18,text,true,,259,1113,8,8,259,0,0
1789340537766,280,POST /documents,200,OK,Create Document - carga 1-16,text,true,,259,1113,8,8,280,0,0
1789340537768,278,POST /documents,200,OK,Create Document - carga 1-17,text,true,,259,1113,8,8,278,0,0
1789340537901,180,POST /documents,200,OK,Create Document - carga 1-14,text,true,,259,1113,8,8,180,0,0
1789340537863,238,POST /documents,200,OK,Create Document - carga 1-15,text,true,,259,1113,8,8,238,0,0
1789340537927,189,POST /documents,200,OK,Create Document - carga 1-13,text,true,,259,1113,8,8,189,0,0
1789340538041,108,POST /documents,200,OK,Create Document - carga 1-20,text,true,,259,1113,8,8,108,0,0
1789340537943,215,POST /documents,200,OK,Create Document - carga 1-19,text,true,,259,1113,8,8,215,0,0
1789340538058,127,POST /documents,200,OK,Create Document - carga 1-18,text,true,,259,1113,8,8,127,0,0
1789340538090,102,POST /documents,200,OK,Create Document - carga 1-17,text,true,,259,1113,8,8,102,0,0
1789340538097,192,POST /documents,200,OK,Create Document - carga 1-16,text,true,,259,1113,8,8,192,0,0
1789340538192,106,POST /documents,200,OK,Create Document - carga 1-13,text,true,,259,1113,8,8,106,0,0
1789340538188,123,POST /documents,200,OK,Create Document - carga 1-15,text,true,,259,1113,8,8,123,0,0
1789340538166,151,POST /documents,200,OK,Create Document - carga 1-14,text,true,,259,1113,8,8,151,0,0
1789340538225,121,POST /documents,200,OK,Create Document - carga 1-19,text,true,,259,1113,8,8,121,0,0
1789340538234,120,POST /documents,200,OK,Create Document - carga 1-17,text,true,,259,1113,8,8,120,0,0
1789340538249,129,POST /documents,200,OK,Create Document - carga 1-20,text,true,,259,1113,8,8,129,0,0
1789340538304,115,POST /documents,200,OK,Create Document - carga 1-16,text,true,,259,1113,8,8,115,0,0
1789340538275,145,POST /documents,200,OK,Create Document - carga 1-18,text,true,,259,1113,8,8,144,0,0
1789340538311,142,POST /documents,200,OK,Create Document - carga 1-13,text,true,,259,1113,8,8,142,0,0
1789340538351,109,POST /documents,200,OK,Create Document - carga 1-14,text,true,,259,1113,8,8,109,0,0
1789340538385,120,POST /documents,200,OK,Create Document - carga 1-19,text,true,,259,1113,8,8,120,0,0
1789340538351,163,POST /documents,200,OK,Create Document - carga 1-15,text,true,,259,1113,8,8,163,0,0
1789340538450,115,POST /documents,200,OK,Create Document - carga 1-17,text,true,,259,1113,8,8,115,0,0
1789340538445,120,POST /documents,200,OK,Create Document - carga 1-16,text,true,,259,1113,8,8,120,0,0
1789340538483,111,POST /documents,200,OK,Create Document - carga 1-14,text,true,,259,1113,8,8,111,0,0
1789340538486,126,POST /documents,200,OK,Create Document - carga 1-13,text,true,,259,1113,8,8,126,0,0
1789340538457,181,POST /documents,200,OK,Create Document - carga 1-18,text,true,,259,1113,8,8,181,0,0
1789340538537,127,POST /documents,200,OK,Create Document - carga 1-19,text,true,,259,1113,8,8,127,0,0
1789340538449,219,POST /documents,200,OK,Create Document - carga 1-20,text,true,,259,1113,8,8,219,0,0
1789340538587,108,POST /documents,200,OK,Create Document - carga 1-16,text,true,,259,1113,8,8,108,0,0
1789340538536,178,POST /documents,200,OK,Create Document - carga 1-15,text,true,,259,1113,8,8,178,0,0
1789340538606,110,POST /documents,200,OK,Create Document - carga 1-14,text,true,,259,1113,8,8,110,0,0
1789340538567,179,POST /documents,200,OK,Create Document - carga 1-17,text,true,,259,1113,8,8,178,0,0
1789340538685,106,POST /documents,200,OK,Create Document - carga 1-20,text,true,,259,1113,8,8,106,0,0
1789340538701,124,POST /documents,200,OK,Create Document - carga 1-19,text,true,,259,1113,8,8,124,0,0
1789340538612,252,POST /documents,200,OK,Create Document - carga 1-13,text,true,,259,1113,8,8,252,0,0
1789340538685,194,POST /documents,200,OK,Create Document - carga 1-18,text,true,,259,1113,8,8,194,0,0
1789340538738,200,POST /documents,200,OK,Create Document - carga 1-14,text,true,,259,1113,8,8,124,0,0
1789340538841,113,POST /documents,200,OK,Create Document - carga 1-17,text,true,,259,1113,8,8,113,0,0
1789340538839,154,POST /documents,200,OK,Create Document - carga 1-20,text,true,,259,1113,8,8,154,0,0
1789340538740,259,POST /documents,200,OK,Create Document - carga 1-15,text,true,,259,1113,8,8,259,0,0
1789340538764,247,POST /documents,200,OK,Create Document - carga 1-16,text,true,,259,1113,8,8,247,0,0
1789340538903,156,POST /documents,200,OK,Create Document - carga 1-13,text,true,,259,1113,8,8,156,0,0
1789340538917,182,POST /documents,200,OK,Create Document - carga 1-19,text,true,,259,1113,8,8,182,0,0
1789340539032,123,POST /documents,200,OK,Create Document - carga 1-15,text,true,,259,1113,8,8,123,0,0
1789340538948,216,POST /documents,200,OK,Create Document - carga 1-14,text,true,,259,1113,8,8,216,0,0
1789340539081,109,POST /documents,200,OK,Create Document - carga 1-20,text,true,,259,1113,8,8,109,0,0
1789340538996,201,POST /documents,200,OK,Create Document - carga 1-17,text,true,,259,1113,8,8,201,0,0
1789340538979,218,POST /documents,200,OK,Create Document - carga 1-18,text,true,,259,1113,8,8,218,0,0
1789340539065,182,POST /documents,200,OK,Create Document - carga 1-16,text,true,,259,1113,8,8,182,0,0
1789340539203,111,POST /documents,200,OK,Create Document - carga 1-17,text,true,,259,1113,8,8,110,0,0
1789340539243,111,POST /documents,200,OK,Create Document - carga 1-18,text,true,,259,1113,8,8,111,0,0
1789340539207,148,POST /documents,200,OK,Create Document - carga 1-15,text,true,,259,1113,8,8,148,0,0
1789340539198,167,POST /documents,200,OK,Create Document - carga 1-19,text,true,,259,1113,8,8,165,0,0
1789340539288,105,POST /documents,200,OK,Create Document - carga 1-20,text,true,,259,1113,8,8,105,0,0
1789340539159,243,POST /documents,200,OK,Create Document - carga 1-13,text,true,,259,1113,8,8,242,0,0
1789340539238,176,POST /documents,200,OK,Create Document - carga 1-14,text,true,,259,1113,7,7,176,0,0
1789340539341,139,POST /documents,200,OK,Create Document - carga 1-16,text,true,,259,1113,7,7,139,0,0
1789340539386,105,POST /documents,200,OK,Create Document - carga 1-18,text,true,,259,1113,7,7,104,0,0
1789340539378,115,POST /documents,200,OK,Create Document - carga 1-19,text,true,,259,1113,7,7,115,0,0
1789340539393,118,POST /documents,200,OK,Create Document - carga 1-17,text,true,,259,1113,7,7,117,0,0
1789340539398,165,POST /documents,200,OK,Create Document - carga 1-15,text,true,,259,1113,7,7,165,0,0
1789340539470,109,POST /documents,200,OK,Create Document - carga 1-14,text,true,,259,1113,7,7,109,0,0
1789340539489,111,POST /documents,200,OK,Create Document - carga 1-20,text,true,,259,1113,7,7,110,0,0
1789340539510,199,POST /documents,200,OK,Create Document - carga 1-19,text,true,,259,1113,7,7,199,0,0
1789340539573,141,POST /documents,200,OK,Create Document - carga 1-17,text,true,,259,1113,7,7,141,0,0
1789340539530,184,POST /documents,200,OK,Create Document - carga 1-18,text,true,,259,1113,7,7,184,0,0
1789340539607,109,POST /documents,200,OK,Create Document - carga 1-14,text,true,,259,1113,7,7,109,0,0
1789340539643,104,POST /documents,200,OK,Create Document - carga 1-15,text,true,,259,1113,7,7,104,0,0
1789340539620,135,POST /documents,200,OK,Create Document - carga 1-20,text,true,,259,1113,7,7,135,0,0
1789340539578,220,POST /documents,200,OK,Create Document - carga 1-16,text,true,,259,1113,7,7,220,0,0
1789340539716,147,POST /documents,200,OK,Create Document - carga 1-19,text,true,,259,1113,7,7,147,0,0
1789340539829,105,POST /documents,200,OK,Create Document - carga 1-15,text,true,,259,1113,7,7,103,0,0
1789340539767,182,POST /documents,200,OK,Create Document - carga 1-18,text,true,,259,1113,7,7,182,0,0
1789340539782,167,POST /documents,200,OK,Create Document - carga 1-17,text,true,,259,1113,7,7,167,0,0
1789340539815,136,POST /documents,200,OK,Create Document - carga 1-16,text,true,,259,1113,7,7,136,0,0
1789340539770,226,POST /documents,200,OK,Create Document - carga 1-20,text,true,,259,1113,7,7,226,0,0
1789340539806,191,POST /documents,200,OK,Create Document - carga 1-14,text,true,,259,1113,7,7,191,0,0
1789340539956,115,POST /documents,200,OK,Create Document - carga 1-19,text,true,,259,1113,7,7,115,0,0
1789340540026,104,POST /documents,200,OK,Create Document - carga 1-18,text,true,,259,1113,7,7,104,0,0
1789340540028,111,POST /documents,200,OK,Create Document - carga 1-16,text,true,,259,1113,7,7,111,0,0
1789340540025,126,POST /documents,200,OK,Create Document - carga 1-17,text,true,,259,1113,7,7,126,0,0
1789340540044,117,POST /documents,200,OK,Create Document - carga 1-14,text,true,,259,1113,7,7,117,0,0
1789340540046,115,POST /documents,200,OK,Create Document - carga 1-20,text,true,,259,1113,7,7,115,0,0
1789340540191,107,POST /documents,200,OK,Create Document - carga 1-14,text,true,,259,1113,7,7,107,0,0
1789340540020,280,POST /documents,200,OK,Create Document - carga 1-15,text,true,,259,1113,7,7,279,0,0
1789340540233,121,POST /documents,200,OK,Create Document - carga 1-17,text,true,,259,1113,7,7,120,0,0
1789340540196,198,POST /documents,200,OK,Create Document - carga 1-20,text,true,,259,1113,7,7,198,0,0
1789340540175,221,POST /documents,200,OK,Create Document - carga 1-16,text,true,,259,1113,7,7,221,0,0
1789340540157,239,POST /documents,200,OK,Create Document - carga 1-18,text,true,,259,1113,7,7,239,0,0
1789340540125,280,POST /documents,200,OK,Create Document - carga 1-19,text,true,,259,1113,7,7,207,0,0
1789340540387,108,POST /documents,200,OK,Create Document - carga 1-15,text,true,,259,1113,7,7,108,0,0
1789340540414,102,POST /documents,200,OK,Create Document - carga 1-17,text,true,,259,1113,7,7,102,0,0
1789340540403,137,POST /documents,200,OK,Create Document - carga 1-18,text,true,,259,1113,7,7,137,0,0
1789340540455,121,POST /documents,200,OK,Create Document - carga 1-19,text,true,,259,1113,7,7,121,0,0
1789340540352,246,POST /documents,200,OK,Create Document - carga 1-14,text,true,,259,1113,7,7,246,0,0
1789340540470,178,POST /documents,200,OK,Create Document - carga 1-20,text,true,,259,1113,7,7,178,0,0
1789340540494,157,POST /documents,200,OK,Create Document - carga 1-16,text,true,,259,1113,7,7,157,0,0
1789340540577,106,POST /documents,200,OK,Create Document - carga 1-17,text,true,,259,1113,7,7,106,0,0
1789340540603,107,POST /documents,200,OK,Create Document - carga 1-18,text,true,,259,1113,7,7,107,0,0
1789340540655,130,POST /documents,200,OK,Create Document - carga 1-19,text,true,,259,1113,7,7,130,0,0
1789340540678,108,POST /documents,200,OK,Create Document - carga 1-16,text,true,,259,1113,7,7,108,0,0
1789340540575,223,POST /documents,200,OK,Create Document - carga 1-15,text,true,,259,1113,7,7,223,0,0
1789340540675,183,POST /documents,200,OK,Create Document - carga 1-14,text,true,,259,1113,7,7,183,0,0
1789340540669,189,POST /documents,200,OK,Create Document - carga 1-20,text,true,,259,1113,7,7,189,0,0
1789340540746,112,POST /documents,200,OK,Create Document - carga 1-17,text,true,,259,1113,7,7,112,0,0
1789340540785,217,POST /documents,200,OK,Create Document - carga 1-18,text,true,,259,1113,7,7,216,0,0
1789340540816,191,POST /documents,200,OK,Create Document - carga 1-15,text,true,,259,1113,7,7,191,0,0
1789340540790,221,POST /documents,200,OK,Create Document - carga 1-19,text,true,,259,1113,7,7,220,0,0
1789340540884,133,POST /documents,200,OK,Create Document - carga 1-16,text,true,,259,1113,7,7,133,0,0
1789340540942,105,POST /documents,200,OK,Create Document - carga 1-14,text,true,,259,1113,7,7,105,0,0
1789340540910,154,POST /documents,200,OK,Create Document - carga 1-20,text,true,,259,1113,7,7,154,0,0
1789340540954,114,POST /documents,200,OK,Create Document - carga 1-17,text,true,,259,1113,7,7,114,0,0
1789340541068,105,POST /documents,200,OK,Create Document - carga 1-18,text,true,,259,1113,7,7,105,0,0
1789340541043,172,POST /documents,200,OK,Create Document - carga 1-15,text,true,,259,1113,7,7,172,0,0
1789340541100,123,POST /documents,200,OK,Create Document - carga 1-14,text,true,,259,1113,7,7,123,0,0
1789340541060,176,POST /documents,200,OK,Create Document - carga 1-16,text,true,,259,1113,7,7,176,0,0
1789340541147,105,POST /documents,200,OK,Create Document - carga 1-17,text,true,,259,1113,7,7,105,0,0
1789340541107,145,POST /documents,200,OK,Create Document - carga 1-20,text,true,,259,1113,7,7,145,0,0
1789340541110,153,POST /documents,200,OK,Create Document - carga 1-19,text,true,,259,1113,7,7,153,0,0
1789340541264,114,POST /documents,200,OK,Create Document - carga 1-18,text,true,,259,1113,7,7,114,0,0
1789340541286,118,POST /documents,200,OK,Create Document - carga 1-16,text,true,,259,1113,7,7,118,0,0
1789340541242,162,POST /documents,200,OK,Create Document - carga 1-15,text,true,,259,1113,7,7,162,0,0
1789340541266,139,POST /documents,200,OK,Create Document - carga 1-19,text,true,,259,1113,7,7,139,0,0
1789340541320,103,POST /documents,200,OK,Create Document - carga 1-17,text,true,,259,1113,7,7,103,0,0
1789340541314,143,POST /documents,200,OK,Create Document - carga 1-14,text,true,,259,1113,7,7,143,0,0
1789340541306,151,POST /documents,200,OK,Create Document - carga 1-20,text,true,,259,1113,7,7,151,0,0
1789340541430,125,POST /documents,200,OK,Create Document - carga 1-19,text,true,,259,1113,6,6,125,0,0
1789340541448,148,POST /documents,200,OK,Create Document - carga 1-16,text,true,,259,1113,6,6,148,0,0
1789340541478,128,POST /documents,200,OK,Create Document - carga 1-18,text,true,,259,1113,6,6,128,0,0
1789340541495,112,POST /documents,200,OK,Create Document - carga 1-15,text,true,,259,1113,6,6,111,0,0
1789340541523,135,POST /documents,200,OK,Create Document - carga 1-17,text,true,,259,1113,6,6,135,0,0
1789340541553,106,POST /documents,200,OK,Create Document - carga 1-20,text,true,,259,1113,6,6,105,0,0
1789340541616,140,POST /documents,200,OK,Create Document - carga 1-18,text,true,,259,1113,6,6,140,0,0
1789340541638,118,POST /documents,200,OK,Create Document - carga 1-16,text,true,,259,1113,6,6,118,0,0
1789340541646,120,POST /documents,200,OK,Create Document - carga 1-19,text,true,,259,1113,6,6,120,0,0
1789340541681,105,POST /documents,200,OK,Create Document - carga 1-17,text,true,,259,1113,6,6,104,0,0
1789340541696,105,POST /documents,200,OK,Create Document - carga 1-15,text,true,,259,1113,6,6,105,0,0
1789340541691,110,POST /documents,200,OK,Create Document - carga 1-20,text,true,,259,1113,6,6,110,0,0
1789340541758,113,POST /documents,200,OK,Create Document - carga 1-18,text,true,,259,1113,6,6,113,0,0
1789340541802,104,POST /documents,200,OK,Create Document - carga 1-17,text,true,,259,1113,6,6,104,0,0
1789340541807,108,POST /documents,200,OK,Create Document - carga 1-16,text,true,,259,1113,6,6,108,0,0
1789340541807,115,POST /documents,200,OK,Create Document - carga 1-19,text,true,,259,1113,6,6,115,0,0
1789340541897,101,POST /documents,200,OK,Create Document - carga 1-20,text,true,,259,1113,6,6,101,0,0
1789340541895,115,POST /documents,200,OK,Create Document - carga 1-15,text,true,,259,1113,6,6,115,0,0
1789340541926,108,POST /documents,200,OK,Create Document - carga 1-17,text,true,,259,1113,6,6,107,0,0
1789340541954,119,POST /documents,200,OK,Create Document - carga 1-18,text,true,,259,1113,6,6,119,0,0
1789340542006,120,POST /documents,200,OK,Create Document - carga 1-19,text,true,,259,1113,6,6,120,0,0
1789340542013,113,POST /documents,200,OK,Create Document - carga 1-16,text,true,,259,1113,6,6,112,0,0
1789340542031,121,POST /documents,200,OK,Create Document - carga 1-20,text,true,,259,1113,6,6,121,0,0
1789340542040,114,POST /documents,200,OK,Create Document - carga 1-15,text,true,,259,1113,6,6,114,0,0
1789340542088,112,POST /documents,200,OK,Create Document - carga 1-18,text,true,,259,1113,6,6,112,0,0
1789340542107,116,POST /documents,200,OK,Create Document - carga 1-17,text,true,,259,1113,6,6,116,0,0
1789340542146,109,POST /documents,200,OK,Create Document - carga 1-16,text,true,,259,1113,6,6,109,0,0
1789340542163,174,POST /documents,200,OK,Create Document - carga 1-20,text,true,,259,1113,6,6,174,0,0
1789340542241,104,POST /documents,200,OK,Create Document - carga 1-18,text,true,,259,1113,6,6,104,0,0
1789340542260,115,POST /documents,200,OK,Create Document - carga 1-17,text,true,,259,1113,6,6,115,0,0
1789340542185,197,POST /documents,200,OK,Create Document - carga 1-15,text,true,,259,1113,6,6,196,0,0
1789340542312,114,POST /documents,200,OK,Create Document - carga 1-16,text,true,,259,1113,6,6,114,0,0
1789340542193,269,POST /documents,200,OK,Create Document - carga 1-19,text,true,,259,1113,6,6,268,0,0
1789340542416,107,POST /documents,200,OK,Create Document - carga 1-17,text,true,,259,1113,6,6,107,0,0
1789340542417,109,POST /documents,200,OK,Create Document - carga 1-18,text,true,,259,1113,6,6,109,0,0
1789340542435,111,POST /documents,200,OK,Create Document - carga 1-16,text,true,,259,1113,6,6,111,0,0
1789340542401,149,POST /documents,200,OK,Create Document - carga 1-20,text,true,,259,1113,6,6,149,0,0
1789340542483,108,POST /documents,200,OK,Create Document - carga 1-15,text,true,,259,1113,6,6,108,0,0
1789340542526,120,POST /documents,200,OK,Create Document - carga 1-19,text,true,,259,1113,6,6,120,0,0
1789340542579,109,POST /documents,200,OK,Create Document - carga 1-17,text,true,,259,1113,6,6,109,0,0
1789340542603,108,POST /documents,200,OK,Create Document - carga 1-20,text,true,,259,1113,6,6,108,0,0
1789340542641,110,POST /documents,200,OK,Create Document - carga 1-15,text,true,,259,1113,6,6,110,0,0
1789340542614,146,POST /documents,200,OK,Create Document - carga 1-18,text,true,,259,1113,6,6,146,0,0
1789340542636,129,POST /documents,200,OK,Create Document - carga 1-16,text,true,,259,1113,6,6,129,0,0
1789340542731,118,POST /documents,200,OK,Create Document - carga 1-19,text,true,,259,1113,6,6,118,0,0
1789340542773,112,POST /documents,200,OK,Create Document - carga 1-17,text,true,,259,1113,6,6,112,0,0
1789340542794,107,POST /documents,200,OK,Create Document - carga 1-20,text,true,,259,1113,6,6,107,0,0
1789340542814,103,POST /documents,200,OK,Create Document - carga 1-16,text,true,,259,1113,6,6,103,0,0
1789340542769,169,POST /documents,200,OK,Create Document - carga 1-15,text,true,,259,1113,6,6,169,0,0
1789340542846,110,POST /documents,200,OK,Create Document - carga 1-18,text,true,,259,1113,6,6,110,0,0
1789340542918,109,POST /documents,200,OK,Create Document - carga 1-17,text,true,,259,1113,6,6,108,0,0
1789340542901,130,POST /documents,200,OK,Create Document - carga 1-19,text,true,,259,1113,6,6,130,0,0
1789340542933,112,POST /documents,200,OK,Create Document - carga 1-16,text,true,,259,1113,6,6,112,0,0
1789340542997,113,POST /documents,200,OK,Create Document - carga 1-20,text,true,,259,1113,6,6,113,0,0
1789340543009,105,POST /documents,200,OK,Create Document - carga 1-15,text,true,,259,1113,6,6,105,0,0
1789340543039,111,POST /documents,200,OK,Create Document - carga 1-18,text,true,,259,1113,5,5,111,0,0
1789340543060,109,POST /documents,200,OK,Create Document - carga 1-17,text,true,,259,1113,5,5,109,0,0
1789340543100,115,POST /documents,200,OK,Create Document - carga 1-19,text,true,,259,1113,5,5,115,0,0
1789340543109,112,POST /documents,200,OK,Create Document - carga 1-16,text,true,,259,1113,5,5,112,0,0
1789340543167,111,POST /documents,200,OK,Create Document - carga 1-18,text,true,,259,1113,5,5,111,0,0
1789340543179,116,POST /documents,200,OK,Create Document - carga 1-20,text,true,,259,1113,5,5,116,0,0
1789340543194,105,POST /documents,200,OK,Create Document - carga 1-17,text,true,,259,1113,5,5,105,0,0
1789340543229,118,POST /documents,200,OK,Create Document - carga 1-19,text,true,,259,1113,5,5,118,0,0
1789340543299,107,POST /documents,200,OK,Create Document - carga 1-18,text,true,,259,1113,5,5,107,0,0
1789340543240,166,POST /documents,200,OK,Create Document - carga 1-16,text,true,,259,1113,5,5,166,0,0
1789340543386,111,POST /documents,200,OK,Create Document - carga 1-20,text,true,,259,1113,5,5,111,0,0
1789340543395,105,POST /documents,200,OK,Create Document - carga 1-17,text,true,,259,1113,5,5,105,0,0
1789340543408,118,POST /documents,200,OK,Create Document - carga 1-19,text,true,,259,1113,5,5,118,0,0
1789340543436,114,POST /documents,200,OK,Create Document - carga 1-18,text,true,,259,1113,5,5,108,0,0
1789340543500,105,POST /documents,200,OK,Create Document - carga 1-16,text,true,,259,1113,5,5,105,0,0
1789340543512,103,POST /documents,200,OK,Create Document - carga 1-17,text,true,,259,1113,5,5,103,0,0
1789340543563,107,POST /documents,200,OK,Create Document - carga 1-18,text,true,,259,1113,5,5,107,0,0
1789340543562,109,POST /documents,200,OK,Create Document - carga 1-20,text,true,,259,1113,5,5,109,0,0
1789340543566,122,POST /documents,200,OK,Create Document - carga 1-19,text,true,,259,1113,5,5,122,0,0
1789340543671,117,POST /documents,200,OK,Create Document - carga 1-16,text,true,,259,1113,5,5,117,0,0
1789340543689,108,POST /documents,200,OK,Create Document - carga 1-18,text,true,,259,1113,5,5,108,0,0
1789340543701,102,POST /documents,200,OK,Create Document - carga 1-17,text,true,,259,1113,5,5,102,0,0
1789340543696,107,POST /documents,200,OK,Create Document - carga 1-20,text,true,,259,1113,5,5,107,0,0
1789340543734,119,POST /documents,200,OK,Create Document - carga 1-19,text,true,,259,1113,5,5,119,0,0
1789340543845,107,POST /documents,200,OK,Create Document - carga 1-17,text,true,,259,1113,5,5,106,0,0
1789340543868,115,POST /documents,200,OK,Create Document - carga 1-18,text,true,,259,1113,5,5,115,0,0
1789340543895,120,POST /documents,200,OK,Create Document - carga 1-19,text,true,,259,1113,5,5,120,0,0
1789340544018,108,POST /documents,200,OK,Create Document - carga 1-17,text,true,,259,1113,5,5,108,0,0
1789340544027,112,POST /documents,200,OK,Create Document - carga 1-18,text,true,,259,1113,5,5,111,0,0
1789340543805,373,POST /documents,200,OK,Create Document - carga 1-16,text,true,,259,1113,5,5,373,0,0
1789340543865,313,POST /documents,200,OK,Create Document - carga 1-20,text,true,,259,1113,5,5,313,0,0
1789340544192,108,POST /documents,200,OK,Create Document - carga 1-17,text,true,,259,1113,5,5,107,0,0
1789340544240,108,POST /documents,200,OK,Create Document - carga 1-16,text,true,,259,1113,5,5,108,0,0
1789340544166,218,POST /documents,200,OK,Create Document - carga 1-18,text,true,,259,1113,5,5,218,0,0
1789340544088,298,POST /documents,200,OK,Create Document - carga 1-19,text,true,,259,1113,5,5,298,0,0
1789340544316,111,POST /documents,200,OK,Create Document - carga 1-17,text,true,,259,1113,5,5,111,0,0
1789340544240,220,POST /documents,200,OK,Create Document - carga 1-20,text,true,,259,1113,5,5,220,0,0
1789340544402,112,POST /documents,200,OK,Create Document - carga 1-16,text,true,,259,1113,5,5,112,0,0
1789340544413,110,POST /documents,200,OK,Create Document - carga 1-18,text,true,,259,1113,5,5,110,0,0
1789340544420,120,POST /documents,200,OK,Create Document - carga 1-19,text,true,,259,1113,5,5,120,0,0
1789340544474,105,POST /documents,200,OK,Create Document - carga 1-17,text,true,,259,1113,5,5,105,0,0
1789340544617,115,POST /documents,200,OK,Create Document - carga 1-18,text,true,,259,1113,5,5,115,0,0
1789340544636,120,POST /documents,200,OK,Create Document - carga 1-19,text,true,,259,1113,5,5,120,0,0
1789340544657,109,POST /documents,200,OK,Create Document - carga 1-17,text,true,,259,1113,5,5,109,0,0
1789340544504,280,POST /documents,200,OK,Create Document - carga 1-20,text,true,,259,1113,5,5,280,0,0
1789340544578,206,POST /documents,200,OK,Create Document - carga 1-16,text,true,,259,1113,5,5,206,0,0
1789340544747,140,POST /documents,200,OK,Create Document - carga 1-18,text,true,,259,1113,5,5,140,0,0
1789340544812,115,POST /documents,200,OK,Create Document - carga 1-16,text,true,,259,1113,5,5,112,0,0
1789340544835,118,POST /documents,200,OK,Create Document - carga 1-17,text,true,,259,1113,5,5,118,0,0
1789340544837,146,POST /documents,200,OK,Create Document - carga 1-20,text,true,,259,1113,5,5,146,0,0
1789340544804,190,POST /documents,200,OK,Create Document - carga 1-19,text,true,,259,1113,5,5,190,0,0
1789340544936,108,POST /documents,200,OK,Create Document - carga 1-18,text,true,,259,1113,5,5,108,0,0
1789340544968,120,POST /documents,200,OK,Create Document - carga 1-16,text,true,,259,1113,5,5,120,0,0
1789340544996,112,POST /documents,200,OK,Create Document - carga 1-17,text,true,,259,1113,5,5,111,0,0
1789340545040,128,POST /documents,200,OK,Create Document - carga 1-19,text,true,,259,1113,5,5,128,0,0
1789340545058,113,POST /documents,200,OK,Create Document - carga 1-18,text,true,,259,1113,5,5,113,0,0
1789340545081,116,POST /documents,200,OK,Create Document - carga 1-20,text,true,,259,1113,5,5,116,0,0
1789340545119,176,POST /documents,200,OK,Create Document - carga 1-17,text,true,,259,1113,5,5,176,0,0
1789340545217,124,POST /documents,200,OK,Create Document - carga 1-19,text,true,,259,1113,5,5,124,0,0
1789340545143,221,POST /documents,200,OK,Create Document - carga 1-16,text,true,,259,1113,5,5,221,0,0
1789340545188,176,POST /documents,200,OK,Create Document - carga 1-18,text,true,,259,1113,5,5,176,0,0
1789340545269,104,POST /documents,200,OK,Create Document - carga 1-20,text,true,,259,1113,5,5,104,0,0
1789340545350,114,POST /documents,200,OK,Create Document - carga 1-17,text,true,,259,1113,5,5,113,0,0
1789340545342,122,POST /documents,200,OK,Create Document - carga 1-19,text,true,,259,1113,5,5,121,0,0
1789340545376,111,POST /documents,200,OK,Create Document - carga 1-18,text,true,,259,1113,5,5,110,0,0
1789340545396,112,POST /documents,200,OK,Create Document - carga 1-16,text,true,,259,1113,5,5,111,0,0
1789340545450,134,POST /documents,200,OK,Create Document - carga 1-20,text,true,,259,1113,5,5,134,0,0
1789340545493,111,POST /documents,200,OK,Create Document - carga 1-18,text,true,,259,1113,5,5,111,0,0
1789340545515,113,POST /documents,200,OK,Create Document - carga 1-16,text,true,,259,1113,5,5,113,0,0
1789340545511,121,POST /documents,200,OK,Create Document - carga 1-19,text,true,,259,1113,4,4,121,0,0
1789340545542,105,POST /documents,200,OK,Create Document - carga 1-17,text,true,,259,1113,4,4,105,0,0
1789340545623,106,POST /documents,200,OK,Create Document - carga 1-20,text,true,,259,1113,4,4,106,0,0
1789340545669,117,POST /documents,200,OK,Create Document - carga 1-19,text,true,,259,1113,4,4,117,0,0
1789340545784,102,POST /documents,200,OK,Create Document - carga 1-20,text,true,,259,1113,4,4,102,0,0
1789340545657,327,POST /documents,200,OK,Create Document - carga 1-17,text,true,,259,1113,4,4,326,0,0
1789340545961,110,POST /documents,200,OK,Create Document - carga 1-20,text,true,,259,1113,4,4,109,0,0
1789340545697,480,POST /documents,200,OK,Create Document - carga 1-18,text,true,,259,1113,4,4,480,0,0
1789340546147,121,POST /documents,200,OK,Create Document - carga 1-20,text,true,,259,1113,4,4,121,0,0
1789340545828,466,POST /documents,200,OK,Create Document - carga 1-19,text,true,,259,1113,4,4,466,0,0
1789340546028,267,POST /documents,200,OK,Create Document - carga 1-17,text,true,,259,1113,4,4,266,0,0
1789340546243,109,POST /documents,200,OK,Create Document - carga 1-18,text,true,,259,1113,4,4,109,0,0
1789340546380,118,POST /documents,200,OK,Create Document - carga 1-19,text,true,,259,1113,4,4,118,0,0
1789340546348,228,POST /documents,200,OK,Create Document - carga 1-17,text,true,,259,1113,4,4,228,0,0
1789340546310,332,POST /documents,200,OK,Create Document - carga 1-20,text,true,,259,1113,4,4,332,0,0
1789340546592,104,POST /documents,200,OK,Create Document - carga 1-17,text,true,,259,1113,4,4,104,0,0
1789340546393,390,POST /documents,200,OK,Create Document - carga 1-18,text,true,,259,1113,4,4,390,0,0
1789340546794,103,POST /documents,200,OK,Create Document - carga 1-17,text,true,,259,1113,4,4,103,0,0
1789340546786,117,POST /documents,200,OK,Create Document - carga 1-18,text,true,,259,1113,3,3,117,0,0
1789340546666,371,POST /documents,200,OK,Create Document - carga 1-20,text,true,,259,1113,3,3,371,0,0
1789340546595,449,POST /documents,200,OK,Create Document - carga 1-19,text,true,,259,1113,3,3,449,0,0
1789340546967,112,POST /documents,200,OK,Create Document - carga 1-18,text,true,,259,1113,3,3,112,0,0
1789340547068,115,POST /documents,200,OK,Create Document - carga 1-19,text,true,,259,1113,3,3,115,0,0
1789340547131,107,POST /documents,200,OK,Create Document - carga 1-20,text,true,,259,1113,3,3,107,0,0
1789340547084,169,POST /documents,200,OK,Create Document - carga 1-18,text,true,,259,1113,3,3,169,0,0
1789340547235,126,POST /documents,200,OK,Create Document - carga 1-19,text,true,,259,1113,3,3,126,0,0
1789340547292,106,POST /documents,200,OK,Create Document - carga 1-18,text,true,,259,1113,3,3,106,0,0
1789340547322,136,POST /documents,200,OK,Create Document - carga 1-20,text,true,,259,1113,3,3,136,0,0
1789340547443,106,POST /documents,200,OK,Create Document - carga 1-18,text,true,,259,1113,3,3,106,0,0
1789340547507,110,POST /documents,200,OK,Create Document - carga 1-20,text,true,,259,1113,3,3,110,0,0
1789340547442,212,POST /documents,200,OK,Create Document - carga 1-19,text,true,,259,1113,3,3,212,0,0
1789340547615,139,POST /documents,200,OK,Create Document - carga 1-18,text,true,,259,1113,3,3,139,0,0
1789340547669,105,POST /documents,200,OK,Create Document - carga 1-20,text,true,,259,1113,3,3,105,0,0
1789340547705,115,POST /documents,200,OK,Create Document - carga 1-19,text,true,,259,1113,3,3,115,0,0
1789340547793,107,POST /documents,200,OK,Create Document - carga 1-18,text,true,,259,1113,3,3,107,0,0
1789340547821,130,POST /documents,200,OK,Create Document - carga 1-20,text,true,,259,1113,3,3,129,0,0
1789340547851,117,POST /documents,200,OK,Create Document - carga 1-19,text,true,,259,1113,3,3,117,0,0
1789340547933,110,POST /documents,200,OK,Create Document - carga 1-18,text,true,,259,1113,3,3,110,0,0
1789340548013,105,POST /documents,200,OK,Create Document - carga 1-20,text,true,,259,1113,3,3,105,0,0
1789340548126,107,POST /documents,200,OK,Create Document - carga 1-20,text,true,,259,1113,3,3,107,0,0
1789340548069,277,POST /documents,200,OK,Create Document - carga 1-18,text,true,,259,1113,3,3,277,0,0
1789340548030,321,POST /documents,200,OK,Create Document - carga 1-19,text,true,,259,1113,3,3,321,0,0
1789340548385,115,POST /documents,200,OK,Create Document - carga 1-19,text,true,,259,1113,3,3,115,0,0
1789340548437,110,POST /documents,200,OK,Create Document - carga 1-18,text,true,,259,1113,3,3,110,0,0
1789340548276,356,POST /documents,200,OK,Create Document - carga 1-20,text,true,,259,1113,3,3,356,0,0
1789340548528,122,POST /documents,200,OK,Create Document - carga 1-19,text,true,,259,1113,3,3,122,0,0
1789340548561,116,POST /documents,200,OK,Create Document - carga 1-18,text,true,,259,1113,3,3,116,0,0
1789340548645,104,POST /documents,200,OK,Create Document - carga 1-20,text,true,,259,1113,3,3,104,0,0
1789340548793,112,POST /documents,200,OK,Create Document - carga 1-20,text,true,,259,1113,3,3,112,0,0
1789340548726,327,POST /documents,200,OK,Create Document - carga 1-19,text,true,,259,1113,3,3,327,0,0
1789340548680,462,POST /documents,200,OK,Create Document - carga 1-18,text,true,,259,1113,3,3,462,0,0
1789340549069,130,POST /documents,200,OK,Create Document - carga 1-19,text,true,,259,1113,3,3,130,0,0
1789340549208,142,POST /documents,200,OK,Create Document - carga 1-18,text,true,,259,1113,3,3,142,0,0
1789340548975,386,POST /documents,200,OK,Create Document - carga 1-20,text,true,,259,1113,3,3,385,0,0
1789340549293,119,POST /documents,200,OK,Create Document - carga 1-19,text,true,,259,1113,3,3,119,0,0
1789340549392,109,POST /documents,200,OK,Create Document - carga 1-18,text,true,,259,1113,3,3,109,0,0
1789340549400,107,POST /documents,200,OK,Create Document - carga 1-20,text,true,,259,1113,3,3,107,0,0
1789340549441,124,POST /documents,200,OK,Create Document - carga 1-19,text,true,,259,1113,3,3,124,0,0
1789340549517,115,POST /documents,200,OK,Create Document - carga 1-20,text,true,,259,1113,3,3,115,0,0
1789340549542,112,POST /documents,200,OK,Create Document - carga 1-18,text,true,,259,1113,3,3,112,0,0
1789340549619,181,POST /documents,200,OK,Create Document - carga 1-19,text,true,,259,1113,3,3,181,0,0
1789340549718,106,POST /documents,200,OK,Create Document - carga 1-20,text,true,,259,1113,3,3,106,0,0
1789340549719,160,POST /documents,200,OK,Create Document - carga 1-18,text,true,,259,1113,3,3,160,0,0
1789340549837,123,POST /documents,200,OK,Create Document - carga 1-19,text,true,,259,1113,2,2,123,0,0
1789340549871,111,POST /documents,200,OK,Create Document - carga 1-20,text,true,,259,1113,2,2,110,0,0
1789340549972,119,POST /documents,200,OK,Create Document - carga 1-19,text,true,,259,1113,2,2,119,0,0
1789340549989,115,POST /documents,200,OK,Create Document - carga 1-20,text,true,,259,1113,2,2,115,0,0
1789340550118,115,POST /documents,200,OK,Create Document - carga 1-19,text,true,,259,1113,2,2,114,0,0
1789340550146,111,POST /documents,200,OK,Create Document - carga 1-20,text,true,,259,1113,2,2,111,0,0
1789340550326,120,POST /documents,200,OK,Create Document - carga 1-19,text,true,,259,1113,2,2,120,0,0
1789340550342,104,POST /documents,200,OK,Create Document - carga 1-20,text,true,,259,1113,2,2,104,0,0
1789340550462,185,POST /documents,200,OK,Create Document - carga 1-19,text,true,,259,1113,2,2,185,0,0
1789340550539,108,POST /documents,200,OK,Create Document - carga 1-20,text,true,,259,1113,2,2,108,0,0
1789340550648,172,POST /documents,200,OK,Create Document - carga 1-19,text,true,,259,1113,2,2,172,0,0
1789340550670,161,POST /documents,200,OK,Create Document - carga 1-20,text,true,,259,1113,2,2,161,0,0
1789340550873,104,POST /documents,200,OK,Create Document - carga 1-20,text,true,,259,1113,2,2,104,0,0
1789340550920,117,POST /documents,200,OK,Create Document - carga 1-19,text,true,,259,1113,2,2,117,0,0
1789340551007,108,POST /documents,200,OK,Create Document - carga 1-20,text,true,,259,1113,2,2,108,0,0
1789340551042,118,POST /documents,200,OK,Create Document - carga 1-19,text,true,,259,1113,2,2,118,0,0
1789340551173,172,POST /documents,200,OK,Create Document - carga 1-20,text,true,,259,1113,2,2,172,0,0
1789340551261,131,POST /documents,200,OK,Create Document - carga 1-19,text,true,,259,1113,2,2,130,0,0
1789340551434,103,POST /documents,200,OK,Create Document - carga 1-20,text,true,,259,1113,2,2,103,0,0
1789340551482,121,POST /documents,200,OK,Create Document - carga 1-19,text,true,,259,1113,2,2,121,0,0
1789340551679,245,POST /documents,200,OK,Create Document - carga 1-19,text,true,,259,1113,2,2,245,0,0
1789340551629,295,POST /documents,200,OK,Create Document - carga 1-20,text,true,,259,1113,2,2,295,0,0
1789340551970,115,POST /documents,200,OK,Create Document - carga 1-19,text,true,,259,1113,2,2,115,0,0
1789340551985,114,POST /documents,200,OK,Create Document - carga 1-20,text,true,,259,1113,2,2,114,0,0
1789340552158,105,POST /documents,200,OK,Create Document - carga 1-20,text,true,,259,1113,2,2,105,0,0
1789340552173,114,POST /documents,200,OK,Create Document - carga 1-19,text,true,,259,1113,2,2,114,0,0
1789340552319,122,POST /documents,200,OK,Create Document - carga 1-20,text,true,,259,1113,2,2,122,0,0
1789340552352,396,POST /documents,200,OK,Create Document - carga 1-19,text,true,,259,1113,2,2,396,0,0
1789340552488,260,POST /documents,200,OK,Create Document - carga 1-20,text,true,,259,1113,2,2,260,0,0
1789340552779,102,POST /documents,200,OK,Create Document - carga 1-20,text,true,,259,1113,2,2,101,0,0
1789340552825,117,POST /documents,200,OK,Create Document - carga 1-19,text,true,,259,1113,2,2,117,0,0
1789340552979,105,POST /documents,200,OK,Create Document - carga 1-20,text,true,,259,1113,2,2,105,0,0
1789340552984,114,POST /documents,200,OK,Create Document - carga 1-19,text,true,,259,1113,2,2,114,0,0
1789340553132,110,POST /documents,200,OK,Create Document - carga 1-20,text,true,,259,1113,2,2,110,0,0
1789340553132,121,POST /documents,200,OK,Create Document - carga 1-19,text,true,,259,1113,2,2,121,0,0
1789340553311,107,POST /documents,200,OK,Create Document - carga 1-20,text,true,,259,1113,2,2,107,0,0
1789340553316,114,POST /documents,200,OK,Create Document - carga 1-19,text,true,,259,1113,2,2,114,0,0
1789340553438,111,POST /documents,200,OK,Create Document - carga 1-20,text,true,,259,1113,1,1,111,0,0
1789340553592,105,POST /documents,200,OK,Create Document - carga 1-20,text,true,,259,1113,1,1,105,0,0
1789340553743,103,POST /documents,200,OK,Create Document - carga 1-20,text,true,,259,1113,1,1,103,0,0
1789340553889,115,POST /documents,200,OK,Create Document - carga 1-20,text,true,,259,1113,1,1,115,0,0
1789340554020,114,POST /documents,200,OK,Create Document - carga 1-20,text,true,,259,1113,1,1,113,0,0
