timeStamp,elapsed,label,responseCode,responseMessage,threadName,dataType,success,failureMessage,bytes,sentBytes,grpThreads,allThreads,Latency,IdleTime,Connect
1789323032476,726,GET /actuator/health,200,OK,setUp - health check 1-1,text,true,,176,241,1,1,718,0,600
1789323033269,1292,POST /documents,200,OK,Create Document - carga 1-1,text,true,,259,1113,1,1,1292,0,219
1789323034707,266,POST /documents,200,OK,Create Document - carga 1-1,text,true,,259,1113,1,1,266,0,0
1789323034981,133,POST /documents,200,OK,Create Document - carga 1-1,text,true,,259,1113,1,1,133,0,0
1789323035153,131,POST /documents,200,OK,Create Document - carga 1-1,text,true,,259,1113,2,2,131,0,0
1789323035295,137,POST /documents,200,OK,Create Document - carga 1-1,text,true,,259,1113,2,2,137,0,0
1789323035271,332,POST /documents,200,OK,Create Document - carga 1-2,text,true,,259,1113,2,2,331,0,203
1789323035534,124,POST /documents,200,OK,Create Document - carga 1-1,text,true,,259,1113,2,2,124,0,0
1789323035611,128,POST /documents,200,OK,Create Document - carga 1-2,text,true,,259,1113,2,2,128,0,0
1789323035741,125,POST /documents,200,OK,Create Document - carga 1-2,text,true,,259,1113,2,2,125,0,0
1789323035758,195,POST /documents,200,OK,Create Document - carga 1-1,text,true,,259,1113,2,2,195,0,0
1789323035895,158,POST /documents,200,OK,Create Document - carga 1-2,text,true,,259,1113,2,2,158,0,0
1789323036039,142,POST /documents,200,OK,Create Document - carga 1-1,text,true,,259,1113,2,2,142,0,0
1789323036081,179,POST /documents,200,OK,Create Document - carga 1-2,text,true,,259,1113,2,2,178,0,0
1789323036244,124,POST /documents,200,OK,Create Document - carga 1-1,text,true,,259,1113,2,2,124,0,0
1789323036342,126,POST /documents,200,OK,Create Document - carga 1-2,text,true,,259,1113,2,2,126,0,0
1789323036457,154,POST /documents,200,OK,Create Document - carga 1-1,text,true,,259,1113,2,2,153,0,0
1789323036493,156,POST /documents,200,OK,Create Document - carga 1-2,text,true,,259,1113,2,2,155,0,0
1789323036661,272,POST /documents,200,OK,Create Document - carga 1-1,text,true,,259,1113,2,2,191,0,0
1789323036706,261,POST /documents,200,OK,Create Document - carga 1-2,text,true,,259,1113,2,2,261,0,0
1789323037012,316,POST /documents,200,OK,Create Document - carga 1-1,text,true,,259,1113,3,3,316,0,0
1789323037023,305,POST /documents,200,OK,Create Document - carga 1-2,text,true,,259,1113,3,3,305,0,0
1789323037339,132,POST /documents,200,OK,Create Document - carga 1-1,text,true,,259,1113,3,3,132,0,0
1789323037377,176,POST /documents,200,OK,Create Document - carga 1-2,text,true,,259,1113,3,3,176,0,0
1789323037507,124,POST /documents,200,OK,Create Document - carga 1-1,text,true,,259,1113,3,3,123,0,0
1789323037345,342,POST /documents,200,OK,Create Document - carga 1-3,text,true,,259,1113,3,3,341,0,208
1789323037610,127,POST /documents,200,OK,Create Document - carga 1-2,text,true,,259,1113,3,3,127,0,0
1789323037709,126,POST /documents,200,OK,Create Document - carga 1-1,text,true,,259,1113,3,3,125,0,0
1789323037744,192,POST /documents,200,OK,Create Document - carga 1-3,text,true,,259,1113,3,3,192,0,0
1789323037739,201,POST /documents,200,OK,Create Document - carga 1-2,text,true,,259,1113,3,3,197,0,0
1789323037891,121,POST /documents,200,OK,Create Document - carga 1-1,text,true,,259,1113,3,3,121,0,0
1789323037948,152,POST /documents,200,OK,Create Document - carga 1-3,text,true,,259,1113,3,3,151,0,0
1789323038031,132,POST /documents,200,OK,Create Document - carga 1-2,text,true,,259,1113,3,3,131,0,0
1789323038097,143,POST /documents,200,OK,Create Document - carga 1-1,text,true,,259,1113,3,3,143,0,0
1789323038155,180,POST /documents,200,OK,Create Document - carga 1-3,text,true,,259,1113,3,3,180,0,0
1789323038379,902,POST /documents,200,OK,Create Document - carga 1-3,text,true,,259,1113,4,4,902,0,0
1789323038229,1052,POST /documents,200,OK,Create Document - carga 1-2,text,true,,259,1113,4,4,1052,0,0
1789323038319,964,POST /documents,200,OK,Create Document - carga 1-1,text,true,,259,1113,4,4,963,0,0
1789323039383,720,POST /documents,200,OK,Create Document - carga 1-3,text,true,,259,1113,4,4,720,0,0
1789323039309,794,POST /documents,200,OK,Create Document - carga 1-2,text,true,,259,1113,4,4,794,0,0
1789323039369,734,POST /documents,200,OK,Create Document - carga 1-1,text,true,,259,1113,4,4,734,0,0
1789323039264,1008,POST /documents,200,OK,Create Document - carga 1-4,text,true,,259,1113,4,4,1008,0,219
1789323040116,468,POST /documents,200,OK,Create Document - carga 1-3,text,true,,259,1113,4,4,468,0,0
1789323040120,562,POST /documents,200,OK,Create Document - carga 1-2,text,true,,259,1113,4,4,561,0,0
1789323040190,492,POST /documents,200,OK,Create Document - carga 1-1,text,true,,259,1113,4,4,492,0,0
1789323040329,453,POST /documents,200,OK,Create Document - carga 1-4,text,true,,259,1113,4,4,452,0,0
1789323040639,802,POST /documents,200,OK,Create Document - carga 1-3,text,true,,259,1113,5,5,802,0,0
1789323040799,643,POST /documents,200,OK,Create Document - carga 1-4,text,true,,259,1113,5,5,642,0,0
1789323040779,663,POST /documents,200,OK,Create Document - carga 1-2,text,true,,259,1113,5,5,662,0,0
1789323040731,710,POST /documents,200,OK,Create Document - carga 1-1,text,true,,259,1113,5,5,710,0,0
1789323041515,747,POST /documents,200,OK,Create Document - carga 1-1,text,true,,259,1113,5,5,747,0,0
1789323041522,742,POST /documents,200,OK,Create Document - carga 1-2,text,true,,259,1113,5,5,742,0,0
1789323041462,802,POST /documents,200,OK,Create Document - carga 1-3,text,true,,259,1113,5,5,801,0,0
1789323041473,791,POST /documents,200,OK,Create Document - carga 1-4,text,true,,259,1113,5,5,790,0,0
1789323041339,925,POST /documents,200,OK,Create Document - carga 1-5,text,true,,259,1113,5,5,925,0,218
1789323042316,371,POST /documents,200,OK,Create Document - carga 1-1,text,true,,259,1113,5,5,371,0,0
1789323042332,355,POST /documents,200,OK,Create Document - carga 1-5,text,true,,259,1113,5,5,355,0,0
1789323042287,400,POST /documents,200,OK,Create Document - carga 1-4,text,true,,259,1113,5,5,400,0,0
1789323042353,378,POST /documents,200,OK,Create Document - carga 1-3,text,true,,259,1113,5,5,378,0,0
1789323042355,437,POST /documents,200,OK,Create Document - carga 1-2,text,true,,259,1113,5,5,437,0,0
1789323042698,337,POST /documents,200,OK,Create Document - carga 1-1,text,true,,259,1113,5,5,294,0,0
1789323042721,411,POST /documents,200,OK,Create Document - carga 1-5,text,true,,259,1113,5,5,388,0,0
1789323042782,351,POST /documents,200,OK,Create Document - carga 1-3,text,true,,259,1113,5,5,351,0,0
1789323042789,395,POST /documents,200,OK,Create Document - carga 1-4,text,true,,259,1113,5,5,353,0,0
1789323042871,562,POST /documents,200,OK,Create Document - carga 1-2,text,true,,259,1113,6,6,518,0,0
1789323043070,514,POST /documents,200,OK,Create Document - carga 1-1,text,true,,259,1113,6,6,465,0,0
1789323043208,427,POST /documents,200,OK,Create Document - carga 1-5,text,true,,259,1113,6,6,427,0,0
1789323043147,588,POST /documents,200,OK,Create Document - carga 1-3,text,true,,259,1113,6,6,588,0,0
1789323043208,578,POST /documents,200,OK,Create Document - carga 1-4,text,true,,259,1113,6,6,577,0,0
1789323043535,448,POST /documents,200,OK,Create Document - carga 1-2,text,true,,259,1113,6,6,448,0,0
1789323043320,667,POST /documents,200,OK,Create Document - carga 1-6,text,true,,259,1113,6,6,667,0,196
1789323043658,375,POST /documents,200,OK,Create Document - carga 1-5,text,true,,259,1113,6,6,375,0,0
1789323043673,412,POST /documents,200,OK,Create Document - carga 1-1,text,true,,259,1113,6,6,412,0,0
1789323043883,216,POST /documents,200,OK,Create Document - carga 1-4,text,true,,259,1113,6,6,216,0,0
1789323043815,420,POST /documents,200,OK,Create Document - carga 1-3,text,true,,259,1113,6,6,420,0,0
1789323044111,930,POST /documents,200,OK,Create Document - carga 1-1,text,true,,259,1113,6,6,929,0,0
1789323044027,1014,POST /documents,200,OK,Create Document - carga 1-2,text,true,,259,1113,6,6,1014,0,0
1789323044040,1001,POST /documents,200,OK,Create Document - carga 1-5,text,true,,259,1113,6,6,1001,0,0
1789323044165,876,POST /documents,200,OK,Create Document - carga 1-4,text,true,,259,1113,6,6,876,0,0
1789323044063,978,POST /documents,200,OK,Create Document - carga 1-6,text,true,,259,1113,6,6,978,0,0
1789323044249,793,POST /documents,200,OK,Create Document - carga 1-3,text,true,,259,1113,6,6,793,0,0
1789323045080,409,POST /documents,200,OK,Create Document - carga 1-5,text,true,,259,1113,7,7,409,0,0
1789323045051,484,POST /documents,200,OK,Create Document - carga 1-3,text,true,,259,1113,7,7,484,0,0
1789323045127,408,POST /documents,200,OK,Create Document - carga 1-6,text,true,,259,1113,7,7,408,0,0
1789323045053,530,POST /documents,200,OK,Create Document - carga 1-2,text,true,,259,1113,7,7,529,0,0
1789323045049,587,POST /documents,200,OK,Create Document - carga 1-1,text,true,,259,1113,7,7,587,0,0
1789323045552,289,POST /documents,200,OK,Create Document - carga 1-6,text,true,,259,1113,7,7,289,0,0
1789323045098,786,POST /documents,200,OK,Create Document - carga 1-4,text,true,,259,1113,7,7,743,0,0
1789323045537,396,POST /documents,200,OK,Create Document - carga 1-3,text,true,,259,1113,7,7,351,0,0
1789323045552,484,POST /documents,200,OK,Create Document - carga 1-5,text,true,,259,1113,7,7,482,0,0
1789323045340,710,POST /documents,200,OK,Create Document - carga 1-7,text,true,,259,1113,7,7,710,0,236
1789323045651,589,POST /documents,200,OK,Create Document - carga 1-1,text,true,,259,1113,7,7,589,0,0
1789323045864,379,POST /documents,200,OK,Create Document - carga 1-6,text,true,,259,1113,7,7,378,0,0
1789323045624,710,POST /documents,200,OK,Create Document - carga 1-2,text,true,,259,1113,7,7,710,0,0
1789323045944,443,POST /documents,200,OK,Create Document - carga 1-4,text,true,,259,1113,7,7,443,0,0
1789323046033,404,POST /documents,200,OK,Create Document - carga 1-3,text,true,,259,1113,7,7,403,0,0
1789323046087,449,POST /documents,200,OK,Create Document - carga 1-5,text,true,,259,1113,7,7,448,0,0
1789323046065,730,POST /documents,200,OK,Create Document - carga 1-7,text,true,,259,1113,7,7,730,0,0
1789323046336,458,POST /documents,200,OK,Create Document - carga 1-2,text,true,,259,1113,7,7,455,0,0
1789323046279,557,POST /documents,200,OK,Create Document - carga 1-6,text,true,,259,1113,7,7,556,0,0
1789323046326,509,POST /documents,200,OK,Create Document - carga 1-1,text,true,,259,1113,7,7,509,0,0
1789323046454,531,POST /documents,200,OK,Create Document - carga 1-4,text,true,,259,1113,7,7,531,0,0
1789323046536,499,POST /documents,200,OK,Create Document - carga 1-3,text,true,,259,1113,7,7,496,0,0
1789323046578,565,POST /documents,200,OK,Create Document - carga 1-5,text,true,,259,1113,7,7,565,0,0
1789323046848,492,POST /documents,200,OK,Create Document - carga 1-6,text,true,,259,1113,8,8,491,0,0
1789323046848,498,POST /documents,200,OK,Create Document - carga 1-1,text,true,,259,1113,8,8,498,0,0
1789323047022,363,POST /documents,200,OK,Create Document - carga 1-4,text,true,,259,1113,8,8,362,0,0
1789323046857,528,POST /documents,200,OK,Create Document - carga 1-2,text,true,,259,1113,8,8,527,0,0
1789323046800,645,POST /documents,200,OK,Create Document - carga 1-7,text,true,,259,1113,8,8,596,0,0
1789323047236,347,POST /documents,200,OK,Create Document - carga 1-5,text,true,,259,1113,8,8,307,0,0
1789323047053,530,POST /documents,200,OK,Create Document - carga 1-3,text,true,,259,1113,8,8,530,0,0
1789323047397,337,POST /documents,200,OK,Create Document - carga 1-2,text,true,,259,1113,8,8,336,0,0
1789323047410,327,POST /documents,200,OK,Create Document - carga 1-1,text,true,,259,1113,8,8,323,0,0
1789323047422,317,POST /documents,200,OK,Create Document - carga 1-6,text,true,,259,1113,8,8,316,0,0
1789323047264,572,POST /documents,200,OK,Create Document - carga 1-8,text,true,,259,1113,8,8,572,0,198
1789323047476,407,POST /documents,200,OK,Create Document - carga 1-4,text,true,,259,1113,8,8,407,0,0
1789323047631,357,POST /documents,200,OK,Create Document - carga 1-5,text,true,,259,1113,8,8,355,0,0
1789323047678,464,POST /documents,200,OK,Create Document - carga 1-3,text,true,,259,1113,8,8,464,0,0
1789323047504,641,POST /documents,200,OK,Create Document - carga 1-7,text,true,,259,1113,8,8,641,0,0
1789323047792,453,POST /documents,200,OK,Create Document - carga 1-1,text,true,,259,1113,8,8,452,0,0
1789323047801,533,POST /documents,200,OK,Create Document - carga 1-6,text,true,,259,1113,8,8,532,0,0
1789323047809,534,POST /documents,200,OK,Create Document - carga 1-2,text,true,,259,1113,8,8,533,0,0
1789323047930,414,POST /documents,200,OK,Create Document - carga 1-4,text,true,,259,1113,8,8,412,0,0
1789323047857,587,POST /documents,200,OK,Create Document - carga 1-8,text,true,,259,1113,8,8,587,0,0
1789323048180,455,POST /documents,200,OK,Create Document - carga 1-3,text,true,,259,1113,8,8,455,0,0
1789323048014,628,POST /documents,200,OK,Create Document - carga 1-5,text,true,,259,1113,8,8,628,0,0
1789323048195,551,POST /documents,200,OK,Create Document - carga 1-7,text,true,,259,1113,8,8,504,0,0
1789323048276,660,POST /documents,200,OK,Create Document - carga 1-1,text,true,,259,1113,8,8,659,0,0
1789323048511,432,POST /documents,200,OK,Create Document - carga 1-8,text,true,,259,1113,8,8,432,0,0
1789323048388,559,POST /documents,200,OK,Create Document - carga 1-4,text,true,,259,1113,8,8,556,0,0
1789323048392,642,POST /documents,200,OK,Create Document - carga 1-2,text,true,,259,1113,8,8,591,0,0
1789323048403,631,POST /documents,200,OK,Create Document - carga 1-6,text,true,,259,1113,8,8,580,0,0
1789323048731,512,POST /documents,200,OK,Create Document - carga 1-3,text,true,,259,1113,8,8,511,0,0
1789323048694,550,POST /documents,200,OK,Create Document - carga 1-5,text,true,,259,1113,8,8,550,0,0
1789323048987,560,POST /documents,200,OK,Create Document - carga 1-1,text,true,,259,1113,9,9,560,0,0
1789323049125,556,POST /documents,200,OK,Create Document - carga 1-2,text,true,,259,1113,9,9,556,0,0
1789323048968,872,POST /documents,200,OK,Create Document - carga 1-8,text,true,,259,1113,9,9,872,0,0
1789323048967,873,POST /documents,200,OK,Create Document - carga 1-4,text,true,,259,1113,9,9,873,0,0
1789323049313,530,POST /documents,200,OK,Create Document - carga 1-9,text,true,,259,1113,9,9,530,0,188
1789323048839,1016,POST /documents,200,OK,Create Document - carga 1-7,text,true,,259,1113,9,9,1014,0,0
1789323049329,810,POST /documents,200,OK,Create Document - carga 1-5,text,true,,259,1113,9,9,810,0,0
1789323049342,799,POST /documents,200,OK,Create Document - carga 1-3,text,true,,259,1113,9,9,799,0,0
1789323049064,1087,POST /documents,200,OK,Create Document - carga 1-6,text,true,,259,1113,9,9,1087,0,0
1789323049571,662,POST /documents,200,OK,Create Document - carga 1-1,text,true,,259,1113,9,9,662,0,0
1789323049748,496,POST /documents,200,OK,Create Document - carga 1-2,text,true,,259,1113,9,9,495,0,0
1789323049909,435,POST /documents,200,OK,Create Document - carga 1-4,text,true,,259,1113,9,9,435,0,0
1789323049859,535,POST /documents,200,OK,Create Document - carga 1-7,text,true,,259,1113,9,9,535,0,0
1789323049903,532,POST /documents,200,OK,Create Document - carga 1-8,text,true,,259,1113,9,9,441,0,0
1789323049942,494,POST /documents,200,OK,Create Document - carga 1-9,text,true,,259,1113,9,9,493,0,0
1789323050218,326,POST /documents,200,OK,Create Document - carga 1-6,text,true,,259,1113,9,9,326,0,0
1789323050245,299,POST /documents,200,OK,Create Document - carga 1-2,text,true,,259,1113,9,9,299,0,0
1789323050193,445,POST /documents,200,OK,Create Document - carga 1-5,text,true,,259,1113,9,9,445,0,0
1789323050219,420,POST /documents,200,OK,Create Document - carga 1-3,text,true,,259,1113,9,9,420,0,0
1789323050302,431,POST /documents,200,OK,Create Document - carga 1-1,text,true,,259,1113,9,9,430,0,0
1789323050383,452,POST /documents,200,OK,Create Document - carga 1-4,text,true,,259,1113,9,9,401,0,0
1789323050462,381,POST /documents,200,OK,Create Document - carga 1-8,text,true,,259,1113,9,9,381,0,0
1789323050422,422,POST /documents,200,OK,Create Document - carga 1-7,text,true,,259,1113,9,9,422,0,0
1789323050534,406,POST /documents,200,OK,Create Document - carga 1-9,text,true,,259,1113,9,9,406,0,0
1789323050597,344,POST /documents,200,OK,Create Document - carga 1-2,text,true,,259,1113,9,9,344,0,0
1789323050592,446,POST /documents,200,OK,Create Document - carga 1-6,text,true,,259,1113,9,9,446,0,0
1789323050737,302,POST /documents,200,OK,Create Document - carga 1-3,text,true,,259,1113,9,9,302,0,0
1789323050658,483,POST /documents,200,OK,Create Document - carga 1-5,text,true,,259,1113,9,9,482,0,0
1789323050785,451,POST /documents,200,OK,Create Document - carga 1-1,text,true,,259,1113,9,9,399,0,0
1789323050883,365,POST /documents,200,OK,Create Document - carga 1-8,text,true,,259,1113,9,9,365,0,0
1789323050924,411,POST /documents,200,OK,Create Document - carga 1-4,text,true,,259,1113,10,10,411,0,0
1789323050947,391,POST /documents,200,OK,Create Document - carga 1-9,text,true,,259,1113,10,10,388,0,0
1789323051014,426,POST /documents,200,OK,Create Document - carga 1-2,text,true,,259,1113,10,10,426,0,0
1789323050888,563,POST /documents,200,OK,Create Document - carga 1-7,text,true,,259,1113,10,10,563,0,0
1789323051120,516,POST /documents,200,OK,Create Document - carga 1-3,text,true,,259,1113,10,10,516,0,0
1789323051228,409,POST /documents,200,OK,Create Document - carga 1-5,text,true,,259,1113,10,10,408,0,0
1789323051102,631,POST /documents,200,OK,Create Document - carga 1-6,text,true,,259,1113,10,10,539,0,0
1789323051316,426,POST /documents,200,OK,Create Document - carga 1-8,text,true,,259,1113,10,10,426,0,0
1789323051298,450,POST /documents,200,OK,Create Document - carga 1-1,text,true,,259,1113,10,10,449,0,0
1789323051464,389,POST /documents,200,OK,Create Document - carga 1-7,text,true,,259,1113,10,10,388,0,0
1789323051414,522,POST /documents,200,OK,Create Document - carga 1-4,text,true,,259,1113,10,10,470,0,0
1789323051402,536,POST /documents,200,OK,Create Document - carga 1-9,text,true,,259,1113,10,10,533,0,0
1789323051535,447,POST /documents,200,OK,Create Document - carga 1-2,text,true,,259,1113,10,10,447,0,0
1789323051263,780,POST /documents,200,OK,Create Document - carga 1-10,text,true,,259,1113,10,10,780,0,195
1789323051671,468,POST /documents,200,OK,Create Document - carga 1-5,text,true,,259,1113,10,10,468,0,0
1789323051752,387,POST /documents,200,OK,Create Document - carga 1-6,text,true,,259,1113,10,10,387,0,0
1789323051733,412,POST /documents,200,OK,Create Document - carga 1-3,text,true,,259,1113,10,10,412,0,0
1789323051770,376,POST /documents,200,OK,Create Document - carga 1-8,text,true,,259,1113,10,10,376,0,0
1789323051985,268,POST /documents,200,OK,Create Document - carga 1-4,text,true,,259,1113,10,10,268,0,0
1789323051778,558,POST /documents,200,OK,Create Document - carga 1-1,text,true,,259,1113,10,10,557,0,0
1789323051996,347,POST /documents,200,OK,Create Document - carga 1-2,text,true,,259,1113,10,10,347,0,0
1789323051870,482,POST /documents,200,OK,Create Document - carga 1-7,text,true,,259,1113,10,10,481,0,0
1789323051962,475,POST /documents,200,OK,Create Document - carga 1-9,text,true,,259,1113,10,10,475,0,0
1789323052178,360,POST /documents,200,OK,Create Document - carga 1-5,text,true,,259,1113,10,10,360,0,0
1789323052165,375,POST /documents,200,OK,Create Document - carga 1-3,text,true,,259,1113,10,10,375,0,0
1789323052150,393,POST /documents,200,OK,Create Document - carga 1-6,text,true,,259,1113,10,10,391,0,0
1789323052144,400,POST /documents,200,OK,Create Document - carga 1-10,text,true,,259,1113,10,10,400,0,0
1789323052240,412,POST /documents,200,OK,Create Document - carga 1-8,text,true,,259,1113,10,10,412,0,0
1789323052337,407,POST /documents,200,OK,Create Document - carga 1-4,text,true,,259,1113,10,10,404,0,0
1789323052484,265,POST /documents,200,OK,Create Document - carga 1-9,text,true,,259,1113,10,10,264,0,0
1789323052428,410,POST /documents,200,OK,Create Document - carga 1-1,text,true,,259,1113,10,10,410,0,0
1789323052394,453,POST /documents,200,OK,Create Document - carga 1-2,text,true,,259,1113,10,10,447,0,0
1789323052403,453,POST /documents,200,OK,Create Document - carga 1-7,text,true,,259,1113,10,10,451,0,0
1789323052552,487,POST /documents,200,OK,Create Document - carga 1-10,text,true,,259,1113,10,10,487,0,0
1789323052565,479,POST /documents,200,OK,Create Document - carga 1-6,text,true,,259,1113,10,10,479,0,0
1789323052671,373,POST /documents,200,OK,Create Document - carga 1-8,text,true,,259,1113,10,10,373,0,0
1789323052631,416,POST /documents,200,OK,Create Document - carga 1-5,text,true,,259,1113,10,10,416,0,0
1789323052623,514,POST /documents,200,OK,Create Document - carga 1-3,text,true,,259,1113,10,10,514,0,0
1789323052862,385,POST /documents,200,OK,Create Document - carga 1-2,text,true,,259,1113,10,10,385,0,0
1789323052808,441,POST /documents,200,OK,Create Document - carga 1-4,text,true,,259,1113,10,10,441,0,0
1789323052888,376,POST /documents,200,OK,Create Document - carga 1-7,text,true,,259,1113,11,11,376,0,0
1789323052796,555,POST /documents,200,OK,Create Document - carga 1-9,text,true,,259,1113,11,11,555,0,0
1789323052919,432,POST /documents,200,OK,Create Document - carga 1-1,text,true,,259,1113,11,11,432,0,0
1789323053056,483,POST /documents,200,OK,Create Document - carga 1-10,text,true,,259,1113,11,11,483,0,0
1789323053137,402,POST /documents,200,OK,Create Document - carga 1-6,text,true,,259,1113,11,11,402,0,0
1789323053196,346,POST /documents,200,OK,Create Document - carga 1-3,text,true,,259,1113,11,11,345,0,0
1789323053139,403,POST /documents,200,OK,Create Document - carga 1-8,text,true,,259,1113,11,11,403,0,0
1789323053102,541,POST /documents,200,OK,Create Document - carga 1-5,text,true,,259,1113,11,11,481,0,0
1789323053290,457,POST /documents,200,OK,Create Document - carga 1-11,text,true,,259,1113,11,11,456,0,189
1789323053259,488,POST /documents,200,OK,Create Document - carga 1-4,text,true,,259,1113,11,11,488,0,0
1789323053381,365,POST /documents,200,OK,Create Document - carga 1-1,text,true,,259,1113,11,11,365,0,0
1789323053344,489,POST /documents,200,OK,Create Document - carga 1-2,text,true,,259,1113,11,11,489,0,0
1789323053305,545,POST /documents,200,OK,Create Document - carga 1-7,text,true,,259,1113,11,11,544,0,0
1789323053427,515,POST /documents,200,OK,Create Document - carga 1-9,text,true,,259,1113,11,11,515,0,0
1789323053616,331,POST /documents,200,OK,Create Document - carga 1-6,text,true,,259,1113,11,11,331,0,0
1789323053601,434,POST /documents,200,OK,Create Document - carga 1-10,text,true,,259,1113,11,11,434,0,0
1789323053569,482,POST /documents,200,OK,Create Document - carga 1-8,text,true,,259,1113,11,11,473,0,0
1789323053554,583,POST /documents,200,OK,Create Document - carga 1-3,text,true,,259,1113,11,11,583,0,0
1789323053769,469,POST /documents,200,OK,Create Document - carga 1-1,text,true,,259,1113,11,11,469,0,0
1789323053804,434,POST /documents,200,OK,Create Document - carga 1-4,text,true,,259,1113,11,11,434,0,0
1789323053679,560,POST /documents,200,OK,Create Document - carga 1-5,text,true,,259,1113,11,11,559,0,0
1789323053883,451,POST /documents,200,OK,Create Document - carga 1-2,text,true,,259,1113,11,11,451,0,0
1789323053791,548,POST /documents,200,OK,Create Document - carga 1-11,text,true,,259,1113,11,11,544,0,0
1789323053898,455,POST /documents,200,OK,Create Document - carga 1-7,text,true,,259,1113,11,11,455,0,0
1789323053967,465,POST /documents,200,OK,Create Document - carga 1-9,text,true,,259,1113,11,11,465,0,0
1789323054115,430,POST /documents,200,OK,Create Document - carga 1-8,text,true,,259,1113,11,11,430,0,0
1789323054216,329,POST /documents,200,OK,Create Document - carga 1-3,text,true,,259,1113,11,11,329,0,0
1789323053976,570,POST /documents,200,OK,Create Document - carga 1-6,text,true,,259,1113,11,11,567,0,0
1789323054083,554,POST /documents,200,OK,Create Document - carga 1-10,text,true,,259,1113,11,11,553,0,0
1789323054290,348,POST /documents,200,OK,Create Document - carga 1-1,text,true,,259,1113,11,11,348,0,0
1789323054261,572,POST /documents,200,OK,Create Document - carga 1-5,text,true,,259,1113,11,11,571,0,0
1789323054359,476,POST /documents,200,OK,Create Document - carga 1-11,text,true,,259,1113,11,11,476,0,0
1789323054300,534,POST /documents,200,OK,Create Document - carga 1-4,text,true,,259,1113,11,11,450,0,0
1789323054412,432,POST /documents,200,OK,Create Document - carga 1-2,text,true,,259,1113,11,11,431,0,0
1789323054409,536,POST /documents,200,OK,Create Document - carga 1-7,text,true,,259,1113,11,11,536,0,0
1789323054579,455,POST /documents,200,OK,Create Document - carga 1-8,text,true,,259,1113,11,11,455,0,0
1789323054454,583,POST /documents,200,OK,Create Document - carga 1-9,text,true,,259,1113,11,11,580,0,0
1789323054557,576,POST /documents,200,OK,Create Document - carga 1-3,text,true,,259,1113,11,11,576,0,0
1789323054621,517,POST /documents,200,OK,Create Document - carga 1-6,text,true,,259,1113,11,11,517,0,0
1789323054729,411,POST /documents,200,OK,Create Document - carga 1-10,text,true,,259,1113,11,11,411,0,0
1789323054903,250,POST /documents,200,OK,Create Document - carga 1-4,text,true,,259,1113,11,11,250,0,0
1789323054662,575,POST /documents,200,OK,Create Document - carga 1-1,text,true,,259,1113,11,11,575,0,0
1789323054864,480,POST /documents,200,OK,Create Document - carga 1-2,text,true,,259,1113,12,12,479,0,0
1789323055027,327,POST /documents,200,OK,Create Document - carga 1-7,text,true,,259,1113,12,12,326,0,0
1789323054882,552,POST /documents,200,OK,Create Document - carga 1-5,text,true,,259,1113,12,12,552,0,0
1789323055075,359,POST /documents,200,OK,Create Document - carga 1-9,text,true,,259,1113,12,12,358,0,0
1789323054895,540,POST /documents,200,OK,Create Document - carga 1-11,text,true,,259,1113,12,12,540,0,0
1789323055174,371,POST /documents,200,OK,Create Document - carga 1-3,text,true,,259,1113,12,12,371,0,0
1789323055198,448,POST /documents,200,OK,Create Document - carga 1-6,text,true,,259,1113,12,12,448,0,0
1789323055132,603,POST /documents,200,OK,Create Document - carga 1-8,text,true,,259,1113,12,12,510,0,0
1789323055146,589,POST /documents,200,OK,Create Document - carga 1-10,text,true,,259,1113,12,12,589,0,0
1789323055207,530,POST /documents,200,OK,Create Document - carga 1-4,text,true,,259,1113,12,12,530,0,0
1789323055247,596,POST /documents,200,OK,Create Document - carga 1-1,text,true,,259,1113,12,12,596,0,0
1789323055353,592,POST /documents,200,OK,Create Document - carga 1-2,text,true,,259,1113,12,12,592,0,0
1789323055512,437,POST /documents,200,OK,Create Document - carga 1-5,text,true,,259,1113,12,12,433,0,0
1789323055474,566,POST /documents,200,OK,Create Document - carga 1-11,text,true,,259,1113,12,12,565,0,0
1789323055787,357,POST /documents,200,OK,Create Document - carga 1-10,text,true,,259,1113,12,12,355,0,0
1789323055369,780,POST /documents,200,OK,Create Document - carga 1-7,text,true,,259,1113,12,12,695,0,0
1789323055711,539,POST /documents,200,OK,Create Document - carga 1-6,text,true,,259,1113,12,12,538,0,0
1789323055493,757,POST /documents,200,OK,Create Document - carga 1-9,text,true,,259,1113,12,12,756,0,0
1789323055329,921,POST /documents,200,OK,Create Document - carga 1-12,text,true,,259,1113,12,12,921,0,198
1789323055806,529,POST /documents,200,OK,Create Document - carga 1-8,text,true,,259,1113,12,12,527,0,0
1789323055839,504,POST /documents,200,OK,Create Document - carga 1-4,text,true,,259,1113,12,12,504,0,0
1789323055551,873,POST /documents,200,OK,Create Document - carga 1-3,text,true,,259,1113,12,12,873,0,0
1789323055889,546,POST /documents,200,OK,Create Document - carga 1-1,text,true,,259,1113,12,12,546,0,0
1789323055948,493,POST /documents,200,OK,Create Document - carga 1-2,text,true,,259,1113,12,12,492,0,0
1789323056051,483,POST /documents,200,OK,Create Document - carga 1-5,text,true,,259,1113,12,12,394,0,0
1789323056121,413,POST /documents,200,OK,Create Document - carga 1-11,text,true,,259,1113,12,12,413,0,0
1789323056237,400,POST /documents,200,OK,Create Document - carga 1-10,text,true,,259,1113,12,12,400,0,0
1789323056221,424,POST /documents,200,OK,Create Document - carga 1-7,text,true,,259,1113,12,12,424,0,0
1789323056363,400,POST /documents,200,OK,Create Document - carga 1-8,text,true,,259,1113,12,12,400,0,0
1789323056255,507,POST /documents,200,OK,Create Document - carga 1-9,text,true,,259,1113,12,12,385,0,0
1789323056309,454,POST /documents,200,OK,Create Document - carga 1-6,text,true,,259,1113,12,12,454,0,0
1789323056517,329,POST /documents,200,OK,Create Document - carga 1-3,text,true,,259,1113,12,12,329,0,0
1789323056508,425,POST /documents,200,OK,Create Document - carga 1-1,text,true,,259,1113,12,12,425,0,0
1789323056333,604,POST /documents,200,OK,Create Document - carga 1-12,text,true,,259,1113,12,12,604,0,0
1789323056508,526,POST /documents,200,OK,Create Document - carga 1-2,text,true,,259,1113,12,12,526,0,0
1789323056401,635,POST /documents,200,OK,Create Document - carga 1-4,text,true,,259,1113,12,12,635,0,0
1789323056550,585,POST /documents,200,OK,Create Document - carga 1-11,text,true,,259,1113,12,12,585,0,0
1789323056544,598,POST /documents,200,OK,Create Document - carga 1-5,text,true,,259,1113,12,12,597,0,0
1789323056687,455,POST /documents,200,OK,Create Document - carga 1-10,text,true,,259,1113,12,12,455,0,0
1789323056900,334,POST /documents,200,OK,Create Document - carga 1-3,text,true,,259,1113,12,12,333,0,0
1789323056819,421,POST /documents,200,OK,Create Document - carga 1-6,text,true,,259,1113,12,12,421,0,0
1789323056967,371,POST /documents,200,OK,Create Document - carga 1-1,text,true,,259,1113,13,13,371,0,0
1789323056939,401,POST /documents,200,OK,Create Document - carga 1-12,text,true,,259,1113,13,13,315,0,0
1789323056850,493,POST /documents,200,OK,Create Document - carga 1-9,text,true,,259,1113,13,13,493,0,0
1789323056796,651,POST /documents,200,OK,Create Document - carga 1-8,text,true,,259,1113,13,13,650,0,0
1789323056746,707,POST /documents,200,OK,Create Document - carga 1-7,text,true,,259,1113,13,13,702,0,0
1789323057075,462,POST /documents,200,OK,Create Document - carga 1-2,text,true,,259,1113,13,13,371,0,0
1789323057151,386,POST /documents,200,OK,Create Document - carga 1-5,text,true,,259,1113,13,13,386,0,0
1789323057232,307,POST /documents,200,OK,Create Document - carga 1-11,text,true,,259,1113,13,13,306,0,0
1789323057102,545,POST /documents,200,OK,Create Document - carga 1-4,text,true,,259,1113,13,13,545,0,0
1789323057194,453,POST /documents,200,OK,Create Document - carga 1-10,text,true,,259,1113,13,13,453,0,0
1789323057260,388,POST /documents,200,OK,Create Document - carga 1-3,text,true,,259,1113,13,13,388,0,0
1789323057277,460,POST /documents,200,OK,Create Document - carga 1-6,text,true,,259,1113,13,13,460,0,0
1789323057439,298,POST /documents,200,OK,Create Document - carga 1-1,text,true,,259,1113,13,13,298,0,0
1789323057407,435,POST /documents,200,OK,Create Document - carga 1-12,text,true,,259,1113,13,13,435,0,0
1789323057400,444,POST /documents,200,OK,Create Document - carga 1-9,text,true,,259,1113,13,13,444,0,0
1789323057608,336,POST /documents,200,OK,Create Document - carga 1-5,text,true,,259,1113,13,13,336,0,0
1789323057524,420,POST /documents,200,OK,Create Document - carga 1-8,text,true,,259,1113,13,13,323,0,0
1789323057461,485,POST /documents,200,OK,Create Document - carga 1-7,text,true,,259,1113,13,13,485,0,0
1789323057610,424,POST /documents,200,OK,Create Document - carga 1-11,text,true,,259,1113,13,13,424,0,0
1789323057581,464,POST /documents,200,OK,Create Document - carga 1-2,text,true,,259,1113,13,13,464,0,0
1789323057658,387,POST /documents,200,OK,Create Document - carga 1-3,text,true,,259,1113,13,13,387,0,0
1789323057669,467,POST /documents,200,OK,Create Document - carga 1-10,text,true,,259,1113,13,13,466,0,0
1789323057258,878,POST /documents,200,OK,Create Document - carga 1-13,text,true,,259,1113,13,13,878,0,220
1789323057801,433,POST /documents,200,OK,Create Document - carga 1-1,text,true,,259,1113,13,13,433,0,0
1789323057747,492,POST /documents,200,OK,Create Document - carga 1-4,text,true,,259,1113,13,13,491,0,0
1789323058011,245,POST /documents,200,OK,Create Document - carga 1-7,text,true,,259,1113,13,13,245,0,0
1789323057760,573,POST /documents,200,OK,Create Document - carga 1-6,text,true,,259,1113,13,13,573,0,0
1789323057974,366,POST /documents,200,OK,Create Document - carga 1-8,text,true,,259,1113,13,13,366,0,0
1789323057923,512,POST /documents,200,OK,Create Document - carga 1-9,text,true,,259,1113,13,13,512,0,0
1789323058106,431,POST /documents,200,OK,Create Document - carga 1-2,text,true,,259,1113,13,13,430,0,0
1789323058014,527,POST /documents,200,OK,Create Document - carga 1-5,text,true,,259,1113,13,13,527,0,0
1789323058117,528,POST /documents,200,OK,Create Document - carga 1-3,text,true,,259,1113,13,13,527,0,0
1789323058083,649,POST /documents,200,OK,Create Document - carga 1-11,text,true,,259,1113,13,13,649,0,0
1789323058295,439,POST /documents,200,OK,Create Document - carga 1-1,text,true,,259,1113,13,13,439,0,0
1789323058367,374,POST /documents,200,OK,Create Document - carga 1-6,text,true,,259,1113,13,13,374,0,0
1789323058227,515,POST /documents,200,OK,Create Document - carga 1-13,text,true,,259,1113,13,13,515,0,0
1789323057867,977,POST /documents,200,OK,Create Document - carga 1-12,text,true,,259,1113,13,13,977,0,0
1789323058245,601,POST /documents,200,OK,Create Document - carga 1-4,text,true,,259,1113,13,13,601,0,0
1789323058552,385,POST /documents,200,OK,Create Document - carga 1-2,text,true,,259,1113,13,13,385,0,0
1789323058355,586,POST /documents,200,OK,Create Document - carga 1-8,text,true,,259,1113,13,13,586,0,0
1789323058175,769,POST /documents,200,OK,Create Document - carga 1-10,text,true,,259,1113,13,13,769,0,0
1789323058308,746,POST /documents,200,OK,Create Document - carga 1-7,text,true,,259,1113,13,13,746,0,0
1789323058466,666,POST /documents,200,OK,Create Document - carga 1-9,text,true,,259,1113,13,13,666,0,0
1789323058610,524,POST /documents,200,OK,Create Document - carga 1-5,text,true,,259,1113,13,13,524,0,0
1789323058745,398,POST /documents,200,OK,Create Document - carga 1-11,text,true,,259,1113,13,13,398,0,0
1789323058679,553,POST /documents,200,OK,Create Document - carga 1-3,text,true,,259,1113,13,13,463,0,0
1789323058829,417,POST /documents,200,OK,Create Document - carga 1-13,text,true,,259,1113,13,13,417,0,0
1789323058993,341,POST /documents,200,OK,Create Document - carga 1-10,text,true,,259,1113,14,14,340,0,0
1789323059005,329,POST /documents,200,OK,Create Document - carga 1-8,text,true,,259,1113,14,14,329,0,0
1789323058942,490,POST /documents,200,OK,Create Document - carga 1-2,text,true,,259,1113,14,14,490,0,0
1789323058924,508,POST /documents,200,OK,Create Document - carga 1-12,text,true,,259,1113,14,14,458,0,0
1789323058943,496,POST /documents,200,OK,Create Document - carga 1-4,text,true,,259,1113,14,14,496,0,0
1789323058801,642,POST /documents,200,OK,Create Document - carga 1-6,text,true,,259,1113,14,14,641,0,0
1789323058806,729,POST /documents,200,OK,Create Document - carga 1-1,text,true,,259,1113,14,14,729,0,0
1789323059202,346,POST /documents,200,OK,Create Document - carga 1-5,text,true,,259,1113,14,14,342,0,0
1789323059111,441,POST /documents,200,OK,Create Document - carga 1-7,text,true,,259,1113,14,14,440,0,0
1789323059228,407,POST /documents,200,OK,Create Document - carga 1-9,text,true,,259,1113,14,14,407,0,0
1789323059188,557,POST /documents,200,OK,Create Document - carga 1-11,text,true,,259,1113,14,14,453,0,0
1789323059249,497,POST /documents,200,OK,Create Document - carga 1-3,text,true,,259,1113,14,14,497,0,0
1789323059342,404,POST /documents,200,OK,Create Document - carga 1-10,text,true,,259,1113,14,14,404,0,0
1789323059433,400,POST /documents,200,OK,Create Document - carga 1-8,text,true,,259,1113,14,14,400,0,0
1789323059289,558,POST /documents,200,OK,Create Document - carga 1-13,text,true,,259,1113,14,14,558,0,0
1789323059476,371,POST /documents,200,OK,Create Document - carga 1-12,text,true,,259,1113,14,14,371,0,0
1789323059330,528,POST /documents,200,OK,Create Document - carga 1-14,text,true,,259,1113,14,14,528,0,196
1789323059465,481,POST /documents,200,OK,Create Document - carga 1-2,text,true,,259,1113,14,14,481,0,0
1789323059520,426,POST /documents,200,OK,Create Document - carga 1-4,text,true,,259,1113,14,14,426,0,0
1789323059635,404,POST /documents,200,OK,Create Document - carga 1-1,text,true,,259,1113,14,14,403,0,0
1789323059487,559,POST /documents,200,OK,Create Document - carga 1-6,text,true,,259,1113,14,14,559,0,0
1789323059578,478,POST /documents,200,OK,Create Document - carga 1-5,text,true,,259,1113,14,14,478,0,0
1789323059621,525,POST /documents,200,OK,Create Document - carga 1-7,text,true,,259,1113,14,14,524,0,0
1789323059684,573,POST /documents,200,OK,Create Document - carga 1-9,text,true,,259,1113,14,14,573,0,0
1789323059794,539,POST /documents,200,OK,Create Document - carga 1-11,text,true,,259,1113,14,14,537,0,0
1789323060020,314,POST /documents,200,OK,Create Document - carga 1-4,text,true,,259,1113,14,14,314,0,0
1789323059770,567,POST /documents,200,OK,Create Document - carga 1-10,text,true,,259,1113,14,14,567,0,0
1789323059842,496,POST /documents,200,OK,Create Document - carga 1-3,text,true,,259,1113,14,14,496,0,0
1789323059876,567,POST /documents,200,OK,Create Document - carga 1-13,text,true,,259,1113,14,14,567,0,0
1789323059905,540,POST /documents,200,OK,Create Document - carga 1-8,text,true,,259,1113,14,14,539,0,0
1789323060003,443,POST /documents,200,OK,Create Document - carga 1-2,text,true,,259,1113,14,14,443,0,0
1789323060156,297,POST /documents,200,OK,Create Document - carga 1-7,text,true,,259,1113,14,14,296,0,0
1789323059938,600,POST /documents,200,OK,Create Document - carga 1-14,text,true,,259,1113,14,14,600,0,0
1789323060124,510,POST /documents,200,OK,Create Document - carga 1-5,text,true,,259,1113,14,14,416,0,0
1789323060057,583,POST /documents,200,OK,Create Document - carga 1-1,text,true,,259,1113,14,14,583,0,0
1789323060067,575,POST /documents,200,OK,Create Document - carga 1-6,text,true,,259,1113,14,14,575,0,0
1789323060414,328,POST /documents,200,OK,Create Document - carga 1-11,text,true,,259,1113,14,14,328,0,0
1789323059867,875,POST /documents,200,OK,Create Document - carga 1-12,text,true,,259,1113,14,14,875,0,0
1789323060406,429,POST /documents,200,OK,Create Document - carga 1-10,text,true,,259,1113,14,14,429,0,0
1789323060399,443,POST /documents,200,OK,Create Document - carga 1-4,text,true,,259,1113,14,14,443,0,0
1789323060598,247,POST /documents,200,OK,Create Document - carga 1-14,text,true,,259,1113,14,14,247,0,0
1789323060386,553,POST /documents,200,OK,Create Document - carga 1-3,text,true,,259,1113,14,14,547,0,0
1789323060505,453,POST /documents,200,OK,Create Document - carga 1-7,text,true,,259,1113,14,14,453,0,0
1789323060484,558,POST /documents,200,OK,Create Document - carga 1-2,text,true,,259,1113,14,14,558,0,0
1789323060498,544,POST /documents,200,OK,Create Document - carga 1-13,text,true,,259,1113,14,14,544,0,0
1789323060799,249,POST /documents,200,OK,Create Document - carga 1-12,text,true,,259,1113,14,14,249,0,0
1789323060454,782,POST /documents,200,OK,Create Document - carga 1-8,text,true,,259,1113,14,14,781,0,0
1789323060302,942,POST /documents,200,OK,Create Document - carga 1-9,text,true,,259,1113,14,14,941,0,0
1789323060907,337,POST /documents,200,OK,Create Document - carga 1-14,text,true,,259,1113,14,14,337,0,0
1789323060722,612,POST /documents,200,OK,Create Document - carga 1-5,text,true,,259,1113,15,15,612,0,0
1789323060885,449,POST /documents,200,OK,Create Document - carga 1-10,text,true,,259,1113,15,15,449,0,0
1789323060676,664,POST /documents,200,OK,Create Document - carga 1-1,text,true,,259,1113,15,15,663,0,0
1789323060841,594,POST /documents,200,OK,Create Document - carga 1-11,text,true,,259,1113,15,15,592,0,0
1789323061010,448,POST /documents,200,OK,Create Document - carga 1-7,text,true,,259,1113,15,15,448,0,0
1789323060683,857,POST /documents,200,OK,Create Document - carga 1-6,text,true,,259,1113,15,15,857,0,0
1789323061041,502,POST /documents,200,OK,Create Document - carga 1-3,text,true,,259,1113,15,15,502,0,0
1789323060897,740,POST /documents,200,OK,Create Document - carga 1-4,text,true,,259,1113,15,15,740,0,0
1789323061316,319,POST /documents,200,OK,Create Document - carga 1-9,text,true,,259,1113,15,15,319,0,0
1789323061392,345,POST /documents,200,OK,Create Document - carga 1-10,text,true,,259,1113,15,15,345,0,0
1789323061093,644,POST /documents,200,OK,Create Document - carga 1-12,text,true,,259,1113,15,15,644,0,0
1789323061056,683,POST /documents,200,OK,Create Document - carga 1-13,text,true,,259,1113,15,15,683,0,0
1789323061305,437,POST /documents,200,OK,Create Document - carga 1-14,text,true,,259,1113,15,15,437,0,0
1789323061497,247,POST /documents,200,OK,Create Document - carga 1-11,text,true,,259,1113,15,15,247,0,0
1789323061130,817,POST /documents,200,OK,Create Document - carga 1-2,text,true,,259,1113,15,15,817,0,0
1789323061275,672,POST /documents,200,OK,Create Document - carga 1-8,text,true,,259,1113,15,15,672,0,0
1789323061365,582,POST /documents,200,OK,Create Document - carga 1-5,text,true,,259,1113,15,15,582,0,0
1789323061626,321,POST /documents,200,OK,Create Document - carga 1-6,text,true,,259,1113,15,15,321,0,0
1789323061525,427,POST /documents,200,OK,Create Document - carga 1-7,text,true,,259,1113,15,15,427,0,0
1789323061270,773,POST /documents,200,OK,Create Document - carga 1-15,text,true,,259,1113,15,15,773,0,195
1789323061624,420,POST /documents,200,OK,Create Document - carga 1-3,text,true,,259,1113,15,15,420,0,0
1789323061639,501,POST /documents,200,OK,Create Document - carga 1-4,text,true,,259,1113,15,15,501,0,0
1789323061738,402,POST /documents,200,OK,Create Document - carga 1-9,text,true,,259,1113,15,15,402,0,0
1789323061397,743,POST /documents,200,OK,Create Document - carga 1-1,text,true,,259,1113,15,15,743,0,0
1789323062045,204,POST /documents,200,OK,Create Document - carga 1-6,text,true,,259,1113,15,15,204,0,0
1789323061828,421,POST /documents,200,OK,Create Document - carga 1-13,text,true,,259,1113,15,15,421,0,0
1789323061823,427,POST /documents,200,OK,Create Document - carga 1-11,text,true,,259,1113,15,15,426,0,0
1789323061808,442,POST /documents,200,OK,Create Document - carga 1-10,text,true,,259,1113,15,15,442,0,0
1789323062023,312,POST /documents,200,OK,Create Document - carga 1-2,text,true,,259,1113,15,15,312,0,0
1789323061957,477,POST /documents,200,OK,Create Document - carga 1-8,text,true,,259,1113,15,15,477,0,0
1789323061813,627,POST /documents,200,OK,Create Document - carga 1-14,text,true,,259,1113,15,15,626,0,0
1789323061953,583,POST /documents,200,OK,Create Document - carga 1-5,text,true,,259,1113,15,15,582,0,0
1789323061830,707,POST /documents,200,OK,Create Document - carga 1-12,text,true,,259,1113,15,15,707,0,0
1789323061971,596,POST /documents,200,OK,Create Document - carga 1-7,text,true,,259,1113,15,15,596,0,0
1789323062109,530,POST /documents,200,OK,Create Document - carga 1-3,text,true,,259,1113,15,15,530,0,0
1789323062077,580,POST /documents,200,OK,Create Document - carga 1-15,text,true,,259,1113,15,15,580,0,0
1789323062432,301,POST /documents,200,OK,Create Document - carga 1-2,text,true,,259,1113,15,15,301,0,0
1789323062193,544,POST /documents,200,OK,Create Document - carga 1-1,text,true,,259,1113,15,15,544,0,0
1789323062229,512,POST /documents,200,OK,Create Document - carga 1-4,text,true,,259,1113,15,15,511,0,0
1789323062316,521,POST /documents,200,OK,Create Document - carga 1-11,text,true,,259,1113,15,15,521,0,0
1789323062286,553,POST /documents,200,OK,Create Document - carga 1-6,text,true,,259,1113,15,15,553,0,0
1789323062611,234,POST /documents,200,OK,Create Document - carga 1-5,text,true,,259,1113,15,15,234,0,0
1789323062327,606,POST /documents,200,OK,Create Document - carga 1-10,text,true,,259,1113,15,15,606,0,0
1789323062238,794,POST /documents,200,OK,Create Document - carga 1-9,text,true,,259,1113,15,15,705,0,0
1789323062512,524,POST /documents,200,OK,Create Document - carga 1-14,text,true,,259,1113,15,15,524,0,0
1789323062535,506,POST /documents,200,OK,Create Document - carga 1-8,text,true,,259,1113,15,15,506,0,0
1789323062636,408,POST /documents,200,OK,Create Document - carga 1-12,text,true,,259,1113,15,15,408,0,0
1789323062327,808,POST /documents,200,OK,Create Document - carga 1-13,text,true,,259,1113,15,15,808,0,0
1789323062596,548,POST /documents,200,OK,Create Document - carga 1-7,text,true,,259,1113,15,15,548,0,0
1789323062787,365,POST /documents,200,OK,Create Document - carga 1-4,text,true,,259,1113,15,15,364,0,0
1789323062645,592,POST /documents,200,OK,Create Document - carga 1-3,text,true,,259,1113,15,15,592,0,0
1789323062985,259,POST /documents,200,OK,Create Document - carga 1-10,text,true,,259,1113,15,15,258,0,0
1789323062750,580,POST /documents,200,OK,Create Document - carga 1-15,text,true,,259,1113,16,16,580,0,0
1789323062763,572,POST /documents,200,OK,Create Document - carga 1-2,text,true,,259,1113,16,16,572,0,0
1789323063047,294,POST /documents,200,OK,Create Document - carga 1-12,text,true,,259,1113,16,16,294,0,0
1789323063094,340,POST /documents,200,OK,Create Document - carga 1-14,text,true,,259,1113,16,16,340,0,0
1789323062899,536,POST /documents,200,OK,Create Document - carga 1-11,text,true,,259,1113,16,16,536,0,0
1789323062822,619,POST /documents,200,OK,Create Document - carga 1-1,text,true,,259,1113,16,16,618,0,0
1789323062853,1003,POST /documents,200,OK,Create Document - carga 1-5,text,true,,259,1113,16,16,1003,0,0
1789323063124,732,POST /documents,200,OK,Create Document - carga 1-8,text,true,,259,1113,16,16,732,0,0
1789323063349,507,POST /documents,200,OK,Create Document - carga 1-15,text,true,,259,1113,16,16,507,0,0
1789323062856,1001,POST /documents,200,OK,Create Document - carga 1-6,text,true,,259,1113,16,16,1001,0,0
1789323063301,556,POST /documents,200,OK,Create Document - carga 1-10,text,true,,259,1113,16,16,556,0,0
1789323063234,623,POST /documents,200,OK,Create Document - carga 1-7,text,true,,259,1113,16,16,623,0,0
1789323063274,583,POST /documents,200,OK,Create Document - carga 1-3,text,true,,259,1113,16,16,583,0,0
1789323063434,423,POST /documents,200,OK,Create Document - carga 1-2,text,true,,259,1113,16,16,423,0,0
1789323063167,690,POST /documents,200,OK,Create Document - carga 1-4,text,true,,259,1113,16,16,690,0,0
1789323063090,767,POST /documents,200,OK,Create Document - carga 1-9,text,true,,259,1113,16,16,767,0,0
1789323063215,719,POST /documents,200,OK,Create Document - carga 1-13,text,true,,259,1113,16,16,718,0,0
1789323063368,570,POST /documents,200,OK,Create Document - carga 1-12,text,true,,259,1113,16,16,570,0,0
1789323063527,417,POST /documents,200,OK,Create Document - carga 1-11,text,true,,259,1113,16,16,417,0,0
1789323063501,530,POST /documents,200,OK,Create Document - carga 1-14,text,true,,259,1113,16,16,451,0,0
1789323063540,499,POST /documents,200,OK,Create Document - carga 1-1,text,true,,259,1113,16,16,497,0,0
1789323063923,224,POST /documents,200,OK,Create Document - carga 1-15,text,true,,259,1113,16,16,224,0,0
1789323063862,370,POST /documents,200,OK,Create Document - carga 1-3,text,true,,259,1113,16,16,369,0,0
1789323063930,305,POST /documents,200,OK,Create Document - carga 1-5,text,true,,259,1113,16,16,302,0,0
1789323063928,307,POST /documents,200,OK,Create Document - carga 1-8,text,true,,259,1113,16,16,225,0,0
1789323063302,934,POST /documents,200,OK,Create Document - carga 1-16,text,true,,259,1113,16,16,934,0,559
1789323063922,419,POST /documents,200,OK,Create Document - carga 1-2,text,true,,259,1113,16,16,418,0,0
1789323063909,432,POST /documents,200,OK,Create Document - carga 1-6,text,true,,259,1113,16,16,432,0,0
1789323064102,240,POST /documents,200,OK,Create Document - carga 1-14,text,true,,259,1113,16,16,240,0,0
1789323063909,444,POST /documents,200,OK,Create Document - carga 1-7,text,true,,259,1113,16,16,444,0,0
1789323063912,523,POST /documents,200,OK,Create Document - carga 1-9,text,true,,259,1113,16,16,523,0,0
1789323064010,524,POST /documents,200,OK,Create Document - carga 1-13,text,true,,259,1113,16,16,524,0,0
1789323063994,546,POST /documents,200,OK,Create Document - carga 1-12,text,true,,259,1113,16,16,546,0,0
1789323064275,268,POST /documents,200,OK,Create Document - carga 1-3,text,true,,259,1113,16,16,267,0,0
1789323064258,380,POST /documents,200,OK,Create Document - carga 1-5,text,true,,259,1113,16,16,374,0,0
1789323063930,709,POST /documents,200,OK,Create Document - carga 1-4,text,true,,259,1113,16,16,708,0,0
1789323063907,828,POST /documents,200,OK,Create Document - carga 1-10,text,true,,259,1113,16,16,828,0,0
1789323064265,477,POST /documents,200,OK,Create Document - carga 1-16,text,true,,259,1113,16,16,477,0,0
1789323064246,498,POST /documents,200,OK,Create Document - carga 1-15,text,true,,259,1113,16,16,498,0,0
1789323064006,740,POST /documents,200,OK,Create Document - carga 1-11,text,true,,259,1113,16,16,740,0,0
1789323064082,751,POST /documents,200,OK,Create Document - carga 1-1,text,true,,259,1113,16,16,751,0,0
1789323064424,514,POST /documents,200,OK,Create Document - carga 1-14,text,true,,259,1113,16,16,514,0,0
1789323064257,682,POST /documents,200,OK,Create Document - carga 1-8,text,true,,259,1113,16,16,682,0,0
1789323064360,674,POST /documents,200,OK,Create Document - carga 1-2,text,true,,259,1113,16,16,674,0,0
1789323064385,655,POST /documents,200,OK,Create Document - carga 1-6,text,true,,259,1113,16,16,655,0,0
1789323064378,676,POST /documents,200,OK,Create Document - carga 1-7,text,true,,259,1113,16,16,576,0,0
1789323064470,675,POST /documents,200,OK,Create Document - carga 1-9,text,true,,259,1113,16,16,675,0,0
1789323064602,544,POST /documents,200,OK,Create Document - carga 1-3,text,true,,259,1113,16,16,544,0,0
1789323064631,516,POST /documents,200,OK,Create Document - carga 1-12,text,true,,259,1113,16,16,516,0,0
1789323064857,298,POST /documents,200,OK,Create Document - carga 1-1,text,true,,259,1113,16,16,298,0,0
1789323064703,542,POST /documents,200,OK,Create Document - carga 1-4,text,true,,259,1113,16,16,542,0,0
1789323064699,549,POST /documents,200,OK,Create Document - carga 1-5,text,true,,259,1113,16,16,549,0,0
1789323064835,505,POST /documents,200,OK,Create Document - carga 1-15,text,true,,259,1113,17,17,505,0,0
1789323064743,597,POST /documents,200,OK,Create Document - carga 1-10,text,true,,259,1113,17,17,597,0,0
1789323064806,628,POST /documents,200,OK,Create Document - carga 1-16,text,true,,259,1113,17,17,628,0,0
1789323064577,867,POST /documents,200,OK,Create Document - carga 1-13,text,true,,259,1113,17,17,867,0,0
1789323064838,699,POST /documents,200,OK,Create Document - carga 1-11,text,true,,259,1113,17,17,695,0,0
1789323064993,545,POST /documents,200,OK,Create Document - carga 1-14,text,true,,259,1113,17,17,544,0,0
1789323065317,229,POST /documents,200,OK,Create Document - carga 1-5,text,true,,259,1113,17,17,229,0,0
1789323065412,222,POST /documents,200,OK,Create Document - carga 1-15,text,true,,259,1113,17,17,222,0,0
1789323065113,522,POST /documents,200,OK,Create Document - carga 1-2,text,true,,259,1113,17,17,522,0,0
1789323064983,655,POST /documents,200,OK,Create Document - carga 1-8,text,true,,259,1113,17,17,655,0,0
1789323065129,517,POST /documents,200,OK,Create Document - carga 1-6,text,true,,259,1113,17,17,517,0,0
1789323065231,606,POST /documents,200,OK,Create Document - carga 1-1,text,true,,259,1113,17,17,606,0,0
1789323065520,325,POST /documents,200,OK,Create Document - carga 1-16,text,true,,259,1113,17,17,325,0,0
1789323065184,661,POST /documents,200,OK,Create Document - carga 1-3,text,true,,259,1113,17,17,661,0,0
1789323065319,624,POST /documents,200,OK,Create Document - carga 1-17,text,true,,259,1113,17,17,624,0,193
1789323065391,553,POST /documents,200,OK,Create Document - carga 1-10,text,true,,259,1113,17,17,553,0,0
1789323065197,756,POST /documents,200,OK,Create Document - carga 1-12,text,true,,259,1113,17,17,755,0,0
1789323065190,848,POST /documents,200,OK,Create Document - carga 1-9,text,true,,259,1113,17,17,848,0,0
1789323065686,353,POST /documents,200,OK,Create Document - carga 1-2,text,true,,259,1113,17,17,353,0,0
1789323065102,944,POST /documents,200,OK,Create Document - carga 1-7,text,true,,259,1113,17,17,944,0,0
1789323065555,693,POST /documents,200,OK,Create Document - carga 1-14,text,true,,259,1113,17,17,693,0,0
1789323065573,675,POST /documents,200,OK,Create Document - carga 1-5,text,true,,259,1113,17,17,675,0,0
1789323065645,604,POST /documents,200,OK,Create Document - carga 1-8,text,true,,259,1113,17,17,604,0,0
1789323065299,1040,POST /documents,200,OK,Create Document - carga 1-4,text,true,,259,1113,17,17,1040,0,0
1789323065916,424,POST /documents,200,OK,Create Document - carga 1-16,text,true,,259,1113,17,17,424,0,0
1789323065734,711,POST /documents,200,OK,Create Document - carga 1-15,text,true,,259,1113,17,17,711,0,0
1789323065744,701,POST /documents,200,OK,Create Document - carga 1-6,text,true,,259,1113,17,17,701,0,0
1789323065581,954,POST /documents,200,OK,Create Document - carga 1-11,text,true,,259,1113,17,17,865,0,0
1789323065910,635,POST /documents,200,OK,Create Document - carga 1-1,text,true,,259,1113,17,17,635,0,0
1789323065512,1067,POST /documents,200,OK,Create Document - carga 1-13,text,true,,259,1113,17,17,1067,0,0
1789323066267,387,POST /documents,200,OK,Create Document - carga 1-14,text,true,,259,1113,17,17,387,0,0
1789323065997,658,POST /documents,200,OK,Create Document - carga 1-17,text,true,,259,1113,17,17,658,0,0
1789323066025,714,POST /documents,200,OK,Create Document - carga 1-10,text,true,,259,1113,17,17,714,0,0
1789323066091,648,POST /documents,200,OK,Create Document - carga 1-9,text,true,,259,1113,17,17,648,0,0
1789323066044,696,POST /documents,200,OK,Create Document - carga 1-12,text,true,,259,1113,17,17,695,0,0
1789323066116,734,POST /documents,200,OK,Create Document - carga 1-2,text,true,,259,1113,17,17,734,0,0
1789323066075,775,POST /documents,200,OK,Create Document - carga 1-7,text,true,,259,1113,17,17,775,0,0
1789323066586,264,POST /documents,200,OK,Create Document - carga 1-1,text,true,,259,1113,17,17,264,0,0
1789323065886,964,POST /documents,200,OK,Create Document - carga 1-3,text,true,,259,1113,17,17,964,0,0
1789323066620,230,POST /documents,200,OK,Create Document - carga 1-13,text,true,,259,1113,17,17,230,0,0
1789323066675,267,POST /documents,200,OK,Create Document - carga 1-14,text,true,,259,1113,17,17,266,0,0
1789323066433,512,POST /documents,200,OK,Create Document - carga 1-4,text,true,,259,1113,17,17,512,0,0
1789323066635,311,POST /documents,200,OK,Create Document - carga 1-11,text,true,,259,1113,17,17,311,0,0
1789323066479,556,POST /documents,200,OK,Create Document - carga 1-15,text,true,,259,1113,17,17,555,0,0
1789323066528,507,POST /documents,200,OK,Create Document - carga 1-6,text,true,,259,1113,17,17,507,0,0
1789323066300,757,POST /documents,200,OK,Create Document - carga 1-8,text,true,,259,1113,17,17,757,0,0
1789323066259,798,POST /documents,200,OK,Create Document - carga 1-5,text,true,,259,1113,17,17,798,0,0
1789323066678,466,POST /documents,200,OK,Create Document - carga 1-17,text,true,,259,1113,17,17,466,0,0
1789323066761,383,POST /documents,200,OK,Create Document - carga 1-10,text,true,,259,1113,17,17,383,0,0
1789323066386,758,POST /documents,200,OK,Create Document - carga 1-16,text,true,,259,1113,17,17,758,0,0
1789323066810,435,POST /documents,200,OK,Create Document - carga 1-9,text,true,,259,1113,17,17,434,0,0
1789323066871,374,POST /documents,200,OK,Create Document - carga 1-2,text,true,,259,1113,17,17,373,0,0
1789323066786,459,POST /documents,200,OK,Create Document - carga 1-12,text,true,,259,1113,17,17,459,0,0
1789323066921,338,POST /documents,200,OK,Create Document - carga 1-7,text,true,,259,1113,18,18,338,0,0
1789323067129,306,POST /documents,200,OK,Create Document - carga 1-5,text,true,,259,1113,18,18,306,0,0
1789323067034,500,POST /documents,200,OK,Create Document - carga 1-14,text,true,,259,1113,18,18,411,0,0
1789323066960,575,POST /documents,200,OK,Create Document - carga 1-11,text,true,,259,1113,18,18,574,0,0
1789323066895,642,POST /documents,200,OK,Create Document - carga 1-13,text,true,,259,1113,18,18,642,0,0
1789323066872,669,POST /documents,200,OK,Create Document - carga 1-3,text,true,,259,1113,18,18,669,0,0
1789323066877,763,POST /documents,200,OK,Create Document - carga 1-1,text,true,,259,1113,18,18,763,0,0
1789323067301,342,POST /documents,200,OK,Create Document - carga 1-9,text,true,,259,1113,18,18,342,0,0
1789323067127,607,POST /documents,200,OK,Create Document - carga 1-15,text,true,,259,1113,18,18,605,0,0
1789323067089,645,POST /documents,200,OK,Create Document - carga 1-6,text,true,,259,1113,18,18,556,0,0
1789323067131,609,POST /documents,200,OK,Create Document - carga 1-8,text,true,,259,1113,18,18,609,0,0
1789323067239,596,POST /documents,200,OK,Create Document - carga 1-17,text,true,,259,1113,18,18,596,0,0
1789323067214,624,POST /documents,200,OK,Create Document - carga 1-16,text,true,,259,1113,18,18,624,0,0
1789323066978,867,POST /documents,200,OK,Create Document - carga 1-4,text,true,,259,1113,18,18,867,0,0
1789323067318,541,POST /documents,200,OK,Create Document - carga 1-7,text,true,,259,1113,18,18,540,0,0
1789323067556,378,POST /documents,200,OK,Create Document - carga 1-3,text,true,,259,1113,18,18,289,0,0
1789323067308,635,POST /documents,200,OK,Create Document - carga 1-2,text,true,,259,1113,18,18,635,0,0
1789323067272,671,POST /documents,200,OK,Create Document - carga 1-12,text,true,,259,1113,18,18,671,0,0
1789323067468,571,POST /documents,200,OK,Create Document - carga 1-5,text,true,,259,1113,18,18,571,0,0
1789323067312,730,POST /documents,200,OK,Create Document - carga 1-18,text,true,,259,1113,18,18,730,0,193
1789323067160,977,POST /documents,200,OK,Create Document - carga 1-10,text,true,,259,1113,18,18,977,0,0
1789323067796,341,POST /documents,200,OK,Create Document - carga 1-8,text,true,,259,1113,18,18,249,0,0
1789323067634,514,POST /documents,200,OK,Create Document - carga 1-13,text,true,,259,1113,18,18,514,0,0
1789323067613,623,POST /documents,200,OK,Create Document - carga 1-11,text,true,,259,1113,18,18,623,0,0
1789323067713,525,POST /documents,200,OK,Create Document - carga 1-1,text,true,,259,1113,18,18,525,0,0
1789323067550,700,POST /documents,200,OK,Create Document - carga 1-14,text,true,,259,1113,18,18,700,0,0
1789323067690,644,POST /documents,200,OK,Create Document - carga 1-9,text,true,,259,1113,18,18,644,0,0
1789323067833,505,POST /documents,200,OK,Create Document - carga 1-6,text,true,,259,1113,18,18,505,0,0
1789323067820,618,POST /documents,200,OK,Create Document - carga 1-15,text,true,,259,1113,18,18,615,0,0
1789323067846,592,POST /documents,200,OK,Create Document - carga 1-4,text,true,,259,1113,18,18,592,0,0
1789323067848,594,POST /documents,200,OK,Create Document - carga 1-17,text,true,,259,1113,18,18,592,0,0
1789323068176,368,POST /documents,200,OK,Create Document - carga 1-8,text,true,,259,1113,18,18,366,0,0
1789323068174,466,POST /documents,200,OK,Create Document - carga 1-10,text,true,,259,1113,18,18,466,0,0
1789323068040,605,POST /documents,200,OK,Create Document - carga 1-12,text,true,,259,1113,18,18,605,0,0
1789323068006,736,POST /documents,200,OK,Create Document - carga 1-3,text,true,,259,1113,18,18,736,0,0
1789323068050,700,POST /documents,200,OK,Create Document - carga 1-18,text,true,,259,1113,18,18,700,0,0
1789323068043,793,POST /documents,200,OK,Create Document - carga 1-2,text,true,,259,1113,18,18,793,0,0
1789323067874,981,POST /documents,200,OK,Create Document - carga 1-7,text,true,,259,1113,18,18,981,0,0
1789323068069,865,POST /documents,200,OK,Create Document - carga 1-5,text,true,,259,1113,18,18,777,0,0
1789323068213,733,POST /documents,200,OK,Create Document - carga 1-13,text,true,,259,1113,18,18,733,0,0
1789323067877,1159,POST /documents,200,OK,Create Document - carga 1-16,text,true,,259,1113,18,18,1159,0,0
1789323068314,732,POST /documents,200,OK,Create Document - carga 1-14,text,true,,259,1113,18,18,731,0,0
1789323068299,836,POST /documents,200,OK,Create Document - carga 1-11,text,true,,259,1113,18,18,836,0,0
1789323068382,767,POST /documents,200,OK,Create Document - carga 1-6,text,true,,259,1113,18,18,766,0,0
1789323068316,833,POST /documents,200,OK,Create Document - carga 1-1,text,true,,259,1113,18,18,832,0,0
1789323068422,731,POST /documents,200,OK,Create Document - carga 1-9,text,true,,259,1113,18,18,731,0,0
1789323068439,808,POST /documents,200,OK,Create Document - carga 1-15,text,true,,259,1113,18,18,808,0,0
1789323068488,853,POST /documents,200,OK,Create Document - carga 1-4,text,true,,259,1113,19,19,853,0,0
1789323068517,920,POST /documents,200,OK,Create Document - carga 1-17,text,true,,259,1113,19,19,920,0,0
1789323069073,371,POST /documents,200,OK,Create Document - carga 1-16,text,true,,259,1113,19,19,371,0,0
1789323068668,880,POST /documents,200,OK,Create Document - carga 1-12,text,true,,259,1113,19,19,880,0,0
1789323069186,362,POST /documents,200,OK,Create Document - carga 1-1,text,true,,259,1113,19,19,362,0,0
1789323068816,820,POST /documents,200,OK,Create Document - carga 1-3,text,true,,259,1113,19,19,818,0,0
1789323068940,703,POST /documents,200,OK,Create Document - carga 1-5,text,true,,259,1113,19,19,703,0,0
1789323068869,879,POST /documents,200,OK,Create Document - carga 1-2,text,true,,259,1113,19,19,879,0,0
1789323068723,1025,POST /documents,200,OK,Create Document - carga 1-10,text,true,,259,1113,19,19,1025,0,0
1789323068955,811,POST /documents,200,OK,Create Document - carga 1-7,text,true,,259,1113,19,19,811,0,0
1789323068960,876,POST /documents,200,OK,Create Document - carga 1-13,text,true,,259,1113,19,19,876,0,0
1789323069288,549,POST /documents,200,OK,Create Document - carga 1-19,text,true,,259,1113,19,19,548,0,200
1789323068601,1237,POST /documents,200,OK,Create Document - carga 1-8,text,true,,259,1113,19,19,1237,0,0
1789323069175,862,POST /documents,200,OK,Create Document - carga 1-11,text,true,,259,1113,19,19,773,0,0
1789323069215,826,POST /documents,200,OK,Create Document - carga 1-6,text,true,,259,1113,19,19,825,0,0
1789323069172,869,POST /documents,200,OK,Create Document - carga 1-9,text,true,,259,1113,19,19,868,0,0
1789323068752,1290,POST /documents,200,OK,Create Document - carga 1-18,text,true,,259,1113,19,19,1290,0,0
1789323069709,333,POST /documents,200,OK,Create Document - carga 1-3,text,true,,259,1113,19,19,333,0,0
1789323069875,271,POST /documents,200,OK,Create Document - carga 1-13,text,true,,259,1113,19,19,271,0,0
1789323069533,613,POST /documents,200,OK,Create Document - carga 1-16,text,true,,259,1113,19,19,613,0,0
1789323069089,1146,POST /documents,200,OK,Create Document - carga 1-14,text,true,,259,1113,19,19,1146,0,0
1789323069401,834,POST /documents,200,OK,Create Document - carga 1-4,text,true,,259,1113,19,19,834,0,0
1789323069533,710,POST /documents,200,OK,Create Document - carga 1-17,text,true,,259,1113,19,19,710,0,0
1789323070108,233,POST /documents,200,OK,Create Document - carga 1-9,text,true,,259,1113,19,19,232,0,0
1789323069575,766,POST /documents,200,OK,Create Document - carga 1-1,text,true,,259,1113,19,19,765,0,0
1789323069586,760,POST /documents,200,OK,Create Document - carga 1-12,text,true,,259,1113,19,19,760,0,0
1789323070142,294,POST /documents,200,OK,Create Document - carga 1-18,text,true,,259,1113,19,19,204,0,0
1789323069789,662,POST /documents,200,OK,Create Document - carga 1-7,text,true,,259,1113,19,19,662,0,0
1789323069848,603,POST /documents,200,OK,Create Document - carga 1-8,text,true,,259,1113,19,19,603,0,0
1789323069831,621,POST /documents,200,OK,Create Document - carga 1-10,text,true,,259,1113,19,19,621,0,0
1789323070307,149,POST /documents,200,OK,Create Document - carga 1-4,text,true,,259,1113,19,19,149,0,0
1789323069811,726,POST /documents,200,OK,Create Document - carga 1-2,text,true,,259,1113,19,19,726,0,0
1789323070046,500,POST /documents,200,OK,Create Document - carga 1-3,text,true,,259,1113,19,19,499,0,0
1789323069325,1316,POST /documents,200,OK,Create Document - carga 1-15,text,true,,259,1113,19,19,1316,0,0
1789323069649,993,POST /documents,200,OK,Create Document - carga 1-5,text,true,,259,1113,19,19,992,0,0
1789323070379,268,POST /documents,200,OK,Create Document - carga 1-9,text,true,,259,1113,19,19,268,0,0
1789323070080,567,POST /documents,200,OK,Create Document - carga 1-11,text,true,,259,1113,19,19,567,0,0
1789323070316,430,POST /documents,200,OK,Create Document - carga 1-14,text,true,,259,1113,19,19,430,0,0
1789323070205,541,POST /documents,200,OK,Create Document - carga 1-13,text,true,,259,1113,19,19,541,0,0
1789323070156,590,POST /documents,200,OK,Create Document - carga 1-16,text,true,,259,1113,19,19,590,0,0
1789323070302,553,POST /documents,200,OK,Create Document - carga 1-17,text,true,,259,1113,19,19,553,0,0
1789323069930,925,POST /documents,200,OK,Create Document - carga 1-19,text,true,,259,1113,19,19,925,0,0
1789323070136,810,POST /documents,200,OK,Create Document - carga 1-6,text,true,,259,1113,19,19,810,0,0
1789323070379,567,POST /documents,200,OK,Create Document - carga 1-1,text,true,,259,1113,19,19,567,0,0
1789323070442,506,POST /documents,200,OK,Create Document - carga 1-12,text,true,,259,1113,19,19,506,0,0
1789323070699,342,POST /documents,200,OK,Create Document - carga 1-15,text,true,,259,1113,19,19,340,0,0
1789323070498,543,POST /documents,200,OK,Create Document - carga 1-18,text,true,,259,1113,19,19,543,0,0
1789323070505,549,POST /documents,200,OK,Create Document - carga 1-8,text,true,,259,1113,19,19,549,0,0
1789323070510,645,POST /documents,200,OK,Create Document - carga 1-7,text,true,,259,1113,19,19,645,0,0
1789323070534,700,POST /documents,200,OK,Create Document - carga 1-4,text,true,,259,1113,19,19,699,0,0
1789323070574,670,POST /documents,200,OK,Create Document - carga 1-3,text,true,,259,1113,19,19,670,0,0
1789323070620,635,POST /documents,200,OK,Create Document - carga 1-2,text,true,,259,1113,20,20,635,0,0
1789323070696,638,POST /documents,200,OK,Create Document - carga 1-9,text,true,,259,1113,20,20,638,0,0
1789323071125,223,POST /documents,200,OK,Create Document - carga 1-15,text,true,,259,1113,20,20,222,0,0
1789323070822,537,POST /documents,200,OK,Create Document - carga 1-13,text,true,,259,1113,20,20,537,0,0
1789323070698,735,POST /documents,200,OK,Create Document - carga 1-11,text,true,,259,1113,20,20,735,0,0
1789323071055,381,POST /documents,200,OK,Create Document - carga 1-18,text,true,,259,1113,20,20,381,0,0
1789323070846,690,POST /documents,200,OK,Create Document - carga 1-14,text,true,,259,1113,20,20,690,0,0
1789323071310,233,POST /documents,200,OK,Create Document - carga 1-3,text,true,,259,1113,20,20,232,0,0
1789323071317,231,POST /documents,200,OK,Create Document - carga 1-2,text,true,,259,1113,20,20,231,0,0
1789323071334,216,POST /documents,200,OK,Create Document - carga 1-4,text,true,,259,1113,20,20,216,0,0
1789323071037,513,POST /documents,200,OK,Create Document - carga 1-6,text,true,,259,1113,20,20,513,0,0
1789323070964,682,POST /documents,200,OK,Create Document - carga 1-1,text,true,,259,1113,20,20,682,0,0
1789323070989,657,POST /documents,200,OK,Create Document - carga 1-12,text,true,,259,1113,20,20,657,0,0
1789323070656,1088,POST /documents,200,OK,Create Document - carga 1-5,text,true,,259,1113,20,20,1088,0,0
1789323070454,1290,POST /documents,200,OK,Create Document - carga 1-10,text,true,,259,1113,20,20,1290,0,0
1789323071105,643,POST /documents,200,OK,Create Document - carga 1-8,text,true,,259,1113,20,20,643,0,0
1789323070766,1077,POST /documents,200,OK,Create Document - carga 1-16,text,true,,259,1113,20,20,1077,0,0
1789323071229,624,POST /documents,200,OK,Create Document - carga 1-7,text,true,,259,1113,20,20,624,0,0
1789323070908,1029,POST /documents,200,OK,Create Document - carga 1-19,text,true,,259,1113,20,20,1029,0,0
1789323071348,593,POST /documents,200,OK,Create Document - carga 1-15,text,true,,259,1113,20,20,593,0,0
1789323070946,995,POST /documents,200,OK,Create Document - carga 1-17,text,true,,259,1113,20,20,994,0,0
1789323071424,612,POST /documents,200,OK,Create Document - carga 1-9,text,true,,259,1113,20,20,612,0,0
1789323071426,615,POST /documents,200,OK,Create Document - carga 1-13,text,true,,259,1113,20,20,614,0,0
1789323071312,825,POST /documents,200,OK,Create Document - carga 1-20,text,true,,259,1113,20,20,825,0,180
1789323071529,609,POST /documents,200,OK,Create Document - carga 1-11,text,true,,259,1113,20,20,609,0,0
1789323071489,756,POST /documents,200,OK,Create Document - carga 1-18,text,true,,259,1113,20,20,756,0,0
1789323071626,625,POST /documents,200,OK,Create Document - carga 1-2,text,true,,259,1113,20,20,625,0,0
1789323071591,661,POST /documents,200,OK,Create Document - carga 1-3,text,true,,259,1113,20,20,661,0,0
1789323071963,378,POST /documents,200,OK,Create Document - carga 1-17,text,true,,259,1113,20,20,377,0,0
1789323071598,847,POST /documents,200,OK,Create Document - carga 1-6,text,true,,259,1113,20,20,847,0,0
1789323071724,817,POST /documents,200,OK,Create Document - carga 1-1,text,true,,259,1113,20,20,817,0,0
1789323071586,957,POST /documents,200,OK,Create Document - carga 1-4,text,true,,259,1113,20,20,957,0,0
1789323071678,866,POST /documents,200,OK,Create Document - carga 1-12,text,true,,259,1113,20,20,866,0,0
1789323071749,906,POST /documents,200,OK,Create Document - carga 1-8,text,true,,259,1113,20,20,906,0,0
1789323071800,1135,POST /documents,200,OK,Create Document - carga 1-10,text,true,,259,1113,20,20,1045,0,0
1789323071909,1032,POST /documents,200,OK,Create Document - carga 1-16,text,true,,259,1113,20,20,1032,0,0
1789323071757,1184,POST /documents,200,OK,Create Document - carga 1-5,text,true,,259,1113,20,20,1184,0,0
1789323071944,1009,POST /documents,200,OK,Create Document - carga 1-7,text,true,,259,1113,20,20,1007,0,0
1789323072020,1116,POST /documents,200,OK,Create Document - carga 1-19,text,true,,259,1113,20,20,1116,0,0
1789323071610,1534,POST /documents,200,OK,Create Document - carga 1-14,text,true,,259,1113,20,20,1534,0,0
1789323072126,1018,POST /documents,200,OK,Create Document - carga 1-9,text,true,,259,1113,20,20,1018,0,0
1789323072002,1230,POST /documents,200,OK,Create Document - carga 1-15,text,true,,259,1113,20,20,1230,0,0
1789323072115,1227,POST /documents,200,OK,Create Document - carga 1-13,text,true,,259,1113,20,20,1227,0,0
1789323072319,1027,POST /documents,200,OK,Create Document - carga 1-3,text,true,,259,1113,20,20,1026,0,0
1789323072220,1214,POST /documents,200,OK,Create Document - carga 1-20,text,true,,259,1113,20,20,1211,0,0
1789323072145,1295,POST /documents,200,OK,Create Document - carga 1-11,text,true,,259,1113,20,20,1295,0,0
1789323072286,1161,POST /documents,200,OK,Create Document - carga 1-18,text,true,,259,1113,20,20,1160,0,0
1789323072467,1176,POST /documents,200,OK,Create Document - carga 1-6,text,true,,259,1113,20,20,1176,0,0
1789323072347,1297,POST /documents,200,OK,Create Document - carga 1-2,text,true,,259,1113,20,20,1295,0,0
1789323072435,1301,POST /documents,200,OK,Create Document - carga 1-17,text,true,,259,1113,20,20,1301,0,0
1789323073422,314,POST /documents,200,OK,Create Document - carga 1-3,text,true,,259,1113,20,20,314,0,0
1789323072589,1252,POST /documents,200,OK,Create Document - carga 1-1,text,true,,259,1113,20,20,1252,0,0
1789323072635,1208,POST /documents,200,OK,Create Document - carga 1-4,text,true,,259,1113,20,20,1208,0,0
1789323072693,1251,POST /documents,200,OK,Create Document - carga 1-8,text,true,,259,1113,20,20,1251,0,0
1789323072944,1195,POST /documents,200,OK,Create Document - carga 1-16,text,true,,259,1113,20,20,1195,0,0
1789323072964,1181,POST /documents,200,OK,Create Document - carga 1-5,text,true,,259,1113,20,20,1181,0,0
1789323073028,1225,POST /documents,200,OK,Create Document - carga 1-7,text,true,,259,1113,20,20,1224,0,0
1789323073955,379,POST /documents,200,OK,Create Document - carga 1-8,text,true,,259,1113,20,20,379,0,0
1789323073287,1055,POST /documents,200,OK,Create Document - carga 1-15,text,true,,259,1113,20,20,1055,0,0
1789323073201,1142,POST /documents,200,OK,Create Document - carga 1-19,text,true,,259,1113,20,20,1142,0,0
1789323073199,1146,POST /documents,200,OK,Create Document - carga 1-9,text,true,,259,1113,20,20,1146,0,0
1789323074204,235,POST /documents,200,OK,Create Document - carga 1-16,text,true,,259,1113,20,20,235,0,0
1789323072562,1877,POST /documents,200,OK,Create Document - carga 1-12,text,true,,259,1113,20,20,1877,0,0
1789323073521,921,POST /documents,200,OK,Create Document - carga 1-20,text,true,,259,1113,20,20,921,0,0
1789323073509,1036,POST /documents,200,OK,Create Document - carga 1-18,text,true,,259,1113,20,20,1035,0,0
1789323073463,1082,POST /documents,200,OK,Create Document - carga 1-11,text,true,,259,1113,20,20,1082,0,0
1789323073706,839,POST /documents,200,OK,Create Document - carga 1-2,text,true,,259,1113,20,20,839,0,0
1789323073716,919,POST /documents,200,OK,Create Document - carga 1-6,text,true,,259,1113,20,20,829,0,0
1789323073786,863,POST /documents,200,OK,Create Document - carga 1-17,text,true,,259,1113,20,20,863,0,0
1789323073823,826,POST /documents,200,OK,Create Document - carga 1-3,text,true,,259,1113,20,20,826,0,0
1789323073881,770,POST /documents,200,OK,Create Document - carga 1-4,text,true,,259,1113,20,20,769,0,0
1789323073855,881,POST /documents,200,OK,Create Document - carga 1-1,text,true,,259,1113,20,20,880,0,0
1789323072993,1747,POST /documents,200,OK,Create Document - carga 1-10,text,true,,259,1113,20,20,1747,0,0
1789323073190,1653,POST /documents,200,OK,Create Document - carga 1-14,text,true,,259,1113,20,20,1653,0,0
1789323073382,1461,POST /documents,200,OK,Create Document - carga 1-13,text,true,,259,1113,20,20,1461,0,0
1789323074174,765,POST /documents,200,OK,Create Document - carga 1-5,text,true,,259,1113,20,20,671,0,0
1789323074368,576,POST /documents,200,OK,Create Document - carga 1-19,text,true,,259,1113,20,20,576,0,0
1789323074342,612,POST /documents,200,OK,Create Document - carga 1-7,text,true,,259,1113,20,20,612,0,0
1789323074378,655,POST /documents,200,OK,Create Document - carga 1-15,text,true,,259,1113,20,20,655,0,0
1789323074407,635,POST /documents,200,OK,Create Document - carga 1-8,text,true,,259,1113,20,20,635,0,0
1789323074836,308,POST /documents,200,OK,Create Document - carga 1-10,text,true,,259,1113,20,20,210,0,0
1789323074500,645,POST /documents,200,OK,Create Document - carga 1-20,text,true,,259,1113,20,20,644,0,0
1789323074917,230,POST /documents,200,OK,Create Document - carga 1-14,text,true,,259,1113,20,20,230,0,0
1789323074486,662,POST /documents,200,OK,Create Document - carga 1-16,text,true,,259,1113,20,20,661,0,0
1789323074556,683,POST /documents,200,OK,Create Document - carga 1-18,text,true,,259,1113,20,20,683,0,0
1789323074608,631,POST /documents,200,OK,Create Document - carga 1-11,text,true,,259,1113,20,20,631,0,0
1789323074631,708,POST /documents,200,OK,Create Document - carga 1-2,text,true,,259,1113,20,20,708,0,0
1789323074365,974,POST /documents,200,OK,Create Document - carga 1-9,text,true,,259,1113,20,20,974,0,0
1789323075129,213,POST /documents,200,OK,Create Document - carga 1-8,text,true,,259,1113,20,20,213,0,0
1789323074684,855,POST /documents,200,OK,Create Document - carga 1-17,text,true,,259,1113,20,20,855,0,0
1789323075204,430,POST /documents,200,OK,Create Document - carga 1-14,text,true,,259,1113,20,20,430,0,0
1789323074855,779,POST /documents,200,OK,Create Document - carga 1-13,text,true,,259,1113,20,20,703,0,0
1789323074643,993,POST /documents,200,OK,Create Document - carga 1-6,text,true,,259,1113,20,20,991,0,0
1789323075013,623,POST /documents,200,OK,Create Document - carga 1-19,text,true,,259,1113,20,20,622,0,0
1789323074967,689,POST /documents,200,OK,Create Document - carga 1-7,text,true,,259,1113,20,20,689,0,0
1789323075071,665,POST /documents,200,OK,Create Document - carga 1-15,text,true,,259,1113,20,20,665,0,0
1789323074725,1011,POST /documents,200,OK,Create Document - carga 1-4,text,true,,259,1113,20,20,1009,0,0
1789323074955,781,POST /documents,200,OK,Create Document - carga 1-5,text,true,,259,1113,20,20,779,0,0
1789323074721,1020,POST /documents,200,OK,Create Document - carga 1-3,text,true,,259,1113,20,20,1020,0,0
1789323075182,662,POST /documents,200,OK,Create Document - carga 1-20,text,true,,259,1113,20,20,662,0,0
1789323074495,1349,POST /documents,200,OK,Create Document - carga 1-12,text,true,,259,1113,20,20,1349,0,0
1789323075219,625,POST /documents,200,OK,Create Document - carga 1-10,text,true,,259,1113,20,20,625,0,0
1789323075641,207,POST /documents,200,OK,Create Document - carga 1-6,text,true,,259,1113,20,20,207,0,0
1789323074823,1116,POST /documents,200,OK,Create Document - carga 1-1,text,true,,259,1113,20,20,1116,0,0
1789323075248,790,POST /documents,200,OK,Create Document - carga 1-18,text,true,,259,1113,20,20,790,0,0
1789323075272,769,POST /documents,200,OK,Create Document - carga 1-11,text,true,,259,1113,20,20,769,0,0
1789323075169,872,POST /documents,200,OK,Create Document - carga 1-16,text,true,,259,1113,20,20,872,0,0
1789323075394,660,POST /documents,200,OK,Create Document - carga 1-2,text,true,,259,1113,20,20,660,0,0
1789323075655,497,POST /documents,200,OK,Create Document - carga 1-13,text,true,,259,1113,20,20,497,0,0
1789323075368,867,POST /documents,200,OK,Create Document - carga 1-9,text,true,,259,1113,20,20,867,0,0
1789323075572,664,POST /documents,200,OK,Create Document - carga 1-17,text,true,,259,1113,20,20,664,0,0
1789323075649,598,POST /documents,200,OK,Create Document - carga 1-14,text,true,,259,1113,20,20,598,0,0
1789323076087,253,POST /documents,200,OK,Create Document - carga 1-18,text,true,,259,1113,20,20,253,0,0
1789323076058,284,POST /documents,200,OK,Create Document - carga 1-11,text,true,,259,1113,20,20,284,0,0
1789323076120,225,POST /documents,200,OK,Create Document - carga 1-2,text,true,,259,1113,20,20,225,0,0
1789323075749,596,POST /documents,200,OK,Create Document - carga 1-3,text,true,,259,1113,20,20,596,0,0
1789323075751,684,POST /documents,200,OK,Create Document - carga 1-15,text,true,,259,1113,20,20,684,0,0
1789323075849,685,POST /documents,200,OK,Create Document - carga 1-10,text,true,,259,1113,20,20,606,0,0
1789323075793,752,POST /documents,200,OK,Create Document - carga 1-4,text,true,,259,1113,20,20,752,0,0
1789323075390,1155,POST /documents,200,OK,Create Document - carga 1-8,text,true,,259,1113,20,20,1155,0,0
1789323076331,307,POST /documents,200,OK,Create Document - carga 1-14,text,true,,259,1113,20,20,307,0,0
1789323075939,704,POST /documents,200,OK,Create Document - carga 1-12,text,true,,259,1113,20,20,704,0,0
1789323075988,847,POST /documents,200,OK,Create Document - carga 1-1,text,true,,259,1113,20,20,847,0,0
1789323076047,796,POST /documents,200,OK,Create Document - carga 1-16,text,true,,259,1113,20,20,796,0,0
1789323075743,1109,POST /documents,200,OK,Create Document - carga 1-7,text,true,,259,1113,20,20,1109,0,0
1789323075744,1290,POST /documents,200,OK,Create Document - carga 1-5,text,true,,259,1113,20,20,1290,0,0
1789323075692,1347,POST /documents,200,OK,Create Document - carga 1-19,text,true,,259,1113,20,20,1347,0,0
1789323076162,880,POST /documents,200,OK,Create Document - carga 1-13,text,true,,259,1113,20,20,880,0,0
1789323076256,788,POST /documents,200,OK,Create Document - carga 1-9,text,true,,259,1113,20,20,787,0,0
1789323076283,950,POST /documents,200,OK,Create Document - carga 1-17,text,true,,259,1113,20,20,861,0,0
1789323075930,1306,POST /documents,200,OK,Create Document - carga 1-6,text,true,,259,1113,20,20,1305,0,0
1789323076418,818,POST /documents,200,OK,Create Document - carga 1-18,text,true,,259,1113,20,20,817,0,0
1789323076407,834,POST /documents,200,OK,Create Document - carga 1-3,text,true,,259,1113,20,20,834,0,0
1789323076382,862,POST /documents,200,OK,Create Document - carga 1-11,text,true,,259,1113,20,20,862,0,0
1789323075896,1537,POST /documents,200,OK,Create Document - carga 1-20,text,true,,259,1113,20,20,1537,0,0
1789323076522,915,POST /documents,200,OK,Create Document - carga 1-15,text,true,,259,1113,20,20,915,0,0
1789323076393,1044,POST /documents,200,OK,Create Document - carga 1-2,text,true,,259,1113,20,20,1044,0,0
1789323076576,963,POST /documents,200,OK,Create Document - carga 1-10,text,true,,259,1113,20,20,963,0,0
1789323077279,356,POST /documents,200,OK,Create Document - carga 1-3,text,true,,259,1113,20,20,356,0,0
1789323076676,962,POST /documents,200,OK,Create Document - carga 1-12,text,true,,259,1113,20,20,962,0,0
1789323076926,823,POST /documents,200,OK,Create Document - carga 1-7,text,true,,259,1113,20,20,823,0,0
1789323077488,344,POST /documents,200,OK,Create Document - carga 1-20,text,true,,259,1113,20,20,344,0,0
1789323077100,740,POST /documents,200,OK,Create Document - carga 1-13,text,true,,259,1113,20,20,740,0,0
1789323077100,838,POST /documents,200,OK,Create Document - carga 1-9,text,true,,259,1113,20,20,838,0,0
1789323077241,796,POST /documents,200,OK,Create Document - carga 1-6,text,true,,259,1113,20,20,707,0,0
1789323077294,743,POST /documents,200,OK,Create Document - carga 1-11,text,true,,259,1113,20,20,743,0,0
1789323076554,1490,POST /documents,200,OK,Create Document - carga 1-4,text,true,,259,1113,20,20,1490,0,0
1789323077292,755,POST /documents,200,OK,Create Document - carga 1-17,text,true,,259,1113,20,20,755,0,0
1789323077918,228,POST /documents,200,OK,Create Document - carga 1-13,text,true,,259,1113,20,20,228,0,0
1789323076851,1294,POST /documents,200,OK,Create Document - carga 1-1,text,true,,259,1113,20,20,1294,0,0
1789323076913,1329,POST /documents,200,OK,Create Document - carga 1-16,text,true,,259,1113,20,20,1329,0,0
1789323077553,696,POST /documents,200,OK,Create Document - carga 1-10,text,true,,259,1113,20,20,696,0,0
1789323077063,1272,POST /documents,200,OK,Create Document - carga 1-19,text,true,,259,1113,20,20,1272,0,0
1789323078131,218,POST /documents,200,OK,Create Document - carga 1-17,text,true,,259,1113,20,20,218,0,0
1789323076584,1764,POST /documents,200,OK,Create Document - carga 1-8,text,true,,259,1113,20,20,1764,0,0
1789323076644,1790,POST /documents,200,OK,Create Document - carga 1-14,text,true,,259,1113,20,20,1706,0,0
1789323077674,862,POST /documents,200,OK,Create Document - carga 1-12,text,true,,259,1113,20,20,862,0,0
1789323078169,371,POST /documents,200,OK,Create Document - carga 1-1,text,true,,259,1113,20,20,371,0,0
1789323077259,1291,POST /documents,200,OK,Create Document - carga 1-18,text,true,,259,1113,20,20,1291,0,0
1789323077838,797,POST /documents,200,OK,Create Document - carga 1-20,text,true,,259,1113,20,20,797,0,0
1789323077998,649,POST /documents,200,OK,Create Document - carga 1-9,text,true,,259,1113,20,20,648,0,0
1789323077830,817,POST /documents,200,OK,Create Document - carga 1-7,text,true,,259,1113,20,20,817,0,0
1789323077475,1177,POST /documents,200,OK,Create Document - carga 1-15,text,true,,259,1113,20,20,1177,0,0
1789323077468,1184,POST /documents,200,OK,Create Document - carga 1-2,text,true,,259,1113,20,20,1184,0,0
1789323078077,671,POST /documents,200,OK,Create Document - carga 1-6,text,true,,259,1113,20,20,671,0,0
1789323078068,768,POST /documents,200,OK,Create Document - carga 1-4,text,true,,259,1113,20,20,768,0,0
1789323078061,784,POST /documents,200,OK,Create Document - carga 1-11,text,true,,259,1113,20,20,784,0,0
1789323077040,1809,POST /documents,200,OK,Create Document - carga 1-5,text,true,,259,1113,20,20,1808,0,0
1789323078337,616,POST /documents,200,OK,Create Document - carga 1-16,text,true,,259,1113,20,20,615,0,0
1789323077640,1313,POST /documents,200,OK,Create Document - carga 1-3,text,true,,259,1113,20,20,1312,0,0
1789323078234,804,POST /documents,200,OK,Create Document - carga 1-13,text,true,,259,1113,20,20,804,0,0
1789323078308,733,POST /documents,200,OK,Create Document - carga 1-10,text,true,,259,1113,20,20,733,0,0
1789323078342,797,POST /documents,200,OK,Create Document - carga 1-19,text,true,,259,1113,20,20,797,0,0
1789323078450,695,POST /documents,200,OK,Create Document - carga 1-17,text,true,,259,1113,20,20,694,0,0
1789323078906,243,POST /documents,200,OK,Create Document - carga 1-4,text,true,,259,1113,20,20,241,0,0
1789323078571,673,POST /documents,200,OK,Create Document - carga 1-1,text,true,,259,1113,20,20,673,0,0
1789323078570,674,POST /documents,200,OK,Create Document - carga 1-18,text,true,,259,1113,20,20,674,0,0
1789323078620,629,POST /documents,200,OK,Create Document - carga 1-12,text,true,,259,1113,20,20,629,0,0
1789323078723,547,POST /documents,200,OK,Create Document - carga 1-7,text,true,,259,1113,20,20,546,0,0
1789323079056,280,POST /documents,200,OK,Create Document - carga 1-13,text,true,,259,1113,20,20,197,0,0
1789323078691,653,POST /documents,200,OK,Create Document - carga 1-15,text,true,,259,1113,20,20,653,0,0
1789323078715,720,POST /documents,200,OK,Create Document - carga 1-2,text,true,,259,1113,20,20,720,0,0
1789323078808,627,POST /documents,200,OK,Create Document - carga 1-6,text,true,,259,1113,20,20,627,0,0
1789323078359,1089,POST /documents,200,OK,Create Document - carga 1-8,text,true,,259,1113,20,20,1089,0,0
1789323078929,609,POST /documents,200,OK,Create Document - carga 1-5,text,true,,259,1113,20,20,609,0,0
1789323078964,576,POST /documents,200,OK,Create Document - carga 1-3,text,true,,259,1113,20,20,575,0,0
1789323078913,637,POST /documents,200,OK,Create Document - carga 1-11,text,true,,259,1113,20,20,637,0,0
1789323079030,520,POST /documents,200,OK,Create Document - carga 1-16,text,true,,259,1113,20,20,520,0,0
1789323078505,1046,POST /documents,200,OK,Create Document - carga 1-14,text,true,,259,1113,20,20,1045,0,0
1789323079048,602,POST /documents,200,OK,Create Document - carga 1-10,text,true,,259,1113,20,20,602,0,0
1789323078714,1021,POST /documents,200,OK,Create Document - carga 1-9,text,true,,259,1113,20,20,1021,0,0
1789323078664,1078,POST /documents,200,OK,Create Document - carga 1-20,text,true,,259,1113,20,20,1078,0,0
1789323079232,703,POST /documents,200,OK,Create Document - carga 1-19,text,true,,259,1113,20,20,703,0,0
1789323079298,647,POST /documents,200,OK,Create Document - carga 1-12,text,true,,259,1113,20,20,645,0,0
1789323079355,685,POST /documents,200,OK,Create Document - carga 1-15,text,true,,259,1113,20,20,685,0,0
1789323079777,264,POST /documents,200,OK,Create Document - carga 1-9,text,true,,259,1113,20,20,263,0,0
1789323079511,635,POST /documents,200,OK,Create Document - carga 1-8,text,true,,259,1113,20,20,635,0,0
1789323079474,763,POST /documents,200,OK,Create Document - carga 1-2,text,true,,259,1113,20,20,763,0,0
1789323079524,715,POST /documents,200,OK,Create Document - carga 1-6,text,true,,259,1113,20,20,714,0,0
1789323079160,1086,POST /documents,200,OK,Create Document - carga 1-4,text,true,,259,1113,20,20,1086,0,0
1789323079247,1092,POST /documents,200,OK,Create Document - carga 1-18,text,true,,259,1113,20,20,1092,0,0
1789323079178,1161,POST /documents,200,OK,Create Document - carga 1-17,text,true,,259,1113,20,20,1161,0,0
1789323079618,726,POST /documents,200,OK,Create Document - carga 1-14,text,true,,259,1113,20,20,726,0,0
1789323079611,824,POST /documents,200,OK,Create Document - carga 1-16,text,true,,259,1113,20,20,824,0,0
1789323079637,799,POST /documents,200,OK,Create Document - carga 1-5,text,true,,259,1113,20,20,799,0,0
1789323079621,816,POST /documents,200,OK,Create Document - carga 1-11,text,true,,259,1113,20,20,816,0,0
1789323079329,1118,POST /documents,200,OK,Create Document - carga 1-1,text,true,,259,1113,20,20,1118,0,0
1789323079710,829,POST /documents,200,OK,Create Document - carga 1-10,text,true,,259,1113,20,20,828,0,0
1789323080343,292,POST /documents,200,OK,Create Document - carga 1-18,text,true,,259,1113,20,20,291,0,0
1789323079949,698,POST /documents,200,OK,Create Document - carga 1-19,text,true,,259,1113,20,20,698,0,0
1789323080091,651,POST /documents,200,OK,Create Document - carga 1-15,text,true,,259,1113,20,20,651,0,0
1789323079629,1113,POST /documents,200,OK,Create Document - carga 1-3,text,true,,259,1113,20,20,1113,0,0
1789323080255,586,POST /documents,200,OK,Create Document - carga 1-2,text,true,,259,1113,20,20,586,0,0
1789323080247,596,POST /documents,200,OK,Create Document - carga 1-8,text,true,,259,1113,20,20,596,0,0
1789323080258,587,POST /documents,200,OK,Create Document - carga 1-6,text,true,,259,1113,20,20,585,0,0
1789323080293,643,POST /documents,200,OK,Create Document - carga 1-4,text,true,,259,1113,20,20,643,0,0
1789323079806,1135,POST /documents,200,OK,Create Document - carga 1-20,text,true,,259,1113,20,20,1135,0,0
1789323079350,1606,POST /documents,200,OK,Create Document - carga 1-7,text,true,,259,1113,20,20,1606,0,0
1789323080356,689,POST /documents,200,OK,Create Document - carga 1-17,text,true,,259,1113,20,20,689,0,0
1789323080408,731,POST /documents,200,OK,Create Document - carga 1-14,text,true,,259,1113,20,20,731,0,0
1789323079396,1745,POST /documents,200,OK,Create Document - carga 1-13,text,true,,259,1113,20,20,1745,0,0
1789323080447,699,POST /documents,200,OK,Create Document - carga 1-11,text,true,,259,1113,20,20,699,0,0
1789323080513,735,POST /documents,200,OK,Create Document - carga 1-1,text,true,,259,1113,20,20,735,0,0
1789323081000,259,POST /documents,200,OK,Create Document - carga 1-7,text,true,,259,1113,20,20,259,0,0
1789323080658,882,POST /documents,200,OK,Create Document - carga 1-18,text,true,,259,1113,20,20,879,0,0
1789323081214,328,POST /documents,200,OK,Create Document - carga 1-14,text,true,,259,1113,20,20,328,0,0
1789323080962,688,POST /documents,200,OK,Create Document - carga 1-4,text,true,,259,1113,20,20,688,0,0
1789323080851,884,POST /documents,200,OK,Create Document - carga 1-6,text,true,,259,1113,20,20,884,0,0
1789323080941,800,POST /documents,200,OK,Create Document - carga 1-2,text,true,,259,1113,20,20,799,0,0
1789323080988,753,POST /documents,200,OK,Create Document - carga 1-20,text,true,,259,1113,20,20,752,0,0
1789323080534,1304,POST /documents,200,OK,Create Document - carga 1-5,text,true,,259,1113,20,20,1304,0,0
1789323080101,1744,POST /documents,200,OK,Create Document - carga 1-9,text,true,,259,1113,20,20,1744,0,0
1789323080547,1298,POST /documents,200,OK,Create Document - carga 1-10,text,true,,259,1113,20,20,1298,0,0
1789323080501,1347,POST /documents,200,OK,Create Document - carga 1-16,text,true,,259,1113,20,20,1347,0,0
1789323081102,835,POST /documents,200,OK,Create Document - carga 1-17,text,true,,259,1113,20,20,835,0,0
1789323080731,1217,POST /documents,200,OK,Create Document - carga 1-19,text,true,,259,1113,20,20,1217,0,0
1789323080772,1264,POST /documents,200,OK,Create Document - carga 1-3,text,true,,259,1113,20,20,1264,0,0
1789323081207,831,POST /documents,200,OK,Create Document - carga 1-11,text,true,,259,1113,20,20,830,0,0
1789323081812,226,POST /documents,200,OK,Create Document - carga 1-6,text,true,,259,1113,20,20,226,0,0
1789323080796,1248,POST /documents,200,OK,Create Document - carga 1-15,text,true,,259,1113,20,20,1246,0,0
1789323079979,2155,POST /documents,200,OK,Create Document - carga 1-12,text,true,,259,1113,20,20,2155,0,0
1789323081284,955,POST /documents,200,OK,Create Document - carga 1-1,text,true,,259,1113,20,20,955,0,0
1789323080856,1384,POST /documents,200,OK,Create Document - carga 1-8,text,true,,259,1113,20,20,1384,0,0
1789323081952,293,POST /documents,200,OK,Create Document - carga 1-19,text,true,,259,1113,20,20,293,0,0
1789323081259,991,POST /documents,200,OK,Create Document - carga 1-7,text,true,,259,1113,20,20,989,0,0
1789323081563,775,POST /documents,200,OK,Create Document - carga 1-14,text,true,,259,1113,20,20,775,0,0
1789323081735,613,POST /documents,200,OK,Create Document - carga 1-4,text,true,,259,1113,20,20,613,0,0
1789323082066,368,POST /documents,200,OK,Create Document - carga 1-3,text,true,,259,1113,20,20,368,0,0
1789323081797,649,POST /documents,200,OK,Create Document - carga 1-20,text,true,,259,1113,20,20,649,0,0
1789323081791,657,POST /documents,200,OK,Create Document - carga 1-2,text,true,,259,1113,20,20,657,0,0
1789323081219,1417,POST /documents,200,OK,Create Document - carga 1-13,text,true,,259,1113,20,20,1416,0,0
1789323082276,369,POST /documents,200,OK,Create Document - carga 1-8,text,true,,259,1113,20,20,369,0,0
1789323081891,758,POST /documents,200,OK,Create Document - carga 1-10,text,true,,259,1113,20,20,755,0,0
1789323081896,842,POST /documents,200,OK,Create Document - carga 1-5,text,true,,259,1113,20,20,842,0,0
1789323082046,899,POST /documents,200,OK,Create Document - carga 1-11,text,true,,259,1113,20,20,899,0,0
1789323081597,1348,POST /documents,200,OK,Create Document - carga 1-18,text,true,,259,1113,20,20,1348,0,0
1789323082074,974,POST /documents,200,OK,Create Document - carga 1-6,text,true,,259,1113,20,20,967,0,0
1789323081854,1282,POST /documents,200,OK,Create Document - carga 1-16,text,true,,259,1113,20,20,1282,0,0
1789323082315,830,POST /documents,200,OK,Create Document - carga 1-1,text,true,,259,1113,20,20,830,0,0
1789323083041,298,POST /documents,200,OK,Create Document - carga 1-11,text,true,,259,1113,20,20,298,0,0
1789323082335,1015,POST /documents,200,OK,Create Document - carga 1-7,text,true,,259,1113,20,20,1015,0,0
1789323082443,997,POST /documents,200,OK,Create Document - carga 1-4,text,true,,259,1113,20,20,997,0,0
1789323081911,1532,POST /documents,200,OK,Create Document - carga 1-9,text,true,,259,1113,20,20,1532,0,0
1789323082526,930,POST /documents,200,OK,Create Document - carga 1-2,text,true,,259,1113,20,20,930,0,0
1789323082519,1014,POST /documents,200,OK,Create Document - carga 1-20,text,true,,259,1113,20,20,1012,0,0
1789323082527,1016,POST /documents,200,OK,Create Document - carga 1-3,text,true,,259,1113,20,20,1016,0,0
1789323082032,1514,POST /documents,200,OK,Create Document - carga 1-17,text,true,,259,1113,20,20,1514,0,0
1789323082639,997,POST /documents,200,OK,Create Document - carga 1-13,text,true,,259,1113,20,20,997,0,0
1789323082059,1589,POST /documents,200,OK,Create Document - carga 1-15,text,true,,259,1113,20,20,1589,0,0
1789323082168,1566,POST /documents,200,OK,Create Document - carga 1-12,text,true,,259,1113,20,20,1566,0,0
1789323082728,1008,POST /documents,200,OK,Create Document - carga 1-8,text,true,,259,1113,20,20,1008,0,0
1789323082670,1075,POST /documents,200,OK,Create Document - carga 1-10,text,true,,259,1113,20,20,1075,0,0
1789323083552,194,POST /documents,200,OK,Create Document - carga 1-2,text,true,,259,1113,20,20,194,0,0
1789323083612,148,POST /documents,200,OK,Create Document - carga 1-20,text,true,,259,1113,20,20,148,0,0
1789323083598,252,POST /documents,200,OK,Create Document - carga 1-3,text,true,,259,1113,20,20,252,0,0
1789323083002,848,POST /documents,200,OK,Create Document - carga 1-18,text,true,,259,1113,20,20,848,0,0
1789323082340,1511,POST /documents,200,OK,Create Document - carga 1-19,text,true,,259,1113,20,20,1511,0,0
1789323082434,1505,POST /documents,200,OK,Create Document - carga 1-14,text,true,,259,1113,20,20,1504,0,0
1789323083137,899,POST /documents,200,OK,Create Document - carga 1-16,text,true,,259,1113,20,20,898,0,0
1789323083086,953,POST /documents,200,OK,Create Document - carga 1-6,text,true,,259,1113,20,20,952,0,0
1789323083448,712,POST /documents,200,OK,Create Document - carga 1-7,text,true,,259,1113,20,20,712,0,0
1789323083481,763,POST /documents,200,OK,Create Document - carga 1-4,text,true,,259,1113,20,20,763,0,0
1789323082782,1556,POST /documents,200,OK,Create Document - carga 1-5,text,true,,259,1113,20,20,1556,0,0
1789323083561,884,POST /documents,200,OK,Create Document - carga 1-17,text,true,,259,1113,20,20,884,0,0
1789323083673,867,POST /documents,200,OK,Create Document - carga 1-15,text,true,,259,1113,20,20,867,0,0
1789323083780,765,POST /documents,200,OK,Create Document - carga 1-12,text,true,,259,1113,20,20,765,0,0
1789323083818,820,POST /documents,200,OK,Create Document - carga 1-10,text,true,,259,1113,20,20,820,0,0
1789323083769,870,POST /documents,200,OK,Create Document - carga 1-8,text,true,,259,1113,20,20,870,0,0
1789323083851,792,POST /documents,200,OK,Create Document - carga 1-20,text,true,,259,1113,20,20,792,0,0
1789323083860,823,POST /documents,200,OK,Create Document - carga 1-18,text,true,,259,1113,20,20,823,0,0
1789323083184,1553,POST /documents,200,OK,Create Document - carga 1-1,text,true,,259,1113,20,20,1553,0,0
1789323083395,1348,POST /documents,200,OK,Create Document - carga 1-11,text,true,,259,1113,20,20,1343,0,0
1789323083918,925,POST /documents,200,OK,Create Document - carga 1-3,text,true,,259,1113,20,20,925,0,0
1789323084003,842,POST /documents,200,OK,Create Document - carga 1-14,text,true,,259,1113,20,20,842,0,0
1789323083949,902,POST /documents,200,OK,Create Document - carga 1-19,text,true,,259,1113,20,20,902,0,0
1789323084575,276,POST /documents,200,OK,Create Document - carga 1-12,text,true,,259,1113,20,20,276,0,0
1789323084115,923,POST /documents,200,OK,Create Document - carga 1-16,text,true,,259,1113,20,20,923,0,0
1789323084131,914,POST /documents,200,OK,Create Document - carga 1-6,text,true,,259,1113,20,20,914,0,0
1789323084225,832,POST /documents,200,OK,Create Document - carga 1-7,text,true,,259,1113,20,20,831,0,0
1789323084337,811,POST /documents,200,OK,Create Document - carga 1-4,text,true,,259,1113,20,20,811,0,0
1789323083816,1428,POST /documents,200,OK,Create Document - carga 1-2,text,true,,259,1113,20,20,1428,0,0
1789323084432,812,POST /documents,200,OK,Create Document - carga 1-5,text,true,,259,1113,20,20,812,0,0
1789323083501,1847,POST /documents,200,OK,Create Document - carga 1-9,text,true,,259,1113,20,20,1847,0,0
1789323084572,961,POST /documents,200,OK,Create Document - carga 1-15,text,true,,259,1113,20,20,961,0,0
1789323084730,806,POST /documents,200,OK,Create Document - carga 1-8,text,true,,259,1113,20,20,804,0,0
1789323084734,899,POST /documents,200,OK,Create Document - carga 1-18,text,true,,259,1113,20,20,899,0,0
1789323084763,877,POST /documents,200,OK,Create Document - carga 1-1,text,true,,259,1113,20,20,877,0,0
1789323083649,1993,POST /documents,200,OK,Create Document - carga 1-13,text,true,,259,1113,20,20,1992,0,0
1789323084863,791,POST /documents,200,OK,Create Document - carga 1-19,text,true,,259,1113,20,20,791,0,0
1789323084916,822,POST /documents,200,OK,Create Document - carga 1-14,text,true,,259,1113,20,20,822,0,0
1789323084811,930,POST /documents,200,OK,Create Document - carga 1-11,text,true,,259,1113,20,20,930,0,0
1789323084884,861,POST /documents,200,OK,Create Document - carga 1-3,text,true,,259,1113,20,20,861,0,0
1789323084872,875,POST /documents,200,OK,Create Document - carga 1-12,text,true,,259,1113,20,20,875,0,0
1789323084646,1200,POST /documents,200,OK,Create Document - carga 1-20,text,true,,259,1113,20,20,1200,0,0
1789323084463,1384,POST /documents,200,OK,Create Document - carga 1-17,text,true,,259,1113,20,20,1384,0,0
1789323085101,840,POST /documents,200,OK,Create Document - carga 1-6,text,true,,259,1113,20,20,840,0,0
1789323085655,294,POST /documents,200,OK,Create Document - carga 1-1,text,true,,259,1113,20,20,294,0,0
1789323085116,844,POST /documents,200,OK,Create Document - carga 1-7,text,true,,259,1113,20,20,844,0,0
1789323085156,888,POST /documents,200,OK,Create Document - carga 1-4,text,true,,259,1113,20,20,887,0,0
1789323084678,1368,POST /documents,200,OK,Create Document - carga 1-10,text,true,,259,1113,20,20,1368,0,0
1789323085256,880,POST /documents,200,OK,Create Document - carga 1-2,text,true,,259,1113,20,20,880,0,0
1789323085267,877,POST /documents,200,OK,Create Document - carga 1-5,text,true,,259,1113,20,20,877,0,0
1789323085444,799,POST /documents,200,OK,Create Document - carga 1-9,text,true,,259,1113,20,20,798,0,0
1789323085588,662,POST /documents,200,OK,Create Document - carga 1-8,text,true,,259,1113,20,20,662,0,0
1789323085601,736,POST /documents,200,OK,Create Document - carga 1-15,text,true,,259,1113,20,20,736,0,0
1789323085677,664,POST /documents,200,OK,Create Document - carga 1-18,text,true,,259,1113,20,20,663,0,0
1789323085077,1267,POST /documents,200,OK,Create Document - carga 1-16,text,true,,259,1113,20,20,1267,0,0
1789323085704,643,POST /documents,200,OK,Create Document - carga 1-13,text,true,,259,1113,20,20,643,0,0
1789323085770,670,POST /documents,200,OK,Create Document - carga 1-3,text,true,,259,1113,20,20,670,0,0
1789323085787,658,POST /documents,200,OK,Create Document - carga 1-12,text,true,,259,1113,20,20,658,0,0
1789323085784,755,POST /documents,200,OK,Create Document - carga 1-14,text,true,,259,1113,20,20,755,0,0
1789323085795,744,POST /documents,200,OK,Create Document - carga 1-11,text,true,,259,1113,20,20,744,0,0
1789323085916,630,POST /documents,200,OK,Create Document - carga 1-17,text,true,,259,1113,20,20,630,0,0
1789323085967,601,POST /documents,200,OK,Create Document - carga 1-7,text,true,,259,1113,20,20,600,0,0
1789323086036,602,POST /documents,200,OK,Create Document - carga 1-6,text,true,,259,1113,20,20,602,0,0
1789323085748,900,POST /documents,200,OK,Create Document - carga 1-19,text,true,,259,1113,20,20,900,0,0
1789323086129,605,POST /documents,200,OK,Create Document - carga 1-4,text,true,,259,1113,20,20,605,0,0
1789323086223,523,POST /documents,200,OK,Create Document - carga 1-2,text,true,,259,1113,20,20,523,0,0
1789323086344,547,POST /documents,200,OK,Create Document - carga 1-9,text,true,,259,1113,20,20,547,0,0
1789323086431,521,POST /documents,200,OK,Create Document - carga 1-18,text,true,,259,1113,20,20,520,0,0
1789323086362,589,POST /documents,200,OK,Create Document - carga 1-15,text,true,,259,1113,20,20,589,0,0
1789323086570,383,POST /documents,200,OK,Create Document - carga 1-7,text,true,,259,1113,20,20,383,0,0
1789323086810,234,POST /documents,200,OK,Create Document - carga 1-4,text,true,,259,1113,20,20,234,0,0
1789323086050,999,POST /documents,200,OK,Create Document - carga 1-1,text,true,,259,1113,20,20,996,0,0
1789323086495,555,POST /documents,200,OK,Create Document - carga 1-12,text,true,,259,1113,20,20,555,0,0
1789323086527,523,POST /documents,200,OK,Create Document - carga 1-3,text,true,,259,1113,20,20,523,0,0
1789323086617,529,POST /documents,200,OK,Create Document - carga 1-14,text,true,,259,1113,20,20,529,0,0
1789323085912,1234,POST /documents,200,OK,Create Document - carga 1-20,text,true,,259,1113,20,20,1234,0,0
1789323086332,814,POST /documents,200,OK,Create Document - carga 1-8,text,true,,259,1113,20,20,814,0,0
1789323086182,964,POST /documents,200,OK,Create Document - carga 1-5,text,true,,259,1113,20,20,964,0,0
1789323086355,793,POST /documents,200,OK,Create Document - carga 1-13,text,true,,259,1113,20,20,793,0,0
1789323086578,669,POST /documents,200,OK,Create Document - carga 1-17,text,true,,259,1113,20,20,664,0,0
1789323086358,889,POST /documents,200,OK,Create Document - carga 1-16,text,true,,259,1113,20,20,889,0,0
1789323086612,723,POST /documents,200,OK,Create Document - carga 1-11,text,true,,259,1113,20,20,723,0,0
1789323086709,636,POST /documents,200,OK,Create Document - carga 1-6,text,true,,259,1113,20,20,636,0,0
1789323087153,298,POST /documents,200,OK,Create Document - carga 1-14,text,true,,259,1113,20,20,298,0,0
1789323086993,545,POST /documents,200,OK,Create Document - carga 1-15,text,true,,259,1113,20,20,545,0,0
1789323087017,521,POST /documents,200,OK,Create Document - carga 1-18,text,true,,259,1113,20,20,521,0,0
1789323086982,558,POST /documents,200,OK,Create Document - carga 1-9,text,true,,259,1113,20,20,558,0,0
1789323086726,830,POST /documents,200,OK,Create Document - carga 1-19,text,true,,259,1113,20,20,830,0,0
1789323087002,559,POST /documents,200,OK,Create Document - carga 1-7,text,true,,259,1113,20,20,559,0,0
1789323087126,516,POST /documents,200,OK,Create Document - carga 1-1,text,true,,259,1113,20,20,515,0,0
1789323087061,581,POST /documents,200,OK,Create Document - carga 1-4,text,true,,259,1113,20,20,580,0,0
1789323087065,577,POST /documents,200,OK,Create Document - carga 1-12,text,true,,259,1113,20,20,577,0,0
1789323087146,509,POST /documents,200,OK,Create Document - carga 1-3,text,true,,259,1113,20,20,509,0,0
1789323086065,1680,POST /documents,200,OK,Create Document - carga 1-10,text,true,,259,1113,20,20,1680,0,0
1789323087148,597,POST /documents,200,OK,Create Document - carga 1-8,text,true,,259,1113,20,20,597,0,0
1789323087162,583,POST /documents,200,OK,Create Document - carga 1-13,text,true,,259,1113,20,20,583,0,0
1789323086800,946,POST /documents,200,OK,Create Document - carga 1-2,text,true,,259,1113,20,20,946,0,0
1789323087220,627,POST /documents,200,OK,Create Document - carga 1-5,text,true,,259,1113,20,20,627,0,0
1789323087175,757,POST /documents,200,OK,Create Document - carga 1-20,text,true,,259,1113,20,20,757,0,0
1789323087678,271,POST /documents,200,OK,Create Document - carga 1-3,text,true,,259,1113,20,20,271,0,0
1789323087250,699,POST /documents,200,OK,Create Document - carga 1-16,text,true,,259,1113,20,20,699,0,0
1789323087765,271,POST /documents,200,OK,Create Document - carga 1-13,text,true,,259,1113,20,20,271,0,0
1789323087638,411,POST /documents,200,OK,Create Document - carga 1-9,text,true,,259,1113,20,20,411,0,0
1789323087276,774,POST /documents,200,OK,Create Document - carga 1-17,text,true,,259,1113,20,20,774,0,0
1789323087596,454,POST /documents,200,OK,Create Document - carga 1-19,text,true,,259,1113,20,20,453,0,0
1789323087578,474,POST /documents,200,OK,Create Document - carga 1-7,text,true,,259,1113,20,20,473,0,0
1789323087722,418,POST /documents,200,OK,Create Document - carga 1-1,text,true,,259,1113,20,20,418,0,0
1789323087348,795,POST /documents,200,OK,Create Document - carga 1-11,text,true,,259,1113,20,20,795,0,0
1789323087718,439,POST /documents,200,OK,Create Document - carga 1-12,text,true,,259,1113,20,20,439,0,0
1789323087736,421,POST /documents,200,OK,Create Document - carga 1-4,text,true,,259,1113,20,20,421,0,0
1789323087397,845,POST /documents,200,OK,Create Document - carga 1-6,text,true,,259,1113,20,20,845,0,0
1789323087542,700,POST /documents,200,OK,Create Document - carga 1-15,text,true,,259,1113,20,20,700,0,0
1789323087545,706,POST /documents,200,OK,Create Document - carga 1-14,text,true,,259,1113,20,20,706,0,0
1789323087580,678,POST /documents,200,OK,Create Document - carga 1-18,text,true,,259,1113,20,20,678,0,0
1789323087763,571,POST /documents,200,OK,Create Document - carga 1-10,text,true,,259,1113,20,20,571,0,0
1789323087796,543,POST /documents,200,OK,Create Document - carga 1-2,text,true,,259,1113,20,20,543,0,0
1789323087804,637,POST /documents,200,OK,Create Document - carga 1-8,text,true,,259,1113,20,20,637,0,0
1789323087887,650,POST /documents,200,OK,Create Document - carga 1-5,text,true,,259,1113,20,20,650,0,0
1789323087997,545,POST /documents,200,OK,Create Document - carga 1-16,text,true,,259,1113,20,20,545,0,0
1789323088054,587,POST /documents,200,OK,Create Document - carga 1-19,text,true,,259,1113,20,20,587,0,0
1789323088143,592,POST /documents,200,OK,Create Document - carga 1-11,text,true,,259,1113,20,20,502,0,0
1789323088134,612,POST /documents,200,OK,Create Document - carga 1-7,text,true,,259,1113,20,20,612,0,0
1789323088158,589,POST /documents,200,OK,Create Document - carga 1-1,text,true,,259,1113,20,20,588,0,0
1789323087965,871,POST /documents,200,OK,Create Document - carga 1-20,text,true,,259,1113,20,20,871,0,0
1789323088231,605,POST /documents,200,OK,Create Document - carga 1-4,text,true,,259,1113,20,20,605,0,0
1789323088278,560,POST /documents,200,OK,Create Document - carga 1-6,text,true,,259,1113,20,20,560,0,0
1789323088588,259,POST /documents,200,OK,Create Document - carga 1-5,text,true,,259,1113,20,20,259,0,0
1789323087975,876,POST /documents,200,OK,Create Document - carga 1-3,text,true,,259,1113,20,20,875,0,0
1789323088299,636,POST /documents,200,OK,Create Document - carga 1-14,text,true,,259,1113,20,20,635,0,0
1789323088120,814,POST /documents,200,OK,Create Document - carga 1-9,text,true,,259,1113,20,20,814,0,0
1789323088739,197,POST /documents,200,OK,Create Document - carga 1-19,text,true,,259,1113,20,20,197,0,0
1789323088433,600,POST /documents,200,OK,Create Document - carga 1-10,text,true,,259,1113,20,20,512,0,0
1789323088136,905,POST /documents,200,OK,Create Document - carga 1-13,text,true,,259,1113,20,20,905,0,0
1789323088502,540,POST /documents,200,OK,Create Document - carga 1-8,text,true,,259,1113,20,20,540,0,0
1789323088129,915,POST /documents,200,OK,Create Document - carga 1-17,text,true,,259,1113,20,20,914,0,0
1789323088756,300,POST /documents,200,OK,Create Document - carga 1-7,text,true,,259,1113,20,20,300,0,0
1789323088183,956,POST /documents,200,OK,Create Document - carga 1-12,text,true,,259,1113,20,20,956,0,0
1789323088275,867,POST /documents,200,OK,Create Document - carga 1-18,text,true,,259,1113,20,20,867,0,0
1789323088265,882,POST /documents,200,OK,Create Document - carga 1-15,text,true,,259,1113,20,20,882,0,0
1789323088756,480,POST /documents,200,OK,Create Document - carga 1-11,text,true,,259,1113,20,20,480,0,0
1789323088640,596,POST /documents,200,OK,Create Document - carga 1-16,text,true,,259,1113,20,20,512,0,0
1789323088763,486,POST /documents,200,OK,Create Document - carga 1-1,text,true,,259,1113,20,20,486,0,0
1789323088418,915,POST /documents,200,OK,Create Document - carga 1-2,text,true,,259,1113,20,20,915,0,0
1789323088925,408,POST /documents,200,OK,Create Document - carga 1-4,text,true,,259,1113,20,20,363,0,0
1789323088893,448,POST /documents,200,OK,Create Document - carga 1-5,text,true,,259,1113,20,20,448,0,0
1789323089143,212,POST /documents,200,OK,Create Document - carga 1-7,text,true,,259,1113,20,20,212,0,0
1789323089178,258,POST /documents,200,OK,Create Document - carga 1-12,text,true,,259,1113,20,20,258,0,0
1789323088875,562,POST /documents,200,OK,Create Document - carga 1-20,text,true,,259,1113,20,20,562,0,0
1789323089222,217,POST /documents,200,OK,Create Document - carga 1-18,text,true,,259,1113,20,20,216,0,0
1789323088998,537,POST /documents,200,OK,Create Document - carga 1-9,text,true,,259,1113,20,20,537,0,0
1789323089051,492,POST /documents,200,OK,Create Document - carga 1-13,text,true,,259,1113,20,20,492,0,0
1789323089058,487,POST /documents,200,OK,Create Document - carga 1-10,text,true,,259,1113,20,20,487,0,0
1789323089138,497,POST /documents,200,OK,Create Document - carga 1-8,text,true,,259,1113,20,20,497,0,0
1789323089123,516,POST /documents,200,OK,Create Document - carga 1-17,text,true,,259,1113,20,20,515,0,0
1789323089152,579,POST /documents,200,OK,Create Document - carga 1-15,text,true,,259,1113,20,20,490,0,0
1789323088873,865,POST /documents,200,OK,Create Document - carga 1-3,text,true,,259,1113,20,20,865,0,0
1789323088954,785,POST /documents,200,OK,Create Document - carga 1-19,text,true,,259,1113,20,20,784,0,0
1789323089248,492,POST /documents,200,OK,Create Document - carga 1-11,text,true,,259,1113,20,20,492,0,0
1789323089019,816,POST /documents,200,OK,Create Document - carga 1-14,text,true,,259,1113,20,20,816,0,0
1789323089343,494,POST /documents,200,OK,Create Document - carga 1-1,text,true,,259,1113,20,20,494,0,0
1789323088921,919,POST /documents,200,OK,Create Document - carga 1-6,text,true,,259,1113,20,20,919,0,0
1789323089272,574,POST /documents,200,OK,Create Document - carga 1-16,text,true,,259,1113,20,20,573,0,0
1789323089678,268,POST /documents,200,OK,Create Document - carga 1-17,text,true,,259,1113,20,20,268,0,0
1789323089369,577,POST /documents,200,OK,Create Document - carga 1-4,text,true,,259,1113,20,20,577,0,0
1789323089372,582,POST /documents,200,OK,Create Document - carga 1-7,text,true,,259,1113,20,20,582,0,0
1789323089449,587,POST /documents,200,OK,Create Document - carga 1-18,text,true,,259,1113,20,20,587,0,0
1789323089642,401,POST /documents,200,OK,Create Document - carga 1-10,text,true,,259,1113,20,20,401,0,0
1789323089685,366,POST /documents,200,OK,Create Document - carga 1-8,text,true,,259,1113,20,20,366,0,0
1789323089429,706,POST /documents,200,OK,Create Document - carga 1-5,text,true,,259,1113,20,20,706,0,0
1789323089871,268,POST /documents,200,OK,Create Document - carga 1-1,text,true,,259,1113,20,20,268,0,0
1789323089816,417,POST /documents,200,OK,Create Document - carga 1-3,text,true,,259,1113,20,20,417,0,0
1789323089463,770,POST /documents,200,OK,Create Document - carga 1-20,text,true,,259,1113,20,20,770,0,0
1789323089545,693,POST /documents,200,OK,Create Document - carga 1-9,text,true,,259,1113,20,20,693,0,0
1789323089800,445,POST /documents,200,OK,Create Document - carga 1-15,text,true,,259,1113,20,20,445,0,0
1789323090056,279,POST /documents,200,OK,Create Document - carga 1-10,text,true,,259,1113,20,20,279,0,0
1789323089607,728,POST /documents,200,OK,Create Document - carga 1-13,text,true,,259,1113,20,20,728,0,0
1789323089932,408,POST /documents,200,OK,Create Document - carga 1-6,text,true,,259,1113,20,20,408,0,0
1789323089900,443,POST /documents,200,OK,Create Document - carga 1-16,text,true,,259,1113,20,20,443,0,0
1789323089432,1003,POST /documents,200,OK,Create Document - carga 1-2,text,true,,259,1113,20,20,1003,0,0
1789323089784,651,POST /documents,200,OK,Create Document - carga 1-19,text,true,,259,1113,20,20,651,0,0
1789323089879,564,POST /documents,200,OK,Create Document - carga 1-14,text,true,,259,1113,20,20,564,0,0
1789323089750,694,POST /documents,200,OK,Create Document - carga 1-11,text,true,,259,1113,20,20,694,0,0
1789323090015,534,POST /documents,200,OK,Create Document - carga 1-4,text,true,,259,1113,20,20,534,0,0
1789323089959,596,POST /documents,200,OK,Create Document - carga 1-7,text,true,,259,1113,20,20,595,0,0
1789323090000,642,POST /documents,200,OK,Create Document - carga 1-17,text,true,,259,1113,20,20,642,0,0
1789323089437,1305,POST /documents,200,OK,Create Document - carga 1-12,text,true,,259,1113,20,20,1305,0,0
1789323090362,381,POST /documents,200,OK,Create Document - carga 1-6,text,true,,259,1113,20,20,381,0,0
1789323090471,279,POST /documents,200,OK,Create Document - carga 1-14,text,true,,259,1113,20,20,279,0,0
1789323090313,525,POST /documents,200,OK,Create Document - carga 1-9,text,true,,259,1113,20,20,524,0,0
1789323090128,718,POST /documents,200,OK,Create Document - carga 1-8,text,true,,259,1113,20,20,718,0,0
1789323090124,723,POST /documents,200,OK,Create Document - carga 1-18,text,true,,259,1113,20,20,722,0,0
1789323090434,501,POST /documents,200,OK,Create Document - carga 1-10,text,true,,259,1113,20,20,501,0,0
1789323090403,542,POST /documents,200,OK,Create Document - carga 1-16,text,true,,259,1113,20,20,542,0,0
1789323090167,783,POST /documents,200,OK,Create Document - carga 1-1,text,true,,259,1113,20,20,782,0,0
1789323090674,276,POST /documents,200,OK,Create Document - carga 1-17,text,true,,259,1113,20,20,276,0,0
1789323090385,573,POST /documents,200,OK,Create Document - carga 1-13,text,true,,259,1113,20,20,573,0,0
1789323090778,181,POST /documents,200,OK,Create Document - carga 1-14,text,true,,259,1113,20,20,180,0,0
1789323090215,822,POST /documents,200,OK,Create Document - carga 1-5,text,true,,259,1113,20,20,744,0,0
1789323090488,559,POST /documents,200,OK,Create Document - carga 1-2,text,true,,259,1113,20,20,559,0,0
1789323090328,806,POST /documents,200,OK,Create Document - carga 1-20,text,true,,259,1113,20,20,806,0,0
1789323090529,605,POST /documents,200,OK,Create Document - carga 1-11,text,true,,259,1113,20,20,605,0,0
1789323090553,583,POST /documents,200,OK,Create Document - carga 1-4,text,true,,259,1113,20,20,583,0,0
1789323090337,905,POST /documents,200,OK,Create Document - carga 1-15,text,true,,259,1113,20,20,812,0,0
1789323090960,283,POST /documents,200,OK,Create Document - carga 1-16,text,true,,259,1113,20,20,283,0,0
1789323090236,1008,POST /documents,200,OK,Create Document - carga 1-3,text,true,,259,1113,20,20,1008,0,0
1789323090743,503,POST /documents,200,OK,Create Document - carga 1-12,text,true,,259,1113,20,20,503,0,0
1789323090587,665,POST /documents,200,OK,Create Document - carga 1-7,text,true,,259,1113,20,20,665,0,0
1789323090778,566,POST /documents,200,OK,Create Document - carga 1-6,text,true,,259,1113,20,20,566,0,0
1789323090857,491,POST /documents,200,OK,Create Document - carga 1-18,text,true,,259,1113,20,20,491,0,0
1789323090924,425,POST /documents,200,OK,Create Document - carga 1-8,text,true,,259,1113,20,20,425,0,0
1789323090920,514,POST /documents,200,OK,Create Document - carga 1-9,text,true,,259,1113,20,20,514,0,0
1789323090501,934,POST /documents,200,OK,Create Document - carga 1-19,text,true,,259,1113,20,20,847,0,0
1789323090958,579,POST /documents,200,OK,Create Document - carga 1-10,text,true,,259,1113,20,20,579,0,0
1789323091287,259,POST /documents,200,OK,Create Document - carga 1-16,text,true,,259,1113,20,20,259,0,0
1789323091048,498,POST /documents,200,OK,Create Document - carga 1-17,text,true,,259,1113,20,20,498,0,0
1789323091273,285,POST /documents,200,OK,Create Document - carga 1-7,text,true,,259,1113,20,20,285,0,0
1789323091001,634,POST /documents,200,OK,Create Document - carga 1-1,text,true,,259,1113,20,20,634,0,0
1789323091187,465,POST /documents,200,OK,Create Document - carga 1-20,text,true,,259,1113,20,20,465,0,0
1789323091048,692,POST /documents,200,OK,Create Document - carga 1-5,text,true,,259,1113,20,20,692,0,0
1789323091089,652,POST /documents,200,OK,Create Document - carga 1-2,text,true,,259,1113,20,20,652,0,0
1789323091142,599,POST /documents,200,OK,Create Document - carga 1-4,text,true,,259,1113,20,20,599,0,0
1789323091140,603,POST /documents,200,OK,Create Document - carga 1-11,text,true,,259,1113,20,20,603,0,0
1789323091251,587,POST /documents,200,OK,Create Document - carga 1-3,text,true,,259,1113,20,20,587,0,0
1789323090994,847,POST /documents,200,OK,Create Document - carga 1-14,text,true,,259,1113,20,20,847,0,0
1789323091273,568,POST /documents,200,OK,Create Document - carga 1-12,text,true,,259,1113,20,20,568,0,0
1789323091334,507,POST /documents,200,OK,Create Document - carga 1-15,text,true,,259,1113,20,20,507,0,0
1789323090964,877,POST /documents,200,OK,Create Document - carga 1-13,text,true,,259,1113,20,20,877,0,0
1789323091435,507,POST /documents,200,OK,Create Document - carga 1-6,text,true,,259,1113,20,20,507,0,0
1789323091378,574,POST /documents,200,OK,Create Document - carga 1-18,text,true,,259,1113,20,20,573,0,0
1789323091379,662,POST /documents,200,OK,Create Document - carga 1-8,text,true,,259,1113,20,20,657,0,0
1789323091452,596,POST /documents,200,OK,Create Document - carga 1-19,text,true,,259,1113,20,20,596,0,0
1789323091577,471,POST /documents,200,OK,Create Document - carga 1-10,text,true,,259,1113,20,20,471,0,0
1789323091602,457,POST /documents,200,OK,Create Document - carga 1-7,text,true,,259,1113,20,20,457,0,0
1789323091878,257,POST /documents,200,OK,Create Document - carga 1-14,text,true,,259,1113,20,20,257,0,0
1789323091881,268,POST /documents,200,OK,Create Document - carga 1-12,text,true,,259,1113,20,20,268,0,0
1789323091750,399,POST /documents,200,OK,Create Document - carga 1-20,text,true,,259,1113,20,20,399,0,0
1789323091505,644,POST /documents,200,OK,Create Document - carga 1-9,text,true,,259,1113,20,20,644,0,0
1789323092023,214,POST /documents,200,OK,Create Document - carga 1-6,text,true,,259,1113,20,20,213,0,0
1789323091814,423,POST /documents,200,OK,Create Document - carga 1-5,text,true,,259,1113,20,20,422,0,0
1789323091789,449,POST /documents,200,OK,Create Document - carga 1-4,text,true,,259,1113,20,20,448,0,0
1789323091833,420,POST /documents,200,OK,Create Document - carga 1-2,text,true,,259,1113,20,20,420,0,0
1789323092149,104,POST /documents,200,OK,Create Document - carga 1-14,text,true,,259,1113,20,20,104,0,0
1789323091551,783,POST /documents,200,OK,Create Document - carga 1-16,text,true,,259,1113,20,20,783,0,0
1789323091732,602,POST /documents,200,OK,Create Document - carga 1-1,text,true,,259,1113,20,20,602,0,0
1789323092064,275,POST /documents,200,OK,Create Document - carga 1-10,text,true,,259,1113,20,20,275,0,0
1789323091778,664,POST /documents,200,OK,Create Document - carga 1-11,text,true,,259,1113,20,20,664,0,0
1789323091930,524,POST /documents,200,OK,Create Document - carga 1-13,text,true,,259,1113,20,20,524,0,0
1789323091898,636,POST /documents,200,OK,Create Document - carga 1-3,text,true,,259,1113,20,20,635,0,0
1789323092041,497,POST /documents,200,OK,Create Document - carga 1-8,text,true,,259,1113,20,20,497,0,0
1789323092160,379,POST /documents,200,OK,Create Document - carga 1-9,text,true,,259,1113,20,20,379,0,0
1789323092345,299,POST /documents,200,OK,Create Document - carga 1-2,text,true,,259,1113,20,20,299,0,0
1789323091856,788,POST /documents,200,OK,Create Document - carga 1-15,text,true,,259,1113,20,20,788,0,0
1789323092128,522,POST /documents,200,OK,Create Document - carga 1-19,text,true,,259,1113,20,20,521,0,0
1789323092101,645,POST /documents,200,OK,Create Document - carga 1-7,text,true,,259,1113,20,20,645,0,0
1789323091611,1227,POST /documents,200,OK,Create Document - carga 1-17,text,true,,259,1113,20,20,1226,0,0
1789323092249,589,POST /documents,200,OK,Create Document - carga 1-4,text,true,,259,1113,20,20,589,0,0
1789323092307,532,POST /documents,200,OK,Create Document - carga 1-14,text,true,,259,1113,20,20,532,0,0
1789323091988,856,POST /documents,200,OK,Create Document - carga 1-18,text,true,,259,1113,20,20,856,0,0
1789323092222,724,POST /documents,200,OK,Create Document - carga 1-20,text,true,,259,1113,20,20,724,0,0
1789323092206,741,POST /documents,200,OK,Create Document - carga 1-12,text,true,,259,1113,20,20,741,0,0
1789323092694,253,POST /documents,200,OK,Create Document - carga 1-15,text,true,,259,1113,20,20,253,0,0
1789323092472,475,POST /documents,200,OK,Create Document - carga 1-11,text,true,,259,1113,20,20,475,0,0
1789323092542,498,POST /documents,200,OK,Create Document - carga 1-9,text,true,,259,1113,20,20,498,0,0
1789323092251,795,POST /documents,200,OK,Create Document - carga 1-6,text,true,,259,1113,20,20,795,0,0
1789323092554,492,POST /documents,200,OK,Create Document - carga 1-13,text,true,,259,1113,20,20,492,0,0
1789323092296,752,POST /documents,200,OK,Create Document - carga 1-5,text,true,,259,1113,20,20,752,0,0
1789323092563,572,POST /documents,200,OK,Create Document - carga 1-8,text,true,,259,1113,20,20,572,0,0
1789323092617,526,POST /documents,200,OK,Create Document - carga 1-3,text,true,,259,1113,20,20,526,0,0
1789323092369,779,POST /documents,200,OK,Create Document - carga 1-16,text,true,,259,1113,20,20,779,0,0
1789323092378,771,POST /documents,200,OK,Create Document - carga 1-10,text,true,,259,1113,20,20,771,0,0
1789323092733,419,POST /documents,200,OK,Create Document - carga 1-2,text,true,,259,1113,20,20,418,0,0
1789323093005,147,POST /documents,200,OK,Create Document - carga 1-11,text,true,,259,1113,20,20,147,0,0
1789323092426,820,POST /documents,200,OK,Create Document - carga 1-1,text,true,,259,1113,20,20,820,0,0
1789323092911,422,POST /documents,200,OK,Create Document - carga 1-18,text,true,,259,1113,20,20,422,0,0
1789323092923,411,POST /documents,200,OK,Create Document - carga 1-14,text,true,,259,1113,20,20,411,0,0
1789323092827,519,POST /documents,200,OK,Create Document - carga 1-7,text,true,,259,1113,20,20,435,0,0
1789323093021,420,POST /documents,200,OK,Create Document - carga 1-15,text,true,,259,1113,20,20,420,0,0
1789323092973,469,POST /documents,200,OK,Create Document - carga 1-20,text,true,,259,1113,20,20,469,0,0
1789323093002,443,POST /documents,200,OK,Create Document - carga 1-12,text,true,,259,1113,20,20,443,0,0
1789323092665,780,POST /documents,200,OK,Create Document - carga 1-19,text,true,,259,1113,20,20,780,0,0
1789323092924,522,POST /documents,200,OK,Create Document - carga 1-17,text,true,,259,1113,20,20,522,0,0
1789323093065,484,POST /documents,200,OK,Create Document - carga 1-13,text,true,,259,1113,20,20,483,0,0
1789323092869,767,POST /documents,200,OK,Create Document - carga 1-4,text,true,,259,1113,20,20,766,0,0
1789323093112,528,POST /documents,200,OK,Create Document - carga 1-6,text,true,,259,1113,20,20,528,0,0
1789323093096,545,POST /documents,200,OK,Create Document - carga 1-9,text,true,,259,1113,20,20,545,0,0
1789323093117,525,POST /documents,200,OK,Create Document - carga 1-5,text,true,,259,1113,20,20,525,0,0
1789323093228,612,POST /documents,200,OK,Create Document - carga 1-11,text,true,,259,1113,20,20,612,0,0
1789323093202,638,POST /documents,200,OK,Create Document - carga 1-3,text,true,,259,1113,20,20,638,0,0
1789323093212,629,POST /documents,200,OK,Create Document - carga 1-2,text,true,,259,1113,20,20,629,0,0
1789323093537,397,POST /documents,200,OK,Create Document - carga 1-17,text,true,,259,1113,20,20,397,0,0
1789323093244,691,POST /documents,200,OK,Create Document - carga 1-16,text,true,,259,1113,20,20,691,0,0
1789323093446,499,POST /documents,200,OK,Create Document - carga 1-15,text,true,,259,1113,20,20,499,0,0
1789323093389,649,POST /documents,200,OK,Create Document - carga 1-18,text,true,,259,1113,20,20,649,0,0
1789323093428,611,POST /documents,200,OK,Create Document - carga 1-14,text,true,,259,1113,20,20,611,0,0
1789323093446,602,POST /documents,200,OK,Create Document - carga 1-20,text,true,,259,1113,20,20,601,0,0
1789323093376,672,POST /documents,200,OK,Create Document - carga 1-7,text,true,,259,1113,20,20,672,0,0
1789323093905,232,POST /documents,200,OK,Create Document - carga 1-11,text,true,,259,1113,20,20,232,0,0
1789323093498,642,POST /documents,200,OK,Create Document - carga 1-12,text,true,,259,1113,20,20,642,0,0
1789323093168,975,POST /documents,200,OK,Create Document - carga 1-8,text,true,,259,1113,20,20,975,0,0
1789323093545,600,POST /documents,200,OK,Create Document - carga 1-19,text,true,,259,1113,20,20,600,0,0
1789323093213,1031,POST /documents,200,OK,Create Document - carga 1-10,text,true,,259,1113,20,20,1030,0,0
1789323093617,629,POST /documents,200,OK,Create Document - carga 1-13,text,true,,259,1113,20,20,629,0,0
1789323093644,604,POST /documents,200,OK,Create Document - carga 1-4,text,true,,259,1113,20,20,604,0,0
1789323093648,606,POST /documents,200,OK,Create Document - carga 1-5,text,true,,259,1113,20,20,606,0,0
1789323093652,688,POST /documents,200,OK,Create Document - carga 1-9,text,true,,259,1113,20,20,688,0,0
1789323093345,1005,POST /documents,200,OK,Create Document - carga 1-1,text,true,,259,1113,20,20,1005,0,197
1789323093718,632,POST /documents,200,OK,Create Document - carga 1-6,text,true,,259,1113,20,20,632,0,0
1789323093914,437,POST /documents,200,OK,Create Document - carga 1-3,text,true,,259,1113,20,20,437,0,0
1789323094158,194,POST /documents,200,OK,Create Document - carga 1-19,text,true,,259,1113,19,19,194,0,0
1789323093960,480,POST /documents,200,OK,Create Document - carga 1-15,text,true,,259,1113,19,19,480,0,0
1789323094004,537,POST /documents,200,OK,Create Document - carga 1-16,text,true,,259,1113,19,19,537,0,0
1789323094077,464,POST /documents,200,OK,Create Document - carga 1-18,text,true,,259,1113,19,19,464,0,0
1789323094144,397,POST /documents,200,OK,Create Document - carga 1-11,text,true,,259,1113,19,19,397,0,0
1789323094023,519,POST /documents,200,OK,Create Document - carga 1-17,text,true,,259,1113,19,19,518,0,0
1789323094061,485,POST /documents,200,OK,Create Document - carga 1-14,text,true,,259,1113,19,19,485,0,0
1789323094107,460,POST /documents,200,OK,Create Document - carga 1-7,text,true,,259,1113,19,19,460,0,0
1789323093846,795,POST /documents,200,OK,Create Document - carga 1-2,text,true,,259,1113,19,19,795,0,0
1789323094074,567,POST /documents,200,OK,Create Document - carga 1-20,text,true,,259,1113,19,19,566,0,0
1789323094241,403,POST /documents,200,OK,Create Document - carga 1-8,text,true,,259,1113,19,19,403,0,0
1789323094232,413,POST /documents,200,OK,Create Document - carga 1-12,text,true,,259,1113,19,19,413,0,0
1789323094258,393,POST /documents,200,OK,Create Document - carga 1-13,text,true,,259,1113,19,19,393,0,0
1789323094286,461,POST /documents,200,OK,Create Document - carga 1-4,text,true,,259,1113,19,19,461,0,0
1789323094366,381,POST /documents,200,OK,Create Document - carga 1-19,text,true,,259,1113,19,19,381,0,0
1789323094341,407,POST /documents,200,OK,Create Document - carga 1-5,text,true,,259,1113,19,19,407,0,0
1789323094552,280,POST /documents,200,OK,Create Document - carga 1-18,text,true,,259,1113,19,19,280,0,0
1789323094372,469,POST /documents,200,OK,Create Document - carga 1-3,text,true,,259,1113,19,19,469,0,0
1789323094441,411,POST /documents,200,OK,Create Document - carga 1-6,text,true,,259,1113,19,19,411,0,0
1789323094428,506,POST /documents,200,OK,Create Document - carga 1-9,text,true,,259,1113,19,19,506,0,0
1789323094680,256,POST /documents,200,OK,Create Document - carga 1-12,text,true,,259,1113,19,19,256,0,0
1789323094303,635,POST /documents,200,OK,Create Document - carga 1-10,text,true,,259,1113,19,19,635,0,0
1789323094635,311,POST /documents,200,OK,Create Document - carga 1-16,text,true,,259,1113,19,19,311,0,0
1789323094623,323,POST /documents,200,OK,Create Document - carga 1-14,text,true,,259,1113,19,19,323,0,0
1789323094584,372,POST /documents,200,OK,Create Document - carga 1-11,text,true,,259,1113,19,19,372,0,0
1789323094566,474,POST /documents,200,OK,Create Document - carga 1-17,text,true,,259,1113,19,19,474,0,0
1789323094655,386,POST /documents,200,OK,Create Document - carga 1-2,text,true,,259,1113,19,19,386,0,0
1789323094680,363,POST /documents,200,OK,Create Document - carga 1-8,text,true,,259,1113,18,18,363,0,0
1789323094511,533,POST /documents,200,OK,Create Document - carga 1-15,text,true,,259,1113,18,18,533,0,0
1789323094697,352,POST /documents,200,OK,Create Document - carga 1-20,text,true,,259,1113,18,18,350,0,0
1789323094699,436,POST /documents,200,OK,Create Document - carga 1-13,text,true,,259,1113,18,18,353,0,0
1789323094638,508,POST /documents,200,OK,Create Document - carga 1-7,text,true,,259,1113,18,18,508,0,0
1789323094766,476,POST /documents,200,OK,Create Document - carga 1-19,text,true,,259,1113,18,18,476,0,0
1789323094934,308,POST /documents,200,OK,Create Document - carga 1-3,text,true,,259,1113,18,18,308,0,0
1789323094826,421,POST /documents,200,OK,Create Document - carga 1-4,text,true,,259,1113,18,18,421,0,0
1789323094873,374,POST /documents,200,OK,Create Document - carga 1-6,text,true,,259,1113,18,18,374,0,0
1789323094826,423,POST /documents,200,OK,Create Document - carga 1-5,text,true,,259,1113,18,18,423,0,0
1789323094939,408,POST /documents,200,OK,Create Document - carga 1-12,text,true,,259,1113,18,18,405,0,0
1789323094869,478,POST /documents,200,OK,Create Document - carga 1-18,text,true,,259,1113,18,18,478,0,0
1789323094965,404,POST /documents,200,OK,Create Document - carga 1-11,text,true,,259,1113,18,18,404,0,0
1789323095014,423,POST /documents,200,OK,Create Document - carga 1-14,text,true,,259,1113,18,18,423,0,0
1789323095158,286,POST /documents,200,OK,Create Document - carga 1-13,text,true,,259,1113,18,18,286,0,0
1789323094979,559,POST /documents,200,OK,Create Document - carga 1-10,text,true,,259,1113,18,18,559,0,0
1789323095047,492,POST /documents,200,OK,Create Document - carga 1-16,text,true,,259,1113,18,18,492,0,0
1789323095055,488,POST /documents,200,OK,Create Document - carga 1-15,text,true,,259,1113,18,18,488,0,0
1789323095102,441,POST /documents,200,OK,Create Document - carga 1-8,text,true,,259,1113,18,18,441,0,0
1789323095118,433,POST /documents,200,OK,Create Document - carga 1-17,text,true,,259,1113,18,18,433,0,0
1789323095113,527,POST /documents,200,OK,Create Document - carga 1-20,text,true,,259,1113,18,18,527,0,0
1789323094970,672,POST /documents,200,OK,Create Document - carga 1-9,text,true,,259,1113,18,18,672,0,0
1789323095162,493,POST /documents,200,OK,Create Document - carga 1-7,text,true,,259,1113,18,18,493,0,0
1789323095334,404,POST /documents,200,OK,Create Document - carga 1-3,text,true,,259,1113,18,18,404,0,0
1789323095396,349,POST /documents,200,OK,Create Document - carga 1-12,text,true,,259,1113,18,18,349,0,0
1789323095317,428,POST /documents,200,OK,Create Document - carga 1-4,text,true,,259,1113,18,18,427,0,0
1789323095260,486,POST /documents,200,OK,Create Document - carga 1-6,text,true,,259,1113,18,18,486,0,0
1789323095298,538,POST /documents,200,OK,Create Document - carga 1-19,text,true,,259,1113,18,18,538,0,0
1789323095435,409,POST /documents,200,OK,Create Document - carga 1-11,text,true,,259,1113,18,18,409,0,0
1789323095464,386,POST /documents,200,OK,Create Document - carga 1-14,text,true,,259,1113,18,18,385,0,0
1789323095369,562,POST /documents,200,OK,Create Document - carga 1-18,text,true,,259,1113,18,18,478,0,0
1789323095547,385,POST /documents,200,OK,Create Document - carga 1-15,text,true,,259,1113,18,18,384,0,0
1789323095531,404,POST /documents,200,OK,Create Document - carga 1-13,text,true,,259,1113,18,18,403,0,0
1789323095281,755,POST /documents,200,OK,Create Document - carga 1-5,text,true,,259,1113,18,18,755,0,0
1789323095836,211,POST /documents,200,OK,Create Document - carga 1-3,text,true,,259,1113,18,18,211,0,0
1789323095760,288,POST /documents,200,OK,Create Document - carga 1-4,text,true,,259,1113,18,18,288,0,0
1789323095633,415,POST /documents,200,OK,Create Document - carga 1-16,text,true,,259,1113,18,18,415,0,0
1789323095587,466,POST /documents,200,OK,Create Document - carga 1-10,text,true,,259,1113,18,18,466,0,0
1789323095651,488,POST /documents,200,OK,Create Document - carga 1-9,text,true,,259,1113,18,18,487,0,0
1789323095720,517,POST /documents,200,OK,Create Document - carga 1-20,text,true,,259,1113,18,18,517,0,0
1789323095748,512,POST /documents,200,OK,Create Document - carga 1-7,text,true,,259,1113,18,18,512,0,0
1789323095996,355,POST /documents,200,OK,Create Document - carga 1-13,text,true,,259,1113,18,18,355,0,0
1789323095789,563,POST /documents,200,OK,Create Document - carga 1-12,text,true,,259,1113,18,18,563,0,0
1789323096057,297,POST /documents,200,OK,Create Document - carga 1-16,text,true,,259,1113,18,18,297,0,0
1789323095783,571,POST /documents,200,OK,Create Document - carga 1-6,text,true,,259,1113,18,18,571,0,0
1789323096249,194,POST /documents,200,OK,Create Document - carga 1-20,text,true,,259,1113,18,18,194,0,0
1789323095957,575,POST /documents,200,OK,Create Document - carga 1-15,text,true,,259,1113,18,18,575,0,0
1789323095877,657,POST /documents,200,OK,Create Document - carga 1-14,text,true,,259,1113,18,18,657,0,0
1789323095944,595,POST /documents,200,OK,Create Document - carga 1-11,text,true,,259,1113,18,18,595,0,0
1789323096326,222,POST /documents,200,OK,Create Document - carga 1-7,text,true,,259,1113,18,18,222,0,0
1789323095963,670,POST /documents,200,OK,Create Document - carga 1-18,text,true,,259,1113,18,18,670,0,0
1789323096378,261,POST /documents,200,OK,Create Document - carga 1-12,text,true,,259,1113,18,18,261,0,0
1789323096407,234,POST /documents,200,OK,Create Document - carga 1-6,text,true,,259,1113,18,18,234,0,0
1789323096103,545,POST /documents,200,OK,Create Document - carga 1-10,text,true,,259,1113,18,18,545,0,0
1789323095592,1057,POST /documents,200,OK,Create Document - carga 1-8,text,true,,259,1113,18,18,1057,0,0
1789323096092,651,POST /documents,200,OK,Create Document - carga 1-4,text,true,,259,1113,18,18,650,0,0
1789323095863,880,POST /documents,200,OK,Create Document - carga 1-19,text,true,,259,1113,18,18,879,0,0
1789323096182,572,POST /documents,200,OK,Create Document - carga 1-9,text,true,,259,1113,18,18,572,0,0
1789323096140,619,POST /documents,200,OK,Create Document - carga 1-3,text,true,,259,1113,18,18,619,0,0
1789323095568,1268,POST /documents,200,OK,Create Document - carga 1-17,text,true,,259,1113,18,18,1268,0,0
1789323096420,420,POST /documents,200,OK,Create Document - carga 1-16,text,true,,259,1113,18,18,420,0,0
1789323096084,773,POST /documents,200,OK,Create Document - carga 1-5,text,true,,259,1113,18,18,773,0,0
1789323096371,486,POST /documents,200,OK,Create Document - carga 1-13,text,true,,259,1113,18,18,486,0,0
1789323096561,376,POST /documents,200,OK,Create Document - carga 1-11,text,true,,259,1113,18,18,376,0,0
1789323096538,399,POST /documents,200,OK,Create Document - carga 1-20,text,true,,259,1113,18,18,399,0,0
1789323096608,350,POST /documents,200,OK,Create Document - carga 1-14,text,true,,259,1113,18,18,350,0,0
1789323096633,325,POST /documents,200,OK,Create Document - carga 1-7,text,true,,259,1113,18,18,325,0,0
1789323096657,378,POST /documents,200,OK,Create Document - carga 1-10,text,true,,259,1113,18,18,378,0,0
1789323096772,263,POST /documents,200,OK,Create Document - carga 1-19,text,true,,259,1113,18,18,263,0,0
1789323096639,399,POST /documents,200,OK,Create Document - carga 1-12,text,true,,259,1113,18,18,399,0,0
1789323096672,373,POST /documents,200,OK,Create Document - carga 1-6,text,true,,259,1113,18,18,372,0,0
1789323096710,422,POST /documents,200,OK,Create Document - carga 1-18,text,true,,259,1113,18,18,339,0,0
1789323096683,452,POST /documents,200,OK,Create Document - carga 1-8,text,true,,259,1113,18,18,452,0,0
1789323096565,573,POST /documents,200,OK,Create Document - carga 1-15,text,true,,259,1113,18,18,573,0,0
1789323096790,358,POST /documents,200,OK,Create Document - carga 1-4,text,true,,259,1113,18,18,358,0,0
1789323096805,343,POST /documents,200,OK,Create Document - carga 1-3,text,true,,259,1113,18,18,343,0,0
1789323096970,273,POST /documents,200,OK,Create Document - carga 1-14,text,true,,259,1113,18,18,273,0,0
1789323096927,320,POST /documents,200,OK,Create Document - carga 1-13,text,true,,259,1113,18,18,318,0,0
1789323096906,346,POST /documents,200,OK,Create Document - carga 1-17,text,true,,259,1113,18,18,345,0,0
1789323097027,228,POST /documents,200,OK,Create Document - carga 1-7,text,true,,259,1113,18,18,228,0,0
1789323096939,316,POST /documents,200,OK,Create Document - carga 1-5,text,true,,259,1113,18,18,316,0,0
1789323096845,592,POST /documents,200,OK,Create Document - carga 1-9,text,true,,259,1113,18,18,592,0,0
1789323096852,585,POST /documents,200,OK,Create Document - carga 1-16,text,true,,259,1113,18,18,494,0,0
1789323096957,483,POST /documents,200,OK,Create Document - carga 1-11,text,true,,259,1113,18,18,483,0,0
1789323097026,419,POST /documents,200,OK,Create Document - carga 1-20,text,true,,259,1113,18,18,419,0,0
1789323097048,400,POST /documents,200,OK,Create Document - carga 1-12,text,true,,259,1113,18,18,400,0,0
1789323097132,324,POST /documents,200,OK,Create Document - carga 1-10,text,true,,259,1113,18,18,324,0,0
1789323097138,397,POST /documents,200,OK,Create Document - carga 1-6,text,true,,259,1113,18,18,397,0,0
1789323097103,434,POST /documents,200,OK,Create Document - carga 1-19,text,true,,259,1113,18,18,434,0,0
1789323097184,455,POST /documents,200,OK,Create Document - carga 1-18,text,true,,259,1113,18,18,455,0,0
1789323097197,444,POST /documents,200,OK,Create Document - carga 1-8,text,true,,259,1113,18,18,444,0,0
1789323097167,475,POST /documents,200,OK,Create Document - carga 1-15,text,true,,259,1113,18,18,474,0,0
1789323097232,414,POST /documents,200,OK,Create Document - carga 1-3,text,true,,259,1113,18,18,414,0,0
1789323097170,477,POST /documents,200,OK,Create Document - carga 1-4,text,true,,259,1113,18,18,477,0,0
1789323097340,396,POST /documents,200,OK,Create Document - carga 1-17,text,true,,259,1113,18,18,396,0,0
1789323097302,446,POST /documents,200,OK,Create Document - carga 1-5,text,true,,259,1113,18,18,446,0,0
1789323097252,496,POST /documents,200,OK,Create Document - carga 1-13,text,true,,259,1113,18,18,496,0,0
1789323097449,301,POST /documents,200,OK,Create Document - carga 1-20,text,true,,259,1113,18,18,301,0,0
1789323097252,498,POST /documents,200,OK,Create Document - carga 1-14,text,true,,259,1113,18,18,498,0,0
1789323097315,436,POST /documents,200,OK,Create Document - carga 1-7,text,true,,259,1113,18,18,436,0,0
1789323097452,383,POST /documents,200,OK,Create Document - carga 1-9,text,true,,259,1113,18,18,382,0,0
1789323097454,389,POST /documents,200,OK,Create Document - carga 1-16,text,true,,259,1113,18,18,389,0,0
1789323097495,348,POST /documents,200,OK,Create Document - carga 1-11,text,true,,259,1113,18,18,348,0,0
1789323097462,383,POST /documents,200,OK,Create Document - carga 1-12,text,true,,259,1113,18,18,383,0,0
1789323097546,388,POST /documents,200,OK,Create Document - carga 1-10,text,true,,259,1113,18,18,388,0,0
1789323097715,220,POST /documents,200,OK,Create Document - carga 1-4,text,true,,259,1113,18,18,220,0,0
1789323097618,325,POST /documents,200,OK,Create Document - carga 1-6,text,true,,259,1113,18,18,325,0,0
1789323097644,303,POST /documents,200,OK,Create Document - carga 1-15,text,true,,259,1113,18,18,303,0,0
1789323097765,272,POST /documents,200,OK,Create Document - carga 1-14,text,true,,259,1113,18,18,272,0,0
1789323097674,363,POST /documents,200,OK,Create Document - carga 1-8,text,true,,259,1113,18,18,363,0,0
1789323097752,289,POST /documents,200,OK,Create Document - carga 1-5,text,true,,259,1113,18,18,289,0,0
1789323097756,285,POST /documents,200,OK,Create Document - carga 1-13,text,true,,259,1113,18,18,285,0,0
1789323097795,256,POST /documents,200,OK,Create Document - carga 1-7,text,true,,259,1113,18,18,251,0,0
1789323097762,375,POST /documents,200,OK,Create Document - carga 1-20,text,true,,259,1113,18,18,375,0,0
1789323097867,270,POST /documents,200,OK,Create Document - carga 1-11,text,true,,259,1113,18,18,270,0,0
1789323097782,360,POST /documents,200,OK,Create Document - carga 1-17,text,true,,259,1113,18,18,360,0,0
1789323097671,475,POST /documents,200,OK,Create Document - carga 1-3,text,true,,259,1113,18,18,475,0,212
1789323097615,622,POST /documents,200,OK,Create Document - carga 1-19,text,true,,259,1113,17,17,622,0,0
1789323097883,358,POST /documents,200,OK,Create Document - carga 1-9,text,true,,259,1113,17,17,358,0,0
1789323097726,515,POST /documents,200,OK,Create Document - carga 1-18,text,true,,259,1113,17,17,515,0,0
1789323097941,301,POST /documents,200,OK,Create Document - carga 1-12,text,true,,259,1113,17,17,301,0,0
1789323097896,348,POST /documents,200,OK,Create Document - carga 1-16,text,true,,259,1113,17,17,348,0,0
1789323097991,355,POST /documents,200,OK,Create Document - carga 1-6,text,true,,259,1113,17,17,355,0,0
1789323098015,331,POST /documents,200,OK,Create Document - carga 1-15,text,true,,259,1113,17,17,331,0,0
1789323097958,389,POST /documents,200,OK,Create Document - carga 1-4,text,true,,259,1113,17,17,389,0,0
1789323098129,222,POST /documents,200,OK,Create Document - carga 1-7,text,true,,259,1113,17,17,222,0,0
1789323098018,427,POST /documents,200,OK,Create Document - carga 1-10,text,true,,259,1113,17,17,427,0,0
1789323098069,376,POST /documents,200,OK,Create Document - carga 1-13,text,true,,259,1113,17,17,376,0,0
1789323098102,432,POST /documents,200,OK,Create Document - carga 1-5,text,true,,259,1113,17,17,432,0,0
1789323098117,417,POST /documents,200,OK,Create Document - carga 1-14,text,true,,259,1113,17,17,417,0,0
1789323098146,394,POST /documents,200,OK,Create Document - carga 1-17,text,true,,259,1113,17,17,394,0,0
1789323098174,461,POST /documents,200,OK,Create Document - carga 1-20,text,true,,259,1113,17,17,461,0,0
1789323098226,412,POST /documents,200,OK,Create Document - carga 1-11,text,true,,259,1113,17,17,412,0,0
1789323098287,360,POST /documents,200,OK,Create Document - carga 1-9,text,true,,259,1113,17,17,359,0,0
1789323098288,360,POST /documents,200,OK,Create Document - carga 1-19,text,true,,259,1113,17,17,360,0,0
1789323098378,276,POST /documents,200,OK,Create Document - carga 1-7,text,true,,259,1113,17,17,276,0,0
1789323098304,355,POST /documents,200,OK,Create Document - carga 1-16,text,true,,259,1113,17,17,355,0,0
1789323098315,423,POST /documents,200,OK,Create Document - carga 1-12,text,true,,259,1113,17,17,423,0,0
1789323098291,447,POST /documents,200,OK,Create Document - carga 1-18,text,true,,259,1113,17,17,447,0,0
1789323098363,383,POST /documents,200,OK,Create Document - carga 1-4,text,true,,259,1113,17,17,383,0,0
1789323098101,733,POST /documents,200,OK,Create Document - carga 1-8,text,true,,259,1113,17,17,733,0,0
1789323098425,409,POST /documents,200,OK,Create Document - carga 1-6,text,true,,259,1113,17,17,409,0,0
1789323098446,391,POST /documents,200,OK,Create Document - carga 1-15,text,true,,259,1113,17,17,391,0,0
1789323098477,370,POST /documents,200,OK,Create Document - carga 1-13,text,true,,259,1113,17,17,370,0,0
1789323098482,367,POST /documents,200,OK,Create Document - carga 1-10,text,true,,259,1113,17,17,367,0,0
1789323098678,258,POST /documents,200,OK,Create Document - carga 1-16,text,true,,259,1113,17,17,258,0,0
1789323098553,383,POST /documents,200,OK,Create Document - carga 1-14,text,true,,259,1113,17,17,383,0,0
1789323098603,334,POST /documents,200,OK,Create Document - carga 1-17,text,true,,259,1113,17,17,334,0,0
1789323098700,253,POST /documents,200,OK,Create Document - carga 1-11,text,true,,259,1113,17,17,252,0,0
1789323098838,196,POST /documents,200,OK,Create Document - carga 1-12,text,true,,259,1113,17,17,194,0,0
1789323098705,330,POST /documents,200,OK,Create Document - carga 1-20,text,true,,259,1113,17,17,330,0,0
1789323098763,277,POST /documents,200,OK,Create Document - carga 1-4,text,true,,259,1113,17,17,277,0,0
1789323098586,461,POST /documents,200,OK,Create Document - carga 1-5,text,true,,259,1113,17,17,461,0,0
1789323098761,370,POST /documents,200,OK,Create Document - carga 1-18,text,true,,259,1113,17,17,370,0,0
1789323098711,432,POST /documents,200,OK,Create Document - carga 1-19,text,true,,259,1113,17,17,432,0,0
1789323098737,408,POST /documents,200,OK,Create Document - carga 1-9,text,true,,259,1113,17,17,407,0,0
1789323098706,443,POST /documents,200,OK,Create Document - carga 1-7,text,true,,259,1113,17,17,443,0,0
1789323098996,246,POST /documents,200,OK,Create Document - carga 1-17,text,true,,259,1113,17,17,246,0,0
1789323098909,338,POST /documents,200,OK,Create Document - carga 1-13,text,true,,259,1113,17,17,338,0,0
1789323099032,233,POST /documents,200,OK,Create Document - carga 1-16,text,true,,259,1113,17,17,233,0,0
1789323098919,418,POST /documents,200,OK,Create Document - carga 1-10,text,true,,259,1113,17,17,418,0,0
1789323098879,458,POST /documents,200,OK,Create Document - carga 1-8,text,true,,259,1113,17,17,458,0,0
1789323098990,348,POST /documents,200,OK,Create Document - carga 1-11,text,true,,259,1113,17,17,348,0,0
1789323098908,440,POST /documents,200,OK,Create Document - carga 1-15,text,true,,259,1113,17,17,440,0,0
1789323098882,468,POST /documents,200,OK,Create Document - carga 1-6,text,true,,259,1113,17,17,468,0,0
1789323098973,378,POST /documents,200,OK,Create Document - carga 1-14,text,true,,259,1113,17,17,377,0,0
1789323099240,112,POST /documents,200,OK,Create Document - carga 1-19,text,true,,259,1113,17,17,112,0,0
1789323099092,347,POST /documents,200,OK,Create Document - carga 1-12,text,true,,259,1113,17,17,347,0,0
1789323099120,327,POST /documents,200,OK,Create Document - carga 1-20,text,true,,259,1113,17,17,327,0,0
1789323099136,402,POST /documents,200,OK,Create Document - carga 1-18,text,true,,259,1113,17,17,402,0,0
1789323099122,418,POST /documents,200,OK,Create Document - carga 1-5,text,true,,259,1113,17,17,418,0,0
1789323099223,413,POST /documents,200,OK,Create Document - carga 1-9,text,true,,259,1113,17,17,413,0,0
1789323099092,559,POST /documents,200,OK,Create Document - carga 1-4,text,true,,259,1113,17,17,559,0,0
1789323099205,446,POST /documents,200,OK,Create Document - carga 1-7,text,true,,259,1113,17,17,446,0,0
1789323099264,521,POST /documents,200,OK,Create Document - carga 1-13,text,true,,259,1113,17,17,520,0,0
1789323099306,527,POST /documents,200,OK,Create Document - carga 1-17,text,true,,259,1113,17,17,527,0,0
1789323099393,447,POST /documents,200,OK,Create Document - carga 1-11,text,true,,259,1113,17,17,446,0,0
1789323099639,201,POST /documents,200,OK,Create Document - carga 1-9,text,true,,259,1113,17,17,200,0,0
1789323099382,462,POST /documents,200,OK,Create Document - carga 1-10,text,true,,259,1113,17,17,462,0,0
1789323099380,578,POST /documents,200,OK,Create Document - carga 1-19,text,true,,259,1113,17,17,578,0,0
1789323099391,567,POST /documents,200,OK,Create Document - carga 1-6,text,true,,259,1113,17,17,567,0,0
1789323099422,617,POST /documents,200,OK,Create Document - carga 1-8,text,true,,259,1113,17,17,617,0,0
1789323099417,622,POST /documents,200,OK,Create Document - carga 1-14,text,true,,259,1113,17,17,622,0,0
1789323099544,500,POST /documents,200,OK,Create Document - carga 1-20,text,true,,259,1113,17,17,500,0,0
1789323099533,601,POST /documents,200,OK,Create Document - carga 1-12,text,true,,259,1113,17,17,601,0,0
1789323099323,811,POST /documents,200,OK,Create Document - carga 1-16,text,true,,259,1113,17,17,811,0,0
1789323099570,570,POST /documents,200,OK,Create Document - carga 1-5,text,true,,259,1113,17,17,570,0,0
1789323099889,251,POST /documents,200,OK,Create Document - carga 1-11,text,true,,259,1113,17,17,251,0,0
1789323099353,790,POST /documents,200,OK,Create Document - carga 1-15,text,true,,259,1113,17,17,790,0,0
1789323100017,222,POST /documents,200,OK,Create Document - carga 1-19,text,true,,259,1113,17,17,222,0,0
1789323099800,449,POST /documents,200,OK,Create Document - carga 1-13,text,true,,259,1113,17,17,449,0,0
1789323099902,348,POST /documents,200,OK,Create Document - carga 1-9,text,true,,259,1113,17,17,347,0,0
1789323099578,755,POST /documents,200,OK,Create Document - carga 1-18,text,true,,259,1113,17,17,672,0,0
1789323099907,536,POST /documents,200,OK,Create Document - carga 1-17,text,true,,259,1113,17,17,445,0,0
1789323100001,443,POST /documents,200,OK,Create Document - carga 1-6,text,true,,259,1113,17,17,443,0,0
1789323099720,724,POST /documents,200,OK,Create Document - carga 1-4,text,true,,259,1113,17,17,724,0,242
1789323099720,737,POST /documents,200,OK,Create Document - carga 1-7,text,true,,259,1113,17,17,736,0,0
1789323100122,420,POST /documents,200,OK,Create Document - carga 1-20,text,true,,259,1113,17,17,419,0,0
1789323100204,337,POST /documents,200,OK,Create Document - carga 1-16,text,true,,259,1113,17,17,337,0,0
1789323100153,389,POST /documents,200,OK,Create Document - carga 1-11,text,true,,259,1113,17,17,389,0,0
1789323100062,480,POST /documents,200,OK,Create Document - carga 1-14,text,true,,259,1113,17,17,480,0,0
1789323100216,426,POST /documents,200,OK,Create Document - carga 1-12,text,true,,259,1113,17,17,426,0,0
1789323099933,709,POST /documents,200,OK,Create Document - carga 1-10,text,true,,259,1113,17,17,709,0,0
1789323100257,386,POST /documents,200,OK,Create Document - carga 1-19,text,true,,259,1113,17,17,386,0,0
1789323100281,365,POST /documents,200,OK,Create Document - carga 1-13,text,true,,259,1113,17,17,365,0,0
1789323100192,539,POST /documents,200,OK,Create Document - carga 1-15,text,true,,259,1113,17,17,539,0,0
1789323100281,463,POST /documents,200,OK,Create Document - carga 1-9,text,true,,259,1113,17,17,463,0,0
1789323100094,650,POST /documents,200,OK,Create Document - carga 1-8,text,true,,259,1113,17,17,650,0,0
1789323100234,511,POST /documents,200,OK,Create Document - carga 1-5,text,true,,259,1113,17,17,511,0,0
1789323100433,400,POST /documents,200,OK,Create Document - carga 1-18,text,true,,259,1113,17,17,400,0,0
1789323100520,326,POST /documents,200,OK,Create Document - carga 1-17,text,true,,259,1113,17,17,326,0,0
1789323100595,252,POST /documents,200,OK,Create Document - carga 1-11,text,true,,259,1113,17,17,251,0,0
1789323100488,371,POST /documents,200,OK,Create Document - carga 1-7,text,true,,259,1113,17,17,371,0,0
1789323100456,478,POST /documents,200,OK,Create Document - carga 1-4,text,true,,259,1113,17,17,478,0,0
1789323100497,437,POST /documents,200,OK,Create Document - carga 1-6,text,true,,259,1113,17,17,437,0,0
1789323100586,363,POST /documents,200,OK,Create Document - carga 1-16,text,true,,259,1113,17,17,363,0,0
1789323100805,144,POST /documents,200,OK,Create Document - carga 1-15,text,true,,259,1113,17,17,144,0,0
1789323100560,390,POST /documents,200,OK,Create Document - carga 1-20,text,true,,259,1113,17,17,390,0,0
1789323100787,165,POST /documents,200,OK,Create Document - carga 1-9,text,true,,259,1113,17,17,165,0,0
1789323100652,302,POST /documents,200,OK,Create Document - carga 1-12,text,true,,259,1113,17,17,302,0,0
1789323100697,338,POST /documents,200,OK,Create Document - carga 1-19,text,true,,259,1113,17,17,338,0,0
1789323100689,352,POST /documents,200,OK,Create Document - carga 1-10,text,true,,259,1113,17,17,352,0,0
1789323100646,407,POST /documents,200,OK,Create Document - carga 1-13,text,true,,259,1113,17,17,407,0,0
1789323100752,301,POST /documents,200,OK,Create Document - carga 1-8,text,true,,259,1113,17,17,301,0,0
1789323100922,131,POST /documents,200,OK,Create Document - carga 1-11,text,true,,259,1113,17,17,131,0,0
1789323100565,488,POST /documents,200,OK,Create Document - carga 1-14,text,true,,259,1113,17,17,488,0,0
1789323100858,296,POST /documents,200,OK,Create Document - carga 1-18,text,true,,259,1113,17,17,287,0,0
1789323100857,298,POST /documents,200,OK,Create Document - carga 1-17,text,true,,259,1113,17,17,298,0,0
1789323100952,203,POST /documents,200,OK,Create Document - carga 1-6,text,true,,259,1113,17,17,203,0,0
1789323100788,367,POST /documents,200,OK,Create Document - carga 1-5,text,true,,259,1113,17,17,367,0,0
1789323100890,272,POST /documents,200,OK,Create Document - carga 1-7,text,true,,259,1113,17,17,272,0,0
1789323100958,282,POST /documents,200,OK,Create Document - carga 1-20,text,true,,259,1113,17,17,282,0,0
1789323100987,261,POST /documents,200,OK,Create Document - carga 1-12,text,true,,259,1113,17,17,261,0,0
1789323101037,220,POST /documents,200,OK,Create Document - carga 1-16,text,true,,259,1113,17,17,220,0,0
1789323101060,274,POST /documents,200,OK,Create Document - carga 1-8,text,true,,259,1113,17,17,274,0,0
1789323100990,348,POST /documents,200,OK,Create Document - carga 1-4,text,true,,259,1113,17,17,348,0,0
1789323100980,358,POST /documents,200,OK,Create Document - carga 1-9,text,true,,259,1113,17,17,358,0,0
1789323101035,316,POST /documents,200,OK,Create Document - carga 1-15,text,true,,259,1113,17,17,316,0,0
1789323101214,217,POST /documents,200,OK,Create Document - carga 1-18,text,true,,259,1113,17,17,217,0,0
1789323101119,314,POST /documents,200,OK,Create Document - carga 1-14,text,true,,259,1113,17,17,314,0,0
1789323101090,348,POST /documents,200,OK,Create Document - carga 1-13,text,true,,259,1113,17,17,348,0,0
1789323101066,374,POST /documents,200,OK,Create Document - carga 1-10,text,true,,259,1113,17,17,374,0,0
1789323101200,251,POST /documents,200,OK,Create Document - carga 1-5,text,true,,259,1113,17,17,251,0,0
1789323101209,335,POST /documents,200,OK,Create Document - carga 1-17,text,true,,259,1113,17,17,335,0,0
1789323101149,395,POST /documents,200,OK,Create Document - carga 1-11,text,true,,259,1113,17,17,395,0,0
1789323101100,542,POST /documents,200,OK,Create Document - carga 1-19,text,true,,259,1113,17,17,542,0,0
1789323101191,452,POST /documents,200,OK,Create Document - carga 1-6,text,true,,259,1113,17,17,452,0,0
1789323101302,432,POST /documents,200,OK,Create Document - carga 1-12,text,true,,259,1113,17,17,432,0,0
1789323101334,404,POST /documents,200,OK,Create Document - carga 1-16,text,true,,259,1113,17,17,403,0,0
1789323101277,463,POST /documents,200,OK,Create Document - carga 1-20,text,true,,259,1113,17,17,463,0,0
1789323101387,367,POST /documents,200,OK,Create Document - carga 1-4,text,true,,259,1113,17,17,366,0,0
1789323101436,318,POST /documents,200,OK,Create Document - carga 1-14,text,true,,259,1113,17,17,318,0,0
1789323101415,341,POST /documents,200,OK,Create Document - carga 1-8,text,true,,259,1113,17,17,340,0,0
1789323101207,551,POST /documents,200,OK,Create Document - carga 1-7,text,true,,259,1113,16,16,551,0,0
1789323101452,317,POST /documents,200,OK,Create Document - carga 1-10,text,true,,259,1113,16,16,317,0,0
1789323101384,453,POST /documents,200,OK,Create Document - carga 1-15,text,true,,259,1113,16,16,453,0,0
1789323101478,363,POST /documents,200,OK,Create Document - carga 1-18,text,true,,259,1113,16,16,363,0,0
1789323101373,473,POST /documents,200,OK,Create Document - carga 1-9,text,true,,259,1113,16,16,473,0,0
1789323101522,415,POST /documents,200,OK,Create Document - carga 1-13,text,true,,259,1113,16,16,415,0,0
1789323101568,369,POST /documents,200,OK,Create Document - carga 1-11,text,true,,259,1113,16,16,369,0,0
1789323101639,303,POST /documents,200,OK,Create Document - carga 1-17,text,true,,259,1113,16,16,303,0,0
1789323101664,284,POST /documents,200,OK,Create Document - carga 1-19,text,true,,259,1113,16,16,284,0,0
1789323101738,213,POST /documents,200,OK,Create Document - carga 1-16,text,true,,259,1113,16,16,213,0,0
1789323101493,459,POST /documents,200,OK,Create Document - carga 1-5,text,true,,259,1113,16,16,459,0,187
1789323101710,242,POST /documents,200,OK,Create Document - carga 1-6,text,true,,259,1113,16,16,242,0,0
1789323101794,247,POST /documents,200,OK,Create Document - carga 1-20,text,true,,259,1113,16,16,247,0,0
1789323101818,223,POST /documents,200,OK,Create Document - carga 1-12,text,true,,259,1113,16,16,223,0,0
1789323101841,200,POST /documents,200,OK,Create Document - carga 1-14,text,true,,259,1113,16,16,200,0,0
1789323101779,272,POST /documents,200,OK,Create Document - carga 1-8,text,true,,259,1113,16,16,272,0,0
1789323101870,270,POST /documents,200,OK,Create Document - carga 1-18,text,true,,259,1113,16,16,270,0,0
1789323101907,235,POST /documents,200,OK,Create Document - carga 1-15,text,true,,259,1113,16,16,235,0,0
1789323101830,315,POST /documents,200,OK,Create Document - carga 1-7,text,true,,259,1113,16,16,315,0,0
1789323101843,302,POST /documents,200,OK,Create Document - carga 1-10,text,true,,259,1113,16,16,302,0,0
1789323102008,142,POST /documents,200,OK,Create Document - carga 1-11,text,true,,259,1113,16,16,142,0,0
1789323101901,332,POST /documents,200,OK,Create Document - carga 1-9,text,true,,259,1113,16,16,332,0,0
1789323101949,296,POST /documents,200,OK,Create Document - carga 1-13,text,true,,259,1113,16,16,296,0,0
1789323101963,283,POST /documents,200,OK,Create Document - carga 1-6,text,true,,259,1113,16,16,283,0,0
1789323101983,265,POST /documents,200,OK,Create Document - carga 1-17,text,true,,259,1113,16,16,265,0,0
1789323102036,299,POST /documents,200,OK,Create Document - carga 1-16,text,true,,259,1113,16,16,298,0,0
1789323102017,321,POST /documents,200,OK,Create Document - carga 1-5,text,true,,259,1113,16,16,321,0,0
1789323102050,297,POST /documents,200,OK,Create Document - carga 1-14,text,true,,259,1113,16,16,297,0,0
1789323102076,357,POST /documents,200,OK,Create Document - carga 1-20,text,true,,259,1113,16,16,356,0,0
1789323102043,392,POST /documents,200,OK,Create Document - carga 1-19,text,true,,259,1113,16,16,392,0,0
1789323102070,376,POST /documents,200,OK,Create Document - carga 1-12,text,true,,259,1113,16,16,376,0,0
1789323102204,247,POST /documents,200,OK,Create Document - carga 1-7,text,true,,259,1113,16,16,247,0,0
1789323102121,413,POST /documents,200,OK,Create Document - carga 1-8,text,true,,259,1113,16,16,413,0,0
1789323102264,270,POST /documents,200,OK,Create Document - carga 1-9,text,true,,259,1113,16,16,270,0,0
1789323102279,256,POST /documents,200,OK,Create Document - carga 1-6,text,true,,259,1113,16,16,255,0,0
1789323102245,294,POST /documents,200,OK,Create Document - carga 1-11,text,true,,259,1113,16,16,294,0,0
1789323102196,352,POST /documents,200,OK,Create Document - carga 1-15,text,true,,259,1113,16,16,352,0,0
1789323102432,155,POST /documents,200,OK,Create Document - carga 1-16,text,true,,259,1113,16,16,155,0,0
1789323102241,401,POST /documents,200,OK,Create Document - carga 1-10,text,true,,259,1113,16,16,401,0,0
1789323102221,421,POST /documents,200,OK,Create Document - carga 1-18,text,true,,259,1113,16,16,421,0,0
1789323102326,316,POST /documents,200,OK,Create Document - carga 1-17,text,true,,259,1113,16,16,316,0,0
1789323102372,275,POST /documents,200,OK,Create Document - carga 1-5,text,true,,259,1113,16,16,275,0,0
1789323102521,139,POST /documents,200,OK,Create Document - carga 1-19,text,true,,259,1113,16,16,139,0,0
1789323102420,319,POST /documents,200,OK,Create Document - carga 1-14,text,true,,259,1113,16,16,316,0,0
1789323102515,241,POST /documents,200,OK,Create Document - carga 1-7,text,true,,259,1113,16,16,241,0,0
1789323102552,286,POST /documents,200,OK,Create Document - carga 1-11,text,true,,259,1113,16,16,286,0,0
1789323102256,584,POST /documents,200,OK,Create Document - carga 1-13,text,true,,259,1113,16,16,583,0,0
1789323102548,293,POST /documents,200,OK,Create Document - carga 1-9,text,true,,259,1113,16,16,293,0,0
1789323102558,285,POST /documents,200,OK,Create Document - carga 1-15,text,true,,259,1113,16,16,285,0,0
1789323102483,361,POST /documents,200,OK,Create Document - carga 1-12,text,true,,259,1113,16,16,361,0,0
1789323102497,356,POST /documents,200,OK,Create Document - carga 1-20,text,true,,259,1113,16,16,356,0,0
1789323102645,212,POST /documents,200,OK,Create Document - carga 1-18,text,true,,259,1113,16,16,212,0,0
1789323102651,208,POST /documents,200,OK,Create Document - carga 1-16,text,true,,259,1113,16,16,207,0,0
1789323102575,285,POST /documents,200,OK,Create Document - carga 1-8,text,true,,259,1113,16,16,285,0,0
1789323102559,302,POST /documents,200,OK,Create Document - carga 1-6,text,true,,259,1113,16,16,302,0,0
1789323102732,213,POST /documents,200,OK,Create Document - carga 1-5,text,true,,259,1113,16,16,213,0,0
1789323102735,221,POST /documents,200,OK,Create Document - carga 1-10,text,true,,259,1113,16,16,210,0,0
1789323102718,238,POST /documents,200,OK,Create Document - carga 1-17,text,true,,259,1113,16,16,238,0,0
1789323102746,210,POST /documents,200,OK,Create Document - carga 1-19,text,true,,259,1113,16,16,210,0,0
1789323102827,130,POST /documents,200,OK,Create Document - carga 1-14,text,true,,259,1113,16,16,129,0,0
1789323102835,136,POST /documents,200,OK,Create Document - carga 1-7,text,true,,259,1113,16,16,136,0,0
1789323102888,160,POST /documents,200,OK,Create Document - carga 1-20,text,true,,259,1113,16,16,160,0,0
1789323102884,165,POST /documents,200,OK,Create Document - carga 1-8,text,true,,259,1113,16,16,165,0,0
1789323102894,159,POST /documents,200,OK,Create Document - carga 1-12,text,true,,259,1113,16,16,159,0,0
1789323102914,221,POST /documents,200,OK,Create Document - carga 1-6,text,true,,259,1113,16,16,221,0,0
1789323102918,217,POST /documents,200,OK,Create Document - carga 1-9,text,true,,259,1113,16,16,217,0,0
1789323102905,257,POST /documents,200,OK,Create Document - carga 1-13,text,true,,259,1113,16,16,256,0,0
1789323102884,355,POST /documents,200,OK,Create Document - carga 1-15,text,true,,259,1113,16,16,355,0,0
1789323102975,266,POST /documents,200,OK,Create Document - carga 1-14,text,true,,259,1113,16,16,266,0,0
1789323102907,336,POST /documents,200,OK,Create Document - carga 1-11,text,true,,259,1113,16,16,335,0,0
1789323102874,372,POST /documents,200,OK,Create Document - carga 1-18,text,true,,259,1113,16,16,372,0,0
1789323103097,238,POST /documents,200,OK,Create Document - carga 1-20,text,true,,259,1113,16,16,238,0,0
1789323102994,342,POST /documents,200,OK,Create Document - carga 1-5,text,true,,259,1113,16,16,342,0,0
1789323102983,357,POST /documents,200,OK,Create Document - carga 1-10,text,true,,259,1113,16,16,357,0,0
1789323102990,353,POST /documents,200,OK,Create Document - carga 1-19,text,true,,259,1113,16,16,353,0,0
1789323103200,233,POST /documents,200,OK,Create Document - carga 1-6,text,true,,259,1113,16,16,233,0,0
1789323102955,479,POST /documents,200,OK,Create Document - carga 1-16,text,true,,259,1113,16,16,398,0,0
1789323103145,302,POST /documents,200,OK,Create Document - carga 1-12,text,true,,259,1113,16,16,302,0,0
1789323103042,406,POST /documents,200,OK,Create Document - carga 1-17,text,true,,259,1113,16,16,406,0,0
1789323103062,389,POST /documents,200,OK,Create Document - carga 1-7,text,true,,259,1113,16,16,389,0,0
1789323103178,357,POST /documents,200,OK,Create Document - carga 1-9,text,true,,259,1113,16,16,357,0,0
1789323103059,478,POST /documents,200,OK,Create Document - carga 1-8,text,true,,259,1113,16,16,476,0,0
1789323103255,286,POST /documents,200,OK,Create Document - carga 1-13,text,true,,259,1113,16,16,285,0,0
1789323103281,359,POST /documents,200,OK,Create Document - carga 1-11,text,true,,259,1113,16,16,353,0,0
1789323103337,306,POST /documents,200,OK,Create Document - carga 1-15,text,true,,259,1113,16,16,306,0,0
1789323103385,259,POST /documents,200,OK,Create Document - carga 1-19,text,true,,259,1113,16,16,259,0,0
1789323103328,316,POST /documents,200,OK,Create Document - carga 1-18,text,true,,259,1113,16,16,316,0,0
1789323103291,355,POST /documents,200,OK,Create Document - carga 1-14,text,true,,259,1113,16,16,355,0,0
1789323103426,310,POST /documents,200,OK,Create Document - carga 1-20,text,true,,259,1113,16,16,310,0,0
1789323103448,294,POST /documents,200,OK,Create Document - carga 1-12,text,true,,259,1113,16,16,294,0,0
1789323103420,325,POST /documents,200,OK,Create Document - carga 1-10,text,true,,259,1113,16,16,325,0,0
1789323103421,325,POST /documents,200,OK,Create Document - carga 1-5,text,true,,259,1113,16,16,325,0,0
1789323103457,293,POST /documents,200,OK,Create Document - carga 1-16,text,true,,259,1113,16,16,293,0,0
1789323103526,230,POST /documents,200,OK,Create Document - carga 1-17,text,true,,259,1113,16,16,229,0,0
1789323103619,143,POST /documents,200,OK,Create Document - carga 1-9,text,true,,259,1113,16,16,143,0,0
1789323103541,223,POST /documents,200,OK,Create Document - carga 1-7,text,true,,259,1113,16,16,223,0,0
1789323103573,193,POST /documents,200,OK,Create Document - carga 1-8,text,true,,259,1113,16,16,193,0,0
1789323103635,208,POST /documents,200,OK,Create Document - carga 1-13,text,true,,259,1113,16,16,208,0,0
1789323103705,146,POST /documents,200,OK,Create Document - carga 1-15,text,true,,259,1113,16,16,146,0,0
1789323103728,207,POST /documents,200,OK,Create Document - carga 1-11,text,true,,259,1113,16,16,207,0,0
1789323103735,203,POST /documents,200,OK,Create Document - carga 1-19,text,true,,259,1113,16,16,203,0,0
1789323103686,254,POST /documents,200,OK,Create Document - carga 1-18,text,true,,259,1113,16,16,252,0,0
1789323103693,254,POST /documents,200,OK,Create Document - carga 1-14,text,true,,259,1113,16,16,254,0,0
1789323103484,466,POST /documents,200,OK,Create Document - carga 1-6,text,true,,259,1113,16,16,466,0,194
1789323103805,146,POST /documents,200,OK,Create Document - carga 1-8,text,true,,259,1113,16,16,146,0,0
1789323103752,204,POST /documents,200,OK,Create Document - carga 1-10,text,true,,259,1113,15,15,204,0,0
1789323103824,138,POST /documents,200,OK,Create Document - carga 1-7,text,true,,259,1113,15,15,138,0,0
1789323103788,259,POST /documents,200,OK,Create Document - carga 1-9,text,true,,259,1113,15,15,259,0,0
1789323103814,233,POST /documents,200,OK,Create Document - carga 1-16,text,true,,259,1113,15,15,233,0,0
1789323103830,218,POST /documents,200,OK,Create Document - carga 1-5,text,true,,259,1113,15,15,218,0,0
1789323103820,229,POST /documents,200,OK,Create Document - carga 1-20,text,true,,259,1113,15,15,229,0,0
1789323103850,283,POST /documents,200,OK,Create Document - carga 1-17,text,true,,259,1113,15,15,206,0,0
1789323103799,336,POST /documents,200,OK,Create Document - carga 1-12,text,true,,259,1113,15,15,253,0,0
1789323103890,254,POST /documents,200,OK,Create Document - carga 1-15,text,true,,259,1113,15,15,254,0,0
1789323103914,231,POST /documents,200,OK,Create Document - carga 1-13,text,true,,259,1113,15,15,231,0,0
1789323103971,180,POST /documents,200,OK,Create Document - carga 1-10,text,true,,259,1113,15,15,180,0,0
1789323103978,175,POST /documents,200,OK,Create Document - carga 1-8,text,true,,259,1113,15,15,175,0,0
1789323104007,149,POST /documents,200,OK,Create Document - carga 1-19,text,true,,259,1113,15,15,149,0,0
1789323104003,157,POST /documents,200,OK,Create Document - carga 1-18,text,true,,259,1113,15,15,157,0,0
1789323104011,153,POST /documents,200,OK,Create Document - carga 1-11,text,true,,259,1113,15,15,153,0,0
1789323103974,265,POST /documents,200,OK,Create Document - carga 1-14,text,true,,259,1113,15,15,265,0,0
1789323104065,179,POST /documents,200,OK,Create Document - carga 1-16,text,true,,259,1113,15,15,179,0,0
1789323104095,153,POST /documents,200,OK,Create Document - carga 1-5,text,true,,259,1113,15,15,153,0,0
1789323104124,129,POST /documents,200,OK,Create Document - carga 1-20,text,true,,259,1113,15,15,128,0,0
1789323104034,219,POST /documents,200,OK,Create Document - carga 1-7,text,true,,259,1113,15,15,219,0,0
1789323104134,122,POST /documents,200,OK,Create Document - carga 1-9,text,true,,259,1113,15,15,122,0,0
1789323104158,109,POST /documents,200,OK,Create Document - carga 1-17,text,true,,259,1113,15,15,109,0,0
1789323104159,172,POST /documents,200,OK,Create Document - carga 1-15,text,true,,259,1113,15,15,110,0,0
1789323104167,176,POST /documents,200,OK,Create Document - carga 1-13,text,true,,259,1113,15,15,176,0,0
1789323104192,256,POST /documents,200,OK,Create Document - carga 1-10,text,true,,259,1113,15,15,256,0,0
1789323104206,243,POST /documents,200,OK,Create Document - carga 1-8,text,true,,259,1113,15,15,243,0,0
1789323104245,293,POST /documents,200,OK,Create Document - carga 1-19,text,true,,259,1113,15,15,292,0,0
1789323104235,408,POST /documents,200,OK,Create Document - carga 1-12,text,true,,259,1113,15,15,408,0,0
1789323104360,380,POST /documents,200,OK,Create Document - carga 1-15,text,true,,259,1113,15,15,380,0,0
1789323104192,548,POST /documents,200,OK,Create Document - carga 1-11,text,true,,259,1113,15,15,548,0,0
1789323104299,636,POST /documents,200,OK,Create Document - carga 1-9,text,true,,259,1113,15,15,636,0,0
1789323104330,613,POST /documents,200,OK,Create Document - carga 1-14,text,true,,259,1113,15,15,613,0,0
1789323104306,637,POST /documents,200,OK,Create Document - carga 1-16,text,true,,259,1113,15,15,637,0,0
1789323104782,355,POST /documents,200,OK,Create Document - carga 1-15,text,true,,259,1113,15,15,355,0,0
1789323104305,833,POST /documents,200,OK,Create Document - carga 1-20,text,true,,259,1113,15,15,833,0,0
1789323104271,963,POST /documents,200,OK,Create Document - carga 1-17,text,true,,259,1113,15,15,963,0,0
1789323104424,911,POST /documents,200,OK,Create Document - carga 1-13,text,true,,259,1113,15,15,911,0,0
1789323104188,1147,POST /documents,200,OK,Create Document - carga 1-18,text,true,,259,1113,15,15,1147,0,0
1789323104350,1004,POST /documents,200,OK,Create Document - carga 1-7,text,true,,259,1113,15,15,1004,0,0
1789323104504,1039,POST /documents,200,OK,Create Document - carga 1-10,text,true,,259,1113,15,15,1039,0,0
1789323104811,927,POST /documents,200,OK,Create Document - carga 1-11,text,true,,259,1113,15,15,927,0,0
1789323104289,1451,POST /documents,200,OK,Create Document - carga 1-5,text,true,,259,1113,15,15,1450,0,0
1789323104996,854,POST /documents,200,OK,Create Document - carga 1-16,text,true,,259,1113,14,14,854,0,0
1789323105029,908,POST /documents,200,OK,Create Document - carga 1-14,text,true,,259,1113,14,14,821,0,0
1789323105200,742,POST /documents,200,OK,Create Document - carga 1-20,text,true,,259,1113,14,14,741,0,0
1789323104551,1400,POST /documents,200,OK,Create Document - carga 1-19,text,true,,259,1113,14,14,1400,0,0
1789323105174,866,POST /documents,200,OK,Create Document - carga 1-15,text,true,,259,1113,14,14,866,0,0
1789323104494,1551,POST /documents,200,OK,Create Document - carga 1-8,text,true,,259,1113,14,14,1551,0,0
1789323104702,1343,POST /documents,200,OK,Create Document - carga 1-12,text,true,,259,1113,14,14,1343,0,0
1789323105267,780,POST /documents,200,OK,Create Document - carga 1-17,text,true,,259,1113,14,14,780,0,0
1789323105934,205,POST /documents,200,OK,Create Document - carga 1-16,text,true,,259,1113,14,14,205,0,0
1789323105398,835,POST /documents,200,OK,Create Document - carga 1-18,text,true,,259,1113,14,14,835,0,0
1789323105644,691,POST /documents,200,OK,Create Document - carga 1-10,text,true,,259,1113,14,14,691,0,0
1789323106000,337,POST /documents,200,OK,Create Document - carga 1-20,text,true,,259,1113,14,14,336,0,0
1789323104997,1344,POST /documents,200,OK,Create Document - carga 1-9,text,true,,259,1113,14,14,1344,0,0
1789323106058,383,POST /documents,200,OK,Create Document - carga 1-8,text,true,,259,1113,14,14,383,0,0
1789323105946,502,POST /documents,200,OK,Create Document - carga 1-14,text,true,,259,1113,14,14,501,0,0
1789323106054,496,POST /documents,200,OK,Create Document - carga 1-17,text,true,,259,1113,14,14,496,0,0
1789323105387,1249,POST /documents,200,OK,Create Document - carga 1-7,text,true,,259,1113,14,14,1249,0,194
1789323105403,1338,POST /documents,200,OK,Create Document - carga 1-13,text,true,,259,1113,13,13,1338,0,0
1789323106302,444,POST /documents,200,OK,Create Document - carga 1-18,text,true,,259,1113,13,13,444,0,0
1789323105960,786,POST /documents,200,OK,Create Document - carga 1-19,text,true,,259,1113,13,13,786,0,0
1789323106077,755,POST /documents,200,OK,Create Document - carga 1-15,text,true,,259,1113,13,13,755,0,0
1789323105746,1094,POST /documents,200,OK,Create Document - carga 1-11,text,true,,259,1113,13,13,1094,0,0
1789323106178,764,POST /documents,200,OK,Create Document - carga 1-16,text,true,,259,1113,13,13,764,0,0
1789323106366,576,POST /documents,200,OK,Create Document - carga 1-9,text,true,,259,1113,13,13,576,0,0
1789323106391,555,POST /documents,200,OK,Create Document - carga 1-20,text,true,,259,1113,13,13,555,0,0
1789323106409,537,POST /documents,200,OK,Create Document - carga 1-10,text,true,,259,1113,13,13,536,0,0
1789323106541,500,POST /documents,200,OK,Create Document - carga 1-14,text,true,,259,1113,13,13,500,0,0
1789323106555,587,POST /documents,200,OK,Create Document - carga 1-17,text,true,,259,1113,13,13,587,0,0
1789323106937,206,POST /documents,200,OK,Create Document - carga 1-11,text,true,,259,1113,13,13,205,0,0
1789323106748,395,POST /documents,200,OK,Create Document - carga 1-13,text,true,,259,1113,13,13,394,0,0
1789323106495,745,POST /documents,200,OK,Create Document - carga 1-8,text,true,,259,1113,13,13,745,0,0
1789323106143,1100,POST /documents,200,OK,Create Document - carga 1-12,text,true,,259,1113,13,13,1099,0,0
1789323106785,458,POST /documents,200,OK,Create Document - carga 1-18,text,true,,259,1113,13,13,458,0,0
1789323106788,457,POST /documents,200,OK,Create Document - carga 1-19,text,true,,259,1113,13,13,457,0,0
1789323107011,434,POST /documents,200,OK,Create Document - carga 1-16,text,true,,259,1113,13,13,434,0,0
1789323106978,467,POST /documents,200,OK,Create Document - carga 1-10,text,true,,259,1113,13,13,467,0,0
1789323107088,451,POST /documents,200,OK,Create Document - carga 1-14,text,true,,259,1113,13,13,451,0,0
1789323106984,647,POST /documents,200,OK,Create Document - carga 1-20,text,true,,259,1113,13,13,647,0,0
1789323107017,623,POST /documents,200,OK,Create Document - carga 1-9,text,true,,259,1113,13,13,621,0,0
1789323107331,415,POST /documents,200,OK,Create Document - carga 1-19,text,true,,259,1113,13,13,415,0,0
1789323107163,698,POST /documents,200,OK,Create Document - carga 1-17,text,true,,259,1113,13,13,698,0,0
1789323107226,717,POST /documents,200,OK,Create Document - carga 1-11,text,true,,259,1113,13,13,717,0,0
1789323107508,437,POST /documents,200,OK,Create Document - carga 1-16,text,true,,259,1113,13,13,437,0,0
1789323107831,204,POST /documents,200,OK,Create Document - carga 1-19,text,true,,259,1113,13,13,204,0,0
1789323107295,745,POST /documents,200,OK,Create Document - carga 1-18,text,true,,259,1113,13,13,745,0,0
1789323106905,1139,POST /documents,200,OK,Create Document - carga 1-15,text,true,,259,1113,13,13,1139,0,0
1789323107342,704,POST /documents,200,OK,Create Document - carga 1-12,text,true,,259,1113,13,13,703,0,0
1789323107877,178,POST /documents,200,OK,Create Document - carga 1-17,text,true,,259,1113,13,13,178,0,0
1789323107643,502,POST /documents,200,OK,Create Document - carga 1-9,text,true,,259,1113,13,13,502,0,0
1789323107578,568,POST /documents,200,OK,Create Document - carga 1-14,text,true,,259,1113,13,13,568,0,0
1789323107718,430,POST /documents,200,OK,Create Document - carga 1-20,text,true,,259,1113,13,13,430,0,0
1789323107211,1037,POST /documents,200,OK,Create Document - carga 1-13,text,true,,259,1113,13,13,1036,0,0
1789323107322,926,POST /documents,200,OK,Create Document - carga 1-8,text,true,,259,1113,13,13,926,0,204
1789323107512,829,POST /documents,200,OK,Create Document - carga 1-10,text,true,,259,1113,13,13,829,0,0
1789323108143,303,POST /documents,200,OK,Create Document - carga 1-18,text,true,,259,1113,13,13,303,0,0
1789323108087,359,POST /documents,200,OK,Create Document - carga 1-17,text,true,,259,1113,13,13,359,0,0
1789323108185,352,POST /documents,200,OK,Create Document - carga 1-20,text,true,,259,1113,13,13,351,0,0
1789323108035,507,POST /documents,200,OK,Create Document - carga 1-11,text,true,,259,1113,13,13,507,0,0
1789323107984,558,POST /documents,200,OK,Create Document - carga 1-16,text,true,,259,1113,13,13,558,0,0
1789323108205,341,POST /documents,200,OK,Create Document - carga 1-9,text,true,,259,1113,13,13,341,0,0
1789323108105,537,POST /documents,200,OK,Create Document - carga 1-15,text,true,,259,1113,13,13,537,0,0
1789323108062,586,POST /documents,200,OK,Create Document - carga 1-19,text,true,,259,1113,13,13,586,0,0
1789323108348,307,POST /documents,200,OK,Create Document - carga 1-13,text,true,,259,1113,13,13,307,0,0
1789323108093,562,POST /documents,200,OK,Create Document - carga 1-12,text,true,,259,1113,13,13,562,0,0
1789323108440,306,POST /documents,200,OK,Create Document - carga 1-10,text,true,,259,1113,13,13,306,0,0
1789323108536,215,POST /documents,200,OK,Create Document - carga 1-18,text,true,,259,1113,13,13,215,0,0
1789323108243,603,POST /documents,200,OK,Create Document - carga 1-14,text,true,,259,1113,13,13,603,0,0
1789323108523,329,POST /documents,200,OK,Create Document - carga 1-17,text,true,,259,1113,13,13,329,0,0
1789323108326,613,POST /documents,200,OK,Create Document - carga 1-8,text,true,,259,1113,13,13,613,0,0
1789323108587,352,POST /documents,200,OK,Create Document - carga 1-11,text,true,,259,1113,13,13,352,0,0
1789323108710,333,POST /documents,200,OK,Create Document - carga 1-12,text,true,,259,1113,13,13,333,0,0
1789323108721,323,POST /documents,200,OK,Create Document - carga 1-15,text,true,,259,1113,13,13,322,0,0
1789323108570,575,POST /documents,200,OK,Create Document - carga 1-16,text,true,,259,1113,13,13,575,0,0
1789323108614,531,POST /documents,200,OK,Create Document - carga 1-20,text,true,,259,1113,13,13,531,0,0
1789323108560,585,POST /documents,200,OK,Create Document - carga 1-9,text,true,,259,1113,13,13,585,0,0
1789323108716,430,POST /documents,200,OK,Create Document - carga 1-19,text,true,,259,1113,13,13,430,0,0
1789323108974,187,POST /documents,200,OK,Create Document - carga 1-8,text,true,,259,1113,13,13,187,0,0
1789323108860,301,POST /documents,200,OK,Create Document - carga 1-14,text,true,,259,1113,13,13,301,0,0
1789323108680,481,POST /documents,200,OK,Create Document - carga 1-13,text,true,,259,1113,13,13,481,0,0
1789323108892,354,POST /documents,200,OK,Create Document - carga 1-17,text,true,,259,1113,13,13,354,0,0
1789323108829,418,POST /documents,200,OK,Create Document - carga 1-10,text,true,,259,1113,13,13,418,0,0
1789323109036,312,POST /documents,200,OK,Create Document - carga 1-11,text,true,,259,1113,13,13,312,0,0
1789323108809,623,POST /documents,200,OK,Create Document - carga 1-18,text,true,,259,1113,13,13,539,0,0
1789323109117,328,POST /documents,200,OK,Create Document - carga 1-15,text,true,,259,1113,13,13,328,0,0
1789323109109,346,POST /documents,200,OK,Create Document - carga 1-12,text,true,,259,1113,13,13,346,0,0
1789323109206,340,POST /documents,200,OK,Create Document - carga 1-13,text,true,,259,1113,13,13,340,0,0
1789323109199,348,POST /documents,200,OK,Create Document - carga 1-16,text,true,,259,1113,13,13,348,0,0
1789323109205,347,POST /documents,200,OK,Create Document - carga 1-14,text,true,,259,1113,13,13,347,0,0
1789323109157,396,POST /documents,200,OK,Create Document - carga 1-9,text,true,,259,1113,13,13,396,0,0
1789323109233,326,POST /documents,200,OK,Create Document - carga 1-8,text,true,,259,1113,13,13,326,0,0
1789323109313,249,POST /documents,200,OK,Create Document - carga 1-10,text,true,,259,1113,12,12,249,0,0
1789323109275,364,POST /documents,200,OK,Create Document - carga 1-17,text,true,,259,1113,12,12,364,0,0
1789323109205,434,POST /documents,200,OK,Create Document - carga 1-20,text,true,,259,1113,12,12,434,0,0
1789323109526,215,POST /documents,200,OK,Create Document - carga 1-18,text,true,,259,1113,12,12,215,0,0
1789323109496,246,POST /documents,200,OK,Create Document - carga 1-12,text,true,,259,1113,12,12,245,0,0
1789323109375,372,POST /documents,200,OK,Create Document - carga 1-11,text,true,,259,1113,12,12,372,0,0
1789323109473,371,POST /documents,200,OK,Create Document - carga 1-15,text,true,,259,1113,12,12,371,0,0
1789323109173,676,POST /documents,200,OK,Create Document - carga 1-19,text,true,,259,1113,12,12,676,0,0
1789323109571,371,POST /documents,200,OK,Create Document - carga 1-16,text,true,,259,1113,12,12,371,0,0
1789323109611,333,POST /documents,200,OK,Create Document - carga 1-14,text,true,,259,1113,12,12,333,0,0
1789323109644,394,POST /documents,200,OK,Create Document - carga 1-10,text,true,,259,1113,12,12,300,0,0
1789323109722,326,POST /documents,200,OK,Create Document - carga 1-17,text,true,,259,1113,12,12,326,0,0
1789323109680,455,POST /documents,200,OK,Create Document - carga 1-20,text,true,,259,1113,12,12,454,0,0
1789323109759,388,POST /documents,200,OK,Create Document - carga 1-18,text,true,,259,1113,12,12,388,0,0
1789323109551,690,POST /documents,200,OK,Create Document - carga 1-13,text,true,,259,1113,12,12,690,0,0
1789323110017,229,POST /documents,200,OK,Create Document - carga 1-14,text,true,,259,1113,12,12,229,0,0
1789323109819,518,POST /documents,200,OK,Create Document - carga 1-11,text,true,,259,1113,12,12,518,0,0
1789323109837,505,POST /documents,200,OK,Create Document - carga 1-12,text,true,,259,1113,12,12,505,0,0
1789323109947,403,POST /documents,200,OK,Create Document - carga 1-19,text,true,,259,1113,12,12,403,0,0
1789323109995,363,POST /documents,200,OK,Create Document - carga 1-16,text,true,,259,1113,12,12,363,0,0
1789323109571,867,POST /documents,200,OK,Create Document - carga 1-9,text,true,,259,1113,12,12,867,0,198
1789323109849,597,POST /documents,200,OK,Create Document - carga 1-15,text,true,,259,1113,12,12,597,0,0
1789323110311,145,POST /documents,200,OK,Create Document - carga 1-14,text,true,,259,1113,12,12,145,0,0
1789323110282,174,POST /documents,200,OK,Create Document - carga 1-13,text,true,,259,1113,12,12,174,0,0
1789323110187,346,POST /documents,200,OK,Create Document - carga 1-20,text,true,,259,1113,12,12,346,0,0
1789323110155,389,POST /documents,200,OK,Create Document - carga 1-18,text,true,,259,1113,12,12,389,0,0
1789323110085,460,POST /documents,200,OK,Create Document - carga 1-17,text,true,,259,1113,12,12,460,0,0
1789323110074,471,POST /documents,200,OK,Create Document - carga 1-10,text,true,,259,1113,12,12,471,0,0
1789323110410,151,POST /documents,200,OK,Create Document - carga 1-19,text,true,,259,1113,12,12,150,0,0
1789323110404,232,POST /documents,200,OK,Create Document - carga 1-12,text,true,,259,1113,12,12,232,0,0
1789323110364,282,POST /documents,200,OK,Create Document - carga 1-11,text,true,,259,1113,12,12,282,0,0
1789323110483,259,POST /documents,200,OK,Create Document - carga 1-14,text,true,,259,1113,12,12,258,0,0
1789323110439,305,POST /documents,200,OK,Create Document - carga 1-16,text,true,,259,1113,12,12,305,0,0
1789323110526,311,POST /documents,200,OK,Create Document - carga 1-9,text,true,,259,1113,12,12,311,0,0
1789323110552,293,POST /documents,200,OK,Create Document - carga 1-17,text,true,,259,1113,12,12,293,0,0
1789323110540,395,POST /documents,200,OK,Create Document - carga 1-15,text,true,,259,1113,12,12,395,0,0
1789323110607,328,POST /documents,200,OK,Create Document - carga 1-19,text,true,,259,1113,12,12,328,0,0
1789323110529,510,POST /documents,200,OK,Create Document - carga 1-13,text,true,,259,1113,12,12,510,0,0
1789323110607,433,POST /documents,200,OK,Create Document - carga 1-10,text,true,,259,1113,12,12,433,0,0
1789323110831,223,POST /documents,200,OK,Create Document - carga 1-14,text,true,,259,1113,12,12,222,0,0
1789323110785,352,POST /documents,200,OK,Create Document - carga 1-16,text,true,,259,1113,12,12,268,0,0
1789323110657,583,POST /documents,200,OK,Create Document - carga 1-12,text,true,,259,1113,12,12,582,0,0
1789323110617,625,POST /documents,200,OK,Create Document - carga 1-20,text,true,,259,1113,12,12,625,0,0
1789323110566,772,POST /documents,200,OK,Create Document - carga 1-18,text,true,,259,1113,12,12,770,0,0
1789323110841,502,POST /documents,200,OK,Create Document - carga 1-9,text,true,,259,1113,12,12,502,0,0
1789323110881,563,POST /documents,200,OK,Create Document - carga 1-17,text,true,,259,1113,12,12,563,0,0
1789323111034,412,POST /documents,200,OK,Create Document - carga 1-15,text,true,,259,1113,12,12,410,0,0
1789323110969,575,POST /documents,200,OK,Create Document - carga 1-19,text,true,,259,1113,12,12,575,0,0
1789323111085,558,POST /documents,200,OK,Create Document - carga 1-14,text,true,,259,1113,12,12,558,0,0
1789323111099,550,POST /documents,200,OK,Create Document - carga 1-13,text,true,,259,1113,12,12,550,0,0
1789323111072,765,POST /documents,200,OK,Create Document - carga 1-10,text,true,,259,1113,12,12,765,0,0
1789323111333,509,POST /documents,200,OK,Create Document - carga 1-20,text,true,,259,1113,12,12,508,0,0
1789323111314,533,POST /documents,200,OK,Create Document - carga 1-12,text,true,,259,1113,12,12,533,0,0
1789323111703,149,POST /documents,200,OK,Create Document - carga 1-13,text,true,,259,1113,12,12,149,0,0
1789323110746,1188,POST /documents,200,OK,Create Document - carga 1-11,text,true,,259,1113,12,12,1188,0,0
1789323111546,395,POST /documents,200,OK,Create Document - carga 1-15,text,true,,259,1113,12,12,395,0,0
1789323111550,395,POST /documents,200,OK,Create Document - carga 1-19,text,true,,259,1113,12,12,395,0,0
1789323111377,572,POST /documents,200,OK,Create Document - carga 1-18,text,true,,259,1113,12,12,572,0,0
1789323111371,580,POST /documents,200,OK,Create Document - carga 1-9,text,true,,259,1113,12,12,579,0,0
1789323111445,510,POST /documents,200,OK,Create Document - carga 1-17,text,true,,259,1113,11,11,510,0,0
1789323111735,223,POST /documents,200,OK,Create Document - carga 1-14,text,true,,259,1113,11,11,223,0,0
1789323111216,742,POST /documents,200,OK,Create Document - carga 1-16,text,true,,259,1113,11,11,742,0,0
1789323111852,190,POST /documents,200,OK,Create Document - carga 1-13,text,true,,259,1113,11,11,190,0,0
1789323111880,262,POST /documents,200,OK,Create Document - carga 1-12,text,true,,259,1113,11,11,262,0,0
1789323111984,251,POST /documents,200,OK,Create Document - carga 1-14,text,true,,259,1113,11,11,251,0,0
1789323111896,346,POST /documents,200,OK,Create Document - carga 1-20,text,true,,259,1113,11,11,346,0,0
1789323112008,245,POST /documents,200,OK,Create Document - carga 1-19,text,true,,259,1113,11,11,245,0,0
1789323112067,187,POST /documents,200,OK,Create Document - carga 1-13,text,true,,259,1113,11,11,187,0,0
1789323112031,312,POST /documents,200,OK,Create Document - carga 1-17,text,true,,259,1113,11,11,312,0,0
1789323111958,386,POST /documents,200,OK,Create Document - carga 1-11,text,true,,259,1113,11,11,386,0,0
1789323112022,412,POST /documents,200,OK,Create Document - carga 1-18,text,true,,259,1113,10,10,412,0,0
1789323111957,482,POST /documents,200,OK,Create Document - carga 1-15,text,true,,259,1113,10,10,482,0,0
1789323112339,209,POST /documents,200,OK,Create Document - carga 1-13,text,true,,259,1113,10,10,209,0,0
1789323111889,659,POST /documents,200,OK,Create Document - carga 1-10,text,true,,259,1113,10,10,659,0,189
1789323112301,348,POST /documents,200,OK,Create Document - carga 1-19,text,true,,259,1113,10,10,348,0,0
1789323112235,414,POST /documents,200,OK,Create Document - carga 1-12,text,true,,259,1113,10,10,414,0,0
1789323112300,350,POST /documents,200,OK,Create Document - carga 1-14,text,true,,259,1113,10,10,350,0,0
1789323112342,393,POST /documents,200,OK,Create Document - carga 1-20,text,true,,259,1113,10,10,393,0,0
1789323112045,693,POST /documents,200,OK,Create Document - carga 1-16,text,true,,259,1113,10,10,690,0,0
1789323112450,292,POST /documents,200,OK,Create Document - carga 1-18,text,true,,259,1113,10,10,292,0,0
1789323112399,349,POST /documents,200,OK,Create Document - carga 1-17,text,true,,259,1113,10,10,349,0,0
1789323112526,310,POST /documents,200,OK,Create Document - carga 1-15,text,true,,259,1113,10,10,310,0,0
1789323112564,379,POST /documents,200,OK,Create Document - carga 1-10,text,true,,259,1113,10,10,379,0,0
1789323112681,263,POST /documents,200,OK,Create Document - carga 1-19,text,true,,259,1113,10,10,263,0,0
1789323112569,378,POST /documents,200,OK,Create Document - carga 1-13,text,true,,259,1113,10,10,378,0,0
1789323112796,249,POST /documents,200,OK,Create Document - carga 1-16,text,true,,259,1113,10,10,249,0,0
1789323112733,312,POST /documents,200,OK,Create Document - carga 1-12,text,true,,259,1113,10,10,312,0,0
1789323112813,328,POST /documents,200,OK,Create Document - carga 1-18,text,true,,259,1113,10,10,328,0,0
1789323112794,350,POST /documents,200,OK,Create Document - carga 1-20,text,true,,259,1113,10,10,350,0,0
1789323112830,319,POST /documents,200,OK,Create Document - carga 1-17,text,true,,259,1113,10,10,319,0,0
1789323112894,350,POST /documents,200,OK,Create Document - carga 1-15,text,true,,259,1113,10,10,350,0,0
1789323112660,683,POST /documents,200,OK,Create Document - carga 1-14,text,true,,259,1113,10,10,683,0,0
1789323112978,368,POST /documents,200,OK,Create Document - carga 1-19,text,true,,259,1113,10,10,368,0,0
1789323113043,306,POST /documents,200,OK,Create Document - carga 1-13,text,true,,259,1113,10,10,306,0,0
1789323113088,360,POST /documents,200,OK,Create Document - carga 1-16,text,true,,259,1113,10,10,360,0,0
1789323113144,305,POST /documents,200,OK,Create Document - carga 1-12,text,true,,259,1113,10,10,305,0,0
1789323113019,516,POST /documents,200,OK,Create Document - carga 1-10,text,true,,259,1113,10,10,516,0,0
1789323113227,317,POST /documents,200,OK,Create Document - carga 1-20,text,true,,259,1113,10,10,317,0,0
1789323113177,457,POST /documents,200,OK,Create Document - carga 1-18,text,true,,259,1113,10,10,457,0,0
1789323113163,474,POST /documents,200,OK,Create Document - carga 1-17,text,true,,259,1113,10,10,474,0,0
1789323113368,269,POST /documents,200,OK,Create Document - carga 1-14,text,true,,259,1113,10,10,269,0,0
1789323113320,329,POST /documents,200,OK,Create Document - carga 1-15,text,true,,259,1113,10,10,329,0,0
1789323113377,365,POST /documents,200,OK,Create Document - carga 1-13,text,true,,259,1113,10,10,365,0,0
1789323113361,404,POST /documents,200,OK,Create Document - carga 1-19,text,true,,259,1113,10,10,404,0,0
1789323113608,246,POST /documents,200,OK,Create Document - carga 1-20,text,true,,259,1113,10,10,246,0,0
1789323113504,351,POST /documents,200,OK,Create Document - carga 1-12,text,true,,259,1113,10,10,342,0,0
1789323113521,334,POST /documents,200,OK,Create Document - carga 1-16,text,true,,259,1113,10,10,334,0,0
1789323113560,381,POST /documents,200,OK,Create Document - carga 1-10,text,true,,259,1113,10,10,381,0,0
1789323113735,222,POST /documents,200,OK,Create Document - carga 1-14,text,true,,259,1113,9,9,222,0,0
1789323113739,218,POST /documents,200,OK,Create Document - carga 1-15,text,true,,259,1113,9,9,209,0,0
1789323113660,388,POST /documents,200,OK,Create Document - carga 1-17,text,true,,259,1113,9,9,388,0,0
1789323113762,287,POST /documents,200,OK,Create Document - carga 1-13,text,true,,259,1113,9,9,287,0,0
1789323113770,290,POST /documents,200,OK,Create Document - carga 1-19,text,true,,259,1113,9,9,290,0,0
1789323113730,402,POST /documents,200,OK,Create Document - carga 1-18,text,true,,259,1113,9,9,402,0,0
1789323113888,257,POST /documents,200,OK,Create Document - carga 1-20,text,true,,259,1113,9,9,257,0,0
1789323113884,263,POST /documents,200,OK,Create Document - carga 1-16,text,true,,259,1113,9,9,263,0,0
1789323113863,284,POST /documents,200,OK,Create Document - carga 1-12,text,true,,259,1113,9,9,284,0,0
1789323114023,216,POST /documents,200,OK,Create Document - carga 1-15,text,true,,259,1113,9,9,216,0,0
1789323114006,240,POST /documents,200,OK,Create Document - carga 1-14,text,true,,259,1113,9,9,240,0,0
1789323114085,258,POST /documents,200,OK,Create Document - carga 1-19,text,true,,259,1113,9,9,258,0,0
1789323114076,267,POST /documents,200,OK,Create Document - carga 1-13,text,true,,259,1113,9,9,267,0,0
1789323114103,240,POST /documents,200,OK,Create Document - carga 1-17,text,true,,259,1113,9,9,240,0,0
1789323114210,139,POST /documents,200,OK,Create Document - carga 1-20,text,true,,259,1113,9,9,139,0,0
1789323114207,229,POST /documents,200,OK,Create Document - carga 1-18,text,true,,259,1113,9,9,229,0,0
1789323114150,292,POST /documents,200,OK,Create Document - carga 1-16,text,true,,259,1113,9,9,292,0,0
1789323114243,201,POST /documents,200,OK,Create Document - carga 1-12,text,true,,259,1113,9,9,201,0,0
1789323114325,211,POST /documents,200,OK,Create Document - carga 1-14,text,true,,259,1113,9,9,211,0,0
1789323114280,260,POST /documents,200,OK,Create Document - carga 1-15,text,true,,259,1113,9,9,260,0,0
1789323114365,185,POST /documents,200,OK,Create Document - carga 1-13,text,true,,259,1113,9,9,185,0,0
1789323114423,217,POST /documents,200,OK,Create Document - carga 1-20,text,true,,259,1113,9,9,217,0,0
1789323114391,249,POST /documents,200,OK,Create Document - carga 1-19,text,true,,259,1113,9,9,249,0,0
1789323114393,248,POST /documents,200,OK,Create Document - carga 1-17,text,true,,259,1113,9,9,248,0,0
1789323114463,271,POST /documents,200,OK,Create Document - carga 1-12,text,true,,259,1113,9,9,271,0,0
1789323114504,241,POST /documents,200,OK,Create Document - carga 1-18,text,true,,259,1113,9,9,241,0,0
1789323114497,249,POST /documents,200,OK,Create Document - carga 1-16,text,true,,259,1113,9,9,249,0,0
1789323114601,242,POST /documents,200,OK,Create Document - carga 1-14,text,true,,259,1113,9,9,242,0,0
1789323114608,324,POST /documents,200,OK,Create Document - carga 1-15,text,true,,259,1113,8,8,324,0,0
1789323114634,305,POST /documents,200,OK,Create Document - carga 1-13,text,true,,259,1113,8,8,305,0,0
1789323114689,348,POST /documents,200,OK,Create Document - carga 1-20,text,true,,259,1113,8,8,348,0,0
1789323114754,300,POST /documents,200,OK,Create Document - carga 1-12,text,true,,259,1113,8,8,300,0,0
1789323114706,430,POST /documents,200,OK,Create Document - carga 1-19,text,true,,259,1113,8,8,341,0,0
1789323114763,376,POST /documents,200,OK,Create Document - carga 1-16,text,true,,259,1113,8,8,376,0,0
1789323114715,429,POST /documents,200,OK,Create Document - carga 1-17,text,true,,259,1113,8,8,429,0,0
1789323114953,382,POST /documents,200,OK,Create Document - carga 1-13,text,true,,259,1113,8,8,382,0,0
1789323115007,330,POST /documents,200,OK,Create Document - carga 1-15,text,true,,259,1113,8,8,329,0,0
1789323114844,588,POST /documents,200,OK,Create Document - carga 1-18,text,true,,259,1113,8,8,588,0,0
1789323115198,246,POST /documents,200,OK,Create Document - carga 1-16,text,true,,259,1113,8,8,246,0,0
1789323115137,318,POST /documents,200,OK,Create Document - carga 1-20,text,true,,259,1113,8,8,318,0,0
1789323115098,358,POST /documents,200,OK,Create Document - carga 1-12,text,true,,259,1113,8,8,357,0,0
1789323115188,268,POST /documents,200,OK,Create Document - carga 1-17,text,true,,259,1113,8,8,268,0,0
1789323115190,281,POST /documents,200,OK,Create Document - carga 1-19,text,true,,259,1113,8,8,281,0,0
1789323115353,188,POST /documents,200,OK,Create Document - carga 1-15,text,true,,259,1113,8,8,188,0,0
1789323115388,255,POST /documents,200,OK,Create Document - carga 1-13,text,true,,259,1113,8,8,255,0,0
1789323115507,144,POST /documents,200,OK,Create Document - carga 1-18,text,true,,259,1113,8,8,144,0,0
1789323115491,161,POST /documents,200,OK,Create Document - carga 1-19,text,true,,259,1113,8,8,161,0,0
1789323115517,217,POST /documents,200,OK,Create Document - carga 1-17,text,true,,259,1113,8,8,217,0,0
1789323115532,207,POST /documents,200,OK,Create Document - carga 1-16,text,true,,259,1113,8,8,207,0,0
1789323115559,192,POST /documents,200,OK,Create Document - carga 1-15,text,true,,259,1113,8,8,192,0,0
1789323115527,224,POST /documents,200,OK,Create Document - carga 1-20,text,true,,259,1113,8,8,224,0,0
1789323115738,110,POST /documents,200,OK,Create Document - carga 1-18,text,true,,259,1113,8,8,110,0,0
1789323115681,172,POST /documents,200,OK,Create Document - carga 1-13,text,true,,259,1113,8,8,172,0,0
1789323115505,436,POST /documents,200,OK,Create Document - carga 1-12,text,true,,259,1113,8,8,436,0,197
1789323115746,198,POST /documents,200,OK,Create Document - carga 1-19,text,true,,259,1113,8,8,198,0,0
1789323115829,214,POST /documents,200,OK,Create Document - carga 1-15,text,true,,259,1113,8,8,214,0,0
1789323115799,341,POST /documents,200,OK,Create Document - carga 1-17,text,true,,259,1113,8,8,340,0,0
1789323115940,202,POST /documents,200,OK,Create Document - carga 1-13,text,true,,259,1113,8,8,202,0,0
1789323115827,405,POST /documents,200,OK,Create Document - carga 1-20,text,true,,259,1113,8,8,405,0,0
1789323115941,302,POST /documents,200,OK,Create Document - carga 1-18,text,true,,259,1113,8,8,302,0,0
1789323115819,427,POST /documents,200,OK,Create Document - carga 1-16,text,true,,259,1113,8,8,427,0,0
1789323116089,251,POST /documents,200,OK,Create Document - carga 1-15,text,true,,259,1113,8,8,251,0,0
1789323116010,332,POST /documents,200,OK,Create Document - carga 1-19,text,true,,259,1113,8,8,332,0,0
1789323115977,469,POST /documents,200,OK,Create Document - carga 1-12,text,true,,259,1113,8,8,469,0,0
1789323116170,364,POST /documents,200,OK,Create Document - carga 1-17,text,true,,259,1113,7,7,364,0,0
1789323116268,281,POST /documents,200,OK,Create Document - carga 1-20,text,true,,259,1113,7,7,281,0,0
1789323116389,253,POST /documents,200,OK,Create Document - carga 1-19,text,true,,259,1113,7,7,253,0,0
1789323116229,414,POST /documents,200,OK,Create Document - carga 1-13,text,true,,259,1113,7,7,414,0,0
1789323116321,325,POST /documents,200,OK,Create Document - carga 1-16,text,true,,259,1113,6,6,325,0,0
1789323116337,399,POST /documents,200,OK,Create Document - carga 1-18,text,true,,259,1113,6,6,399,0,0
1789323116377,369,POST /documents,200,OK,Create Document - carga 1-15,text,true,,259,1113,6,6,368,0,0
1789323116641,200,POST /documents,200,OK,Create Document - carga 1-20,text,true,,259,1113,6,6,200,0,0
1789323116669,188,POST /documents,200,OK,Create Document - carga 1-19,text,true,,259,1113,6,6,188,0,0
1789323116564,293,POST /documents,200,OK,Create Document - carga 1-17,text,true,,259,1113,6,6,286,0,0
1789323116732,211,POST /documents,200,OK,Create Document - carga 1-16,text,true,,259,1113,6,6,211,0,0
1789323116834,208,POST /documents,200,OK,Create Document - carga 1-18,text,true,,259,1113,6,6,208,0,0
1789323116782,260,POST /documents,200,OK,Create Document - carga 1-15,text,true,,259,1113,6,6,260,0,0
1789323116897,246,POST /documents,200,OK,Create Document - carga 1-20,text,true,,259,1113,6,6,246,0,0
1789323116926,311,POST /documents,200,OK,Create Document - carga 1-19,text,true,,259,1113,6,6,310,0,0
1789323116987,349,POST /documents,200,OK,Create Document - carga 1-16,text,true,,259,1113,6,6,348,0,0
1789323116942,398,POST /documents,200,OK,Create Document - carga 1-17,text,true,,259,1113,6,6,398,0,0
1789323117073,368,POST /documents,200,OK,Create Document - carga 1-18,text,true,,259,1113,6,6,368,0,0
1789323117239,294,POST /documents,200,OK,Create Document - carga 1-20,text,true,,259,1113,6,6,294,0,0
1789323117092,447,POST /documents,200,OK,Create Document - carga 1-15,text,true,,259,1113,6,6,446,0,0
1789323117355,292,POST /documents,200,OK,Create Document - carga 1-16,text,true,,259,1113,6,6,292,0,0
1789323117301,443,POST /documents,200,OK,Create Document - carga 1-19,text,true,,259,1113,6,6,443,0,0
1789323117425,325,POST /documents,200,OK,Create Document - carga 1-17,text,true,,259,1113,6,6,325,0,0
1789323117554,287,POST /documents,200,OK,Create Document - carga 1-20,text,true,,259,1113,6,6,287,0,0
1789323117522,333,POST /documents,200,OK,Create Document - carga 1-18,text,true,,259,1113,6,6,333,0,0
1789323117573,282,POST /documents,200,OK,Create Document - carga 1-15,text,true,,259,1113,6,6,282,0,0
1789323117702,248,POST /documents,200,OK,Create Document - carga 1-16,text,true,,259,1113,6,6,248,0,0
1789323117758,192,POST /documents,200,OK,Create Document - carga 1-19,text,true,,259,1113,6,6,192,0,0
1789323117771,264,POST /documents,200,OK,Create Document - carga 1-17,text,true,,259,1113,6,6,187,0,0
1789323117919,227,POST /documents,200,OK,Create Document - carga 1-18,text,true,,259,1113,6,6,227,0,0
1789323117917,230,POST /documents,200,OK,Create Document - carga 1-15,text,true,,259,1113,6,6,230,0,0
1789323117874,369,POST /documents,200,OK,Create Document - carga 1-20,text,true,,259,1113,6,6,369,0,0
1789323117974,276,POST /documents,200,OK,Create Document - carga 1-16,text,true,,259,1113,6,6,276,0,0
1789323117955,388,POST /documents,200,OK,Create Document - carga 1-19,text,true,,259,1113,6,6,386,0,0
1789323118102,335,POST /documents,200,OK,Create Document - carga 1-17,text,true,,259,1113,6,6,333,0,0
1789323118242,204,POST /documents,200,OK,Create Document - carga 1-18,text,true,,259,1113,6,6,204,0,0
1789323118265,270,POST /documents,200,OK,Create Document - carga 1-20,text,true,,259,1113,6,6,270,0,0
1789323118248,287,POST /documents,200,OK,Create Document - carga 1-15,text,true,,259,1113,6,6,287,0,0
1789323118295,244,POST /documents,200,OK,Create Document - carga 1-16,text,true,,259,1113,5,5,244,0,0
1789323118441,201,POST /documents,200,OK,Create Document - carga 1-17,text,true,,259,1113,5,5,201,0,0
1789323118417,231,POST /documents,200,OK,Create Document - carga 1-19,text,true,,259,1113,5,5,231,0,0
1789323118465,185,POST /documents,200,OK,Create Document - carga 1-18,text,true,,259,1113,5,5,185,0,0
1789323118568,106,POST /documents,200,OK,Create Document - carga 1-16,text,true,,259,1113,5,5,106,0,0
1789323118590,158,POST /documents,200,OK,Create Document - carga 1-20,text,true,,259,1113,5,5,158,0,0
1789323118739,111,POST /documents,200,OK,Create Document - carga 1-19,text,true,,259,1113,5,5,111,0,0
1789323118732,121,POST /documents,200,OK,Create Document - carga 1-17,text,true,,259,1113,5,5,121,0,0
1789323118725,212,POST /documents,200,OK,Create Document - carga 1-18,text,true,,259,1113,5,5,212,0,0
1789323118733,216,POST /documents,200,OK,Create Document - carga 1-16,text,true,,259,1113,5,5,215,0,0
1789323118846,186,POST /documents,200,OK,Create Document - carga 1-20,text,true,,259,1113,5,5,110,0,0
1789323118857,191,POST /documents,200,OK,Create Document - carga 1-19,text,true,,259,1113,5,5,191,0,0
1789323118885,265,POST /documents,200,OK,Create Document - carga 1-17,text,true,,259,1113,5,5,265,0,0
1789323119028,135,POST /documents,200,OK,Create Document - carga 1-18,text,true,,259,1113,5,5,135,0,0
1789323119004,241,POST /documents,200,OK,Create Document - carga 1-16,text,true,,259,1113,5,5,241,0,0
1789323119076,267,POST /documents,200,OK,Create Document - carga 1-20,text,true,,259,1113,5,5,267,0,0
1789323119140,205,POST /documents,200,OK,Create Document - carga 1-19,text,true,,259,1113,5,5,205,0,0
1789323119236,208,POST /documents,200,OK,Create Document - carga 1-18,text,true,,259,1113,5,5,207,0,0
1789323119174,272,POST /documents,200,OK,Create Document - carga 1-17,text,true,,259,1113,5,5,272,0,0
1789323119273,274,POST /documents,200,OK,Create Document - carga 1-16,text,true,,259,1113,5,5,273,0,0
1789323119434,203,POST /documents,200,OK,Create Document - carga 1-19,text,true,,259,1113,4,4,119,0,0
1789323119430,212,POST /documents,200,OK,Create Document - carga 1-20,text,true,,259,1113,4,4,212,0,0
1789323119545,199,POST /documents,200,OK,Create Document - carga 1-17,text,true,,259,1113,4,4,199,0,0
1789323119545,205,POST /documents,200,OK,Create Document - carga 1-18,text,true,,259,1113,4,4,205,0,0
1789323119676,264,POST /documents,200,OK,Create Document - carga 1-20,text,true,,259,1113,4,4,264,0,0
1789323119700,240,POST /documents,200,OK,Create Document - carga 1-19,text,true,,259,1113,4,4,240,0,0
1789323119768,175,POST /documents,200,OK,Create Document - carga 1-18,text,true,,259,1113,4,4,174,0,0
1789323119775,269,POST /documents,200,OK,Create Document - carga 1-17,text,true,,259,1113,4,4,269,0,0
1789323120035,207,POST /documents,200,OK,Create Document - carga 1-19,text,true,,259,1113,4,4,207,0,0
1789323119980,264,POST /documents,200,OK,Create Document - carga 1-20,text,true,,259,1113,4,4,263,0,0
1789323120051,296,POST /documents,200,OK,Create Document - carga 1-17,text,true,,259,1113,4,4,296,0,0
1789323120030,317,POST /documents,200,OK,Create Document - carga 1-18,text,true,,259,1113,4,4,317,0,0
1789323120300,239,POST /documents,200,OK,Create Document - carga 1-19,text,true,,259,1113,4,4,239,0,0
1789323120309,234,POST /documents,200,OK,Create Document - carga 1-20,text,true,,259,1113,4,4,234,0,0
1789323120397,341,POST /documents,200,OK,Create Document - carga 1-18,text,true,,259,1113,4,4,341,0,0
1789323120438,304,POST /documents,200,OK,Create Document - carga 1-17,text,true,,259,1113,4,4,304,0,0
1789323120628,216,POST /documents,200,OK,Create Document - carga 1-20,text,true,,259,1113,4,4,216,0,0
1789323120572,273,POST /documents,200,OK,Create Document - carga 1-19,text,true,,259,1113,4,4,273,0,0
1789323120767,187,POST /documents,200,OK,Create Document - carga 1-18,text,true,,259,1113,4,4,187,0,0
1789323120809,331,POST /documents,200,OK,Create Document - carga 1-17,text,true,,259,1113,4,4,331,0,0
1789323120877,356,POST /documents,200,OK,Create Document - carga 1-20,text,true,,259,1113,3,3,356,0,0
1789323120940,296,POST /documents,200,OK,Create Document - carga 1-19,text,true,,259,1113,3,3,296,0,0
1789323121057,196,POST /documents,200,OK,Create Document - carga 1-18,text,true,,259,1113,3,3,196,0,0
1789323121286,256,POST /documents,200,OK,Create Document - carga 1-20,text,true,,259,1113,3,3,256,0,0
1789323121319,223,POST /documents,200,OK,Create Document - carga 1-18,text,true,,259,1113,3,3,223,0,0
1789323121304,338,POST /documents,200,OK,Create Document - carga 1-19,text,true,,259,1113,3,3,338,0,0
1789323121608,226,POST /documents,200,OK,Create Document - carga 1-18,text,true,,259,1113,3,3,143,0,0
1789323121605,236,POST /documents,200,OK,Create Document - carga 1-20,text,true,,259,1113,2,2,236,0,0
1789323121733,306,POST /documents,200,OK,Create Document - carga 1-19,text,true,,259,1113,2,2,306,0,0
1789323121931,117,POST /documents,200,OK,Create Document - carga 1-20,text,true,,259,1113,2,2,117,0,0
1789323122072,265,POST /documents,200,OK,Create Document - carga 1-20,text,true,,259,1113,2,2,265,0,0
1789323122096,263,POST /documents,200,OK,Create Document - carga 1-19,text,true,,259,1113,2,2,263,0,0
1789323122353,190,POST /documents,200,OK,Create Document - carga 1-20,text,true,,259,1113,2,2,190,0,0
1789323122427,219,POST /documents,200,OK,Create Document - carga 1-19,text,true,,259,1113,2,2,219,0,0
1789323122628,206,POST /documents,200,OK,Create Document - carga 1-20,text,true,,259,1113,1,1,206,0,0
1789323122917,219,POST /documents,200,OK,Create Document - carga 1-20,text,true,,259,1113,1,1,219,0,0
