timeStamp,elapsed,label,responseCode,responseMessage,threadName,dataType,success,failureMessage,bytes,sentBytes,grpThreads,allThreads,Latency,IdleTime,Connect
1789337856723,715,GET /actuator/health,200,OK,setUp - health check 1-1,text,true,,176,241,1,1,710,0,580
1789337857522,360,POST /documents,200,OK,Create Document - carga 1-1,text,true,,259,1113,1,1,360,0,226
1789337857936,123,POST /documents,200,OK,Create Document - carga 1-1,text,true,,259,1113,1,1,123,0,0
1789337858157,141,POST /documents,200,OK,Create Document - carga 1-1,text,true,,259,1113,1,1,141,0,0
1789337858377,278,POST /documents,200,OK,Create Document - carga 1-1,text,true,,259,1113,1,1,278,0,0
1789337858748,121,POST /documents,200,OK,Create Document - carga 1-1,text,true,,259,1113,1,1,121,0,0
1789337858918,131,POST /documents,200,OK,Create Document - carga 1-1,text,true,,259,1113,1,1,130,0,0
1789337859066,124,POST /documents,200,OK,Create Document - carga 1-1,text,true,,259,1113,1,1,124,0,0
1789337859194,134,POST /documents,200,OK,Create Document - carga 1-1,text,true,,259,1113,1,1,134,0,0
1789337859355,637,POST /documents,200,OK,Create Document - carga 1-1,text,true,,259,1113,2,2,637,0,0
1789337860074,132,POST /documents,200,OK,Create Document - carga 1-1,text,true,,259,1113,2,2,132,0,0
1789337859901,309,POST /documents,200,OK,Create Document - carga 1-2,text,true,,259,1113,2,2,309,0,196
1789337860245,158,POST /documents,200,OK,Create Document - carga 1-2,text,true,,259,1113,2,2,158,0,0
1789337860209,194,POST /documents,200,OK,Create Document - carga 1-1,text,true,,259,1113,2,2,194,0,0
1789337860490,738,POST /documents,200,OK,Create Document - carga 1-1,text,true,,259,1113,2,2,738,0,0
1789337860468,760,POST /documents,200,OK,Create Document - carga 1-2,text,true,,259,1113,2,2,760,0,0
1789337861311,112,POST /documents,200,OK,Create Document - carga 1-2,text,true,,259,1113,2,2,112,0,0
1789337861311,125,POST /documents,200,OK,Create Document - carga 1-1,text,true,,259,1113,2,2,124,0,0
1789337861477,110,POST /documents,200,OK,Create Document - carga 1-2,text,true,,259,1113,2,2,110,0,0
1789337861494,123,POST /documents,200,OK,Create Document - carga 1-1,text,true,,259,1113,2,2,122,0,0
1789337861660,126,POST /documents,200,OK,Create Document - carga 1-2,text,true,,259,1113,2,2,126,0,0
1789337861681,134,POST /documents,200,OK,Create Document - carga 1-1,text,true,,259,1113,2,2,133,0,0
1789337861840,112,POST /documents,200,OK,Create Document - carga 1-2,text,true,,259,1113,2,2,111,0,0
1789337861883,118,POST /documents,200,OK,Create Document - carga 1-1,text,true,,259,1113,2,2,118,0,0
1789337861997,109,POST /documents,200,OK,Create Document - carga 1-2,text,true,,259,1113,2,2,109,0,0
1789337862039,123,POST /documents,200,OK,Create Document - carga 1-1,text,true,,259,1113,2,2,123,0,0
1789337862132,109,POST /documents,200,OK,Create Document - carga 1-2,text,true,,259,1113,2,2,109,0,0
1789337862222,190,POST /documents,200,OK,Create Document - carga 1-1,text,true,,259,1113,3,3,190,0,0
1789337862303,109,POST /documents,200,OK,Create Document - carga 1-2,text,true,,259,1113,3,3,109,0,0
1789337862432,122,POST /documents,200,OK,Create Document - carga 1-1,text,true,,259,1113,3,3,122,0,0
1789337862487,133,POST /documents,200,OK,Create Document - carga 1-2,text,true,,259,1113,3,3,133,0,0
1789337862347,323,POST /documents,200,OK,Create Document - carga 1-3,text,true,,259,1113,3,3,323,0,206
1789337862557,121,POST /documents,200,OK,Create Document - carga 1-1,text,true,,259,1113,3,3,120,0,0
1789337862667,106,POST /documents,200,OK,Create Document - carga 1-2,text,true,,259,1113,3,3,105,0,0
1789337862702,118,POST /documents,200,OK,Create Document - carga 1-1,text,true,,259,1113,3,3,118,0,0
1789337862745,113,POST /documents,200,OK,Create Document - carga 1-3,text,true,,259,1113,3,3,113,0,0
1789337862873,237,POST /documents,200,OK,Create Document - carga 1-3,text,true,,259,1113,3,3,237,0,0
1789337862793,317,POST /documents,200,OK,Create Document - carga 1-2,text,true,,259,1113,3,3,317,0,0
1789337862900,210,POST /documents,200,OK,Create Document - carga 1-1,text,true,,259,1113,3,3,210,0,0
1789337863123,111,POST /documents,200,OK,Create Document - carga 1-3,text,true,,259,1113,3,3,111,0,0
1789337863128,120,POST /documents,200,OK,Create Document - carga 1-1,text,true,,259,1113,3,3,119,0,0
1789337863158,121,POST /documents,200,OK,Create Document - carga 1-2,text,true,,259,1113,3,3,120,0,0
1789337863308,126,POST /documents,200,OK,Create Document - carga 1-3,text,true,,259,1113,3,3,126,0,0
1789337863328,110,POST /documents,200,OK,Create Document - carga 1-2,text,true,,259,1113,3,3,110,0,0
1789337863338,117,POST /documents,200,OK,Create Document - carga 1-1,text,true,,259,1113,3,3,117,0,0
1789337863459,134,POST /documents,200,OK,Create Document - carga 1-1,text,true,,259,1113,3,3,134,0,0
1789337863492,125,POST /documents,200,OK,Create Document - carga 1-2,text,true,,259,1113,3,3,125,0,0
1789337863516,109,POST /documents,200,OK,Create Document - carga 1-3,text,true,,259,1113,3,3,109,0,0
1789337863662,110,POST /documents,200,OK,Create Document - carga 1-3,text,true,,259,1113,3,3,109,0,0
1789337863669,121,POST /documents,200,OK,Create Document - carga 1-1,text,true,,259,1113,3,3,120,0,0
1789337863696,125,POST /documents,200,OK,Create Document - carga 1-2,text,true,,259,1113,3,3,125,0,0
1789337863854,116,POST /documents,200,OK,Create Document - carga 1-3,text,true,,259,1113,3,3,116,0,0
1789337863864,132,POST /documents,200,OK,Create Document - carga 1-1,text,true,,259,1113,3,3,132,0,0
1789337863891,111,POST /documents,200,OK,Create Document - carga 1-2,text,true,,259,1113,3,3,111,0,0
1789337864027,107,POST /documents,200,OK,Create Document - carga 1-3,text,true,,259,1113,3,3,106,0,0
1789337864062,122,POST /documents,200,OK,Create Document - carga 1-1,text,true,,259,1113,3,3,122,0,0
1789337864095,128,POST /documents,200,OK,Create Document - carga 1-2,text,true,,259,1113,3,3,128,0,0
1789337864155,110,POST /documents,200,OK,Create Document - carga 1-3,text,true,,259,1113,3,3,110,0,0
1789337864274,110,POST /documents,200,OK,Create Document - carga 1-2,text,true,,259,1113,3,3,110,0,0
1789337864282,123,POST /documents,200,OK,Create Document - carga 1-1,text,true,,259,1113,3,3,122,0,0
1789337864352,108,POST /documents,200,OK,Create Document - carga 1-3,text,true,,259,1113,3,3,108,0,0
1789337864409,117,POST /documents,200,OK,Create Document - carga 1-1,text,true,,259,1113,3,3,116,0,0
1789337864422,108,POST /documents,200,OK,Create Document - carga 1-2,text,true,,259,1113,3,3,107,0,0
1789337864541,106,POST /documents,200,OK,Create Document - carga 1-3,text,true,,259,1113,3,3,106,0,0
1789337864573,116,POST /documents,200,OK,Create Document - carga 1-2,text,true,,259,1113,4,4,116,0,0
1789337864572,123,POST /documents,200,OK,Create Document - carga 1-1,text,true,,259,1113,4,4,123,0,0
1789337864685,104,POST /documents,200,OK,Create Document - carga 1-3,text,true,,259,1113,4,4,104,0,0
1789337864699,115,POST /documents,200,OK,Create Document - carga 1-2,text,true,,259,1113,4,4,115,0,0
1789337864790,120,POST /documents,200,OK,Create Document - carga 1-1,text,true,,259,1113,4,4,118,0,0
1789337864868,105,POST /documents,200,OK,Create Document - carga 1-3,text,true,,259,1113,4,4,105,0,0
1789337864867,112,POST /documents,200,OK,Create Document - carga 1-2,text,true,,259,1113,4,4,112,0,0
1789337864677,309,POST /documents,200,OK,Create Document - carga 1-4,text,true,,259,1113,4,4,309,0,200
1789337865000,123,POST /documents,200,OK,Create Document - carga 1-1,text,true,,259,1113,4,4,123,0,0
1789337865037,106,POST /documents,200,OK,Create Document - carga 1-2,text,true,,259,1113,4,4,105,0,0
1789337865042,102,POST /documents,200,OK,Create Document - carga 1-3,text,true,,259,1113,4,4,102,0,0
1789337865071,115,POST /documents,200,OK,Create Document - carga 1-4,text,true,,259,1113,4,4,114,0,0
1789337865123,118,POST /documents,200,OK,Create Document - carga 1-1,text,true,,259,1113,4,4,118,0,0
1789337865146,105,POST /documents,200,OK,Create Document - carga 1-2,text,true,,259,1113,4,4,105,0,0
1789337865177,109,POST /documents,200,OK,Create Document - carga 1-3,text,true,,259,1113,4,4,109,0,0
1789337865263,106,POST /documents,200,OK,Create Document - carga 1-4,text,true,,259,1113,4,4,106,0,0
1789337865321,115,POST /documents,200,OK,Create Document - carga 1-1,text,true,,259,1113,4,4,115,0,0
1789337865345,110,POST /documents,200,OK,Create Document - carga 1-2,text,true,,259,1113,4,4,110,0,0
1789337865355,104,POST /documents,200,OK,Create Document - carga 1-3,text,true,,259,1113,4,4,104,0,0
1789337865458,108,POST /documents,200,OK,Create Document - carga 1-4,text,true,,259,1113,4,4,108,0,0
1789337865501,113,POST /documents,200,OK,Create Document - carga 1-3,text,true,,259,1113,4,4,113,0,0
1789337865537,125,POST /documents,200,OK,Create Document - carga 1-1,text,true,,259,1113,4,4,124,0,0
1789337865553,110,POST /documents,200,OK,Create Document - carga 1-2,text,true,,259,1113,4,4,110,0,0
1789337865620,110,POST /documents,200,OK,Create Document - carga 1-4,text,true,,259,1113,4,4,110,0,0
1789337865687,105,POST /documents,200,OK,Create Document - carga 1-3,text,true,,259,1113,4,4,105,0,0
1789337865698,106,POST /documents,200,OK,Create Document - carga 1-2,text,true,,259,1113,4,4,106,0,0
1789337865757,120,POST /documents,200,OK,Create Document - carga 1-1,text,true,,259,1113,4,4,120,0,0
1789337865790,107,POST /documents,200,OK,Create Document - carga 1-4,text,true,,259,1113,4,4,107,0,0
1789337865828,115,POST /documents,200,OK,Create Document - carga 1-3,text,true,,259,1113,4,4,115,0,0
1789337865859,108,POST /documents,200,OK,Create Document - carga 1-2,text,true,,259,1113,4,4,107,0,0
1789337865927,115,POST /documents,200,OK,Create Document - carga 1-1,text,true,,259,1113,4,4,115,0,0
1789337865987,106,POST /documents,200,OK,Create Document - carga 1-4,text,true,,259,1113,4,4,106,0,0
1789337866021,108,POST /documents,200,OK,Create Document - carga 1-3,text,true,,259,1113,4,4,108,0,0
1789337866022,107,POST /documents,200,OK,Create Document - carga 1-2,text,true,,259,1113,4,4,107,0,0
1789337866089,117,POST /documents,200,OK,Create Document - carga 1-1,text,true,,259,1113,4,4,117,0,0
1789337866112,109,POST /documents,200,OK,Create Document - carga 1-4,text,true,,259,1113,4,4,108,0,0
1789337866201,139,POST /documents,200,OK,Create Document - carga 1-2,text,true,,259,1113,4,4,139,0,0
1789337866243,112,POST /documents,200,OK,Create Document - carga 1-4,text,true,,259,1113,4,4,112,0,0
1789337866230,125,POST /documents,200,OK,Create Document - carga 1-3,text,true,,259,1113,4,4,125,0,0
1789337866218,137,POST /documents,200,OK,Create Document - carga 1-1,text,true,,259,1113,4,4,137,0,0
1789337866408,108,POST /documents,200,OK,Create Document - carga 1-2,text,true,,259,1113,4,4,108,0,0
1789337866411,106,POST /documents,200,OK,Create Document - carga 1-4,text,true,,259,1113,4,4,106,0,0
1789337866431,118,POST /documents,200,OK,Create Document - carga 1-1,text,true,,259,1113,4,4,116,0,0
1789337866441,118,POST /documents,200,OK,Create Document - carga 1-3,text,true,,259,1113,4,4,118,0,0
1789337866561,109,POST /documents,200,OK,Create Document - carga 1-3,text,true,,259,1113,4,4,108,0,0
1789337866574,111,POST /documents,200,OK,Create Document - carga 1-2,text,true,,259,1113,4,4,111,0,0
1789337866586,111,POST /documents,200,OK,Create Document - carga 1-4,text,true,,259,1113,4,4,111,0,0
1789337866583,115,POST /documents,200,OK,Create Document - carga 1-1,text,true,,259,1113,4,4,115,0,0
1789337866708,122,POST /documents,200,OK,Create Document - carga 1-1,text,true,,259,1113,4,4,122,0,0
1789337866733,105,POST /documents,200,OK,Create Document - carga 1-4,text,true,,259,1113,4,4,105,0,0
1789337866750,111,POST /documents,200,OK,Create Document - carga 1-3,text,true,,259,1113,4,4,111,0,0
1789337866772,110,POST /documents,200,OK,Create Document - carga 1-2,text,true,,259,1113,4,4,109,0,0
1789337866883,104,POST /documents,200,OK,Create Document - carga 1-3,text,true,,259,1113,4,4,104,0,0
1789337866894,115,POST /documents,200,OK,Create Document - carga 1-1,text,true,,259,1113,4,4,115,0,0
1789337866930,109,POST /documents,200,OK,Create Document - carga 1-4,text,true,,259,1113,4,4,109,0,0
1789337866983,109,POST /documents,200,OK,Create Document - carga 1-2,text,true,,259,1113,5,5,109,0,0
1789337867077,110,POST /documents,200,OK,Create Document - carga 1-3,text,true,,259,1113,5,5,104,0,0
1789337867076,122,POST /documents,200,OK,Create Document - carga 1-1,text,true,,259,1113,5,5,122,0,0
1789337867127,109,POST /documents,200,OK,Create Document - carga 1-2,text,true,,259,1113,5,5,109,0,0
1789337867139,158,POST /documents,200,OK,Create Document - carga 1-4,text,true,,259,1113,5,5,158,0,0
1789337867238,104,POST /documents,200,OK,Create Document - carga 1-3,text,true,,259,1113,5,5,104,0,0
1789337867248,122,POST /documents,200,OK,Create Document - carga 1-1,text,true,,259,1113,5,5,122,0,0
1789337867288,116,POST /documents,200,OK,Create Document - carga 1-2,text,true,,259,1113,5,5,116,0,0
1789337867093,314,POST /documents,200,OK,Create Document - carga 1-5,text,true,,259,1113,5,5,313,0,198
1789337867331,111,POST /documents,200,OK,Create Document - carga 1-4,text,true,,259,1113,5,5,110,0,0
1789337867432,111,POST /documents,200,OK,Create Document - carga 1-3,text,true,,259,1113,5,5,111,0,0
1789337867445,121,POST /documents,200,OK,Create Document - carga 1-1,text,true,,259,1113,5,5,121,0,0
1789337867468,112,POST /documents,200,OK,Create Document - carga 1-5,text,true,,259,1113,5,5,111,0,0
1789337867468,112,POST /documents,200,OK,Create Document - carga 1-2,text,true,,259,1113,5,5,112,0,0
1789337867517,111,POST /documents,200,OK,Create Document - carga 1-4,text,true,,259,1113,5,5,111,0,0
1789337867569,119,POST /documents,200,OK,Create Document - carga 1-3,text,true,,259,1113,5,5,119,0,0
1789337867579,115,POST /documents,200,OK,Create Document - carga 1-1,text,true,,259,1113,5,5,114,0,0
1789337867603,113,POST /documents,200,OK,Create Document - carga 1-5,text,true,,259,1113,5,5,113,0,0
1789337867646,105,POST /documents,200,OK,Create Document - carga 1-2,text,true,,259,1113,5,5,105,0,0
1789337867663,106,POST /documents,200,OK,Create Document - carga 1-4,text,true,,259,1113,5,5,106,0,0
1789337867709,108,POST /documents,200,OK,Create Document - carga 1-3,text,true,,259,1113,5,5,108,0,0
1789337867734,121,POST /documents,200,OK,Create Document - carga 1-1,text,true,,259,1113,5,5,121,0,0
1789337867755,112,POST /documents,200,OK,Create Document - carga 1-5,text,true,,259,1113,5,5,112,0,0
1789337867834,117,POST /documents,200,OK,Create Document - carga 1-2,text,true,,259,1113,5,5,117,0,0
1789337867864,110,POST /documents,200,OK,Create Document - carga 1-4,text,true,,259,1113,5,5,110,0,0
1789337867873,115,POST /documents,200,OK,Create Document - carga 1-1,text,true,,259,1113,5,5,115,0,0
1789337867886,104,POST /documents,200,OK,Create Document - carga 1-3,text,true,,259,1113,5,5,104,0,0
1789337867949,110,POST /documents,200,OK,Create Document - carga 1-5,text,true,,259,1113,5,5,110,0,0
1789337867999,111,POST /documents,200,OK,Create Document - carga 1-3,text,true,,259,1113,5,5,110,0,0
1789337868006,105,POST /documents,200,OK,Create Document - carga 1-2,text,true,,259,1113,5,5,105,0,0
1789337868044,117,POST /documents,200,OK,Create Document - carga 1-1,text,true,,259,1113,5,5,117,0,0
1789337868060,117,POST /documents,200,OK,Create Document - carga 1-4,text,true,,259,1113,5,5,117,0,0
1789337868096,115,POST /documents,200,OK,Create Document - carga 1-5,text,true,,259,1113,5,5,115,0,0
1789337868148,149,POST /documents,200,OK,Create Document - carga 1-2,text,true,,259,1113,5,5,149,0,0
1789337868167,154,POST /documents,200,OK,Create Document - carga 1-1,text,true,,259,1113,5,5,154,0,0
1789337868156,165,POST /documents,200,OK,Create Document - carga 1-3,text,true,,259,1113,5,5,165,0,0
1789337868242,163,POST /documents,200,OK,Create Document - carga 1-5,text,true,,259,1113,5,5,163,0,0
1789337868300,105,POST /documents,200,OK,Create Document - carga 1-2,text,true,,259,1113,5,5,105,0,0
1789337868215,190,POST /documents,200,OK,Create Document - carga 1-4,text,true,,259,1113,5,5,190,0,0
1789337868405,118,POST /documents,200,OK,Create Document - carga 1-1,text,true,,259,1113,5,5,118,0,0
1789337868418,105,POST /documents,200,OK,Create Document - carga 1-3,text,true,,259,1113,5,5,105,0,0
1789337868468,117,POST /documents,200,OK,Create Document - carga 1-5,text,true,,259,1113,5,5,117,0,0
1789337868471,114,POST /documents,200,OK,Create Document - carga 1-2,text,true,,259,1113,5,5,114,0,0
1789337868492,123,POST /documents,200,OK,Create Document - carga 1-4,text,true,,259,1113,5,5,123,0,0
1789337868597,119,POST /documents,200,OK,Create Document - carga 1-5,text,true,,259,1113,5,5,119,0,0
1789337868596,120,POST /documents,200,OK,Create Document - carga 1-3,text,true,,259,1113,5,5,120,0,0
1789337868592,127,POST /documents,200,OK,Create Document - carga 1-1,text,true,,259,1113,5,5,127,0,0
1789337868684,106,POST /documents,200,OK,Create Document - carga 1-2,text,true,,259,1113,5,5,106,0,0
1789337868692,107,POST /documents,200,OK,Create Document - carga 1-4,text,true,,259,1113,5,5,107,0,0
1789337868753,111,POST /documents,200,OK,Create Document - carga 1-5,text,true,,259,1113,5,5,111,0,0
1789337868773,103,POST /documents,200,OK,Create Document - carga 1-3,text,true,,259,1113,5,5,103,0,0
1789337868786,119,POST /documents,200,OK,Create Document - carga 1-1,text,true,,259,1113,5,5,119,0,0
1789337868807,109,POST /documents,200,OK,Create Document - carga 1-4,text,true,,259,1113,5,5,109,0,0
1789337868864,121,POST /documents,200,OK,Create Document - carga 1-2,text,true,,259,1113,5,5,121,0,0
1789337868893,105,POST /documents,200,OK,Create Document - carga 1-3,text,true,,259,1113,5,5,105,0,0
1789337868908,105,POST /documents,200,OK,Create Document - carga 1-5,text,true,,259,1113,5,5,104,0,0
1789337868923,109,POST /documents,200,OK,Create Document - carga 1-4,text,true,,259,1113,5,5,108,0,0
1789337868948,129,POST /documents,200,OK,Create Document - carga 1-1,text,true,,259,1113,5,5,129,0,0
1789337869041,109,POST /documents,200,OK,Create Document - carga 1-3,text,true,,259,1113,5,5,109,0,0
1789337869049,109,POST /documents,200,OK,Create Document - carga 1-2,text,true,,259,1113,5,5,109,0,0
1789337869061,109,POST /documents,200,OK,Create Document - carga 1-5,text,true,,259,1113,5,5,109,0,0
1789337869126,111,POST /documents,200,OK,Create Document - carga 1-4,text,true,,259,1113,5,5,111,0,0
1789337869151,118,POST /documents,200,OK,Create Document - carga 1-1,text,true,,259,1113,5,5,118,0,0
1789337869189,107,POST /documents,200,OK,Create Document - carga 1-3,text,true,,259,1113,5,5,106,0,0
1789337869238,108,POST /documents,200,OK,Create Document - carga 1-2,text,true,,259,1113,5,5,108,0,0
1789337869245,112,POST /documents,200,OK,Create Document - carga 1-5,text,true,,259,1113,5,5,112,0,0
1789337869290,105,POST /documents,200,OK,Create Document - carga 1-4,text,true,,259,1113,5,5,105,0,0
1789337869288,118,POST /documents,200,OK,Create Document - carga 1-1,text,true,,259,1113,5,5,118,0,0
1789337869339,107,POST /documents,200,OK,Create Document - carga 1-3,text,true,,259,1113,5,5,107,0,0
1789337869363,104,POST /documents,200,OK,Create Document - carga 1-2,text,true,,259,1113,5,5,104,0,0
1789337869420,106,POST /documents,200,OK,Create Document - carga 1-5,text,true,,259,1113,6,6,106,0,0
1789337869465,112,POST /documents,200,OK,Create Document - carga 1-4,text,true,,259,1113,6,6,112,0,0
1789337869505,119,POST /documents,200,OK,Create Document - carga 1-1,text,true,,259,1113,6,6,119,0,0
1789337869523,104,POST /documents,200,OK,Create Document - carga 1-3,text,true,,259,1113,6,6,104,0,0
1789337869532,104,POST /documents,200,OK,Create Document - carga 1-2,text,true,,259,1113,6,6,104,0,0
1789337869530,156,POST /documents,200,OK,Create Document - carga 1-5,text,true,,259,1113,6,6,156,0,0
1789337869583,113,POST /documents,200,OK,Create Document - carga 1-4,text,true,,259,1113,6,6,112,0,0
1789337869650,103,POST /documents,200,OK,Create Document - carga 1-3,text,true,,259,1113,6,6,103,0,0
1789337869669,116,POST /documents,200,OK,Create Document - carga 1-1,text,true,,259,1113,6,6,116,0,0
1789337869684,104,POST /documents,200,OK,Create Document - carga 1-2,text,true,,259,1113,6,6,103,0,0
1789337869519,296,POST /documents,200,OK,Create Document - carga 1-6,text,true,,259,1113,6,6,296,0,189
1789337869713,117,POST /documents,200,OK,Create Document - carga 1-5,text,true,,259,1113,6,6,117,0,0
1789337869736,112,POST /documents,200,OK,Create Document - carga 1-4,text,true,,259,1113,6,6,112,0,0
1789337869805,111,POST /documents,200,OK,Create Document - carga 1-3,text,true,,259,1113,6,6,111,0,0
1789337869844,107,POST /documents,200,OK,Create Document - carga 1-5,text,true,,259,1113,6,6,107,0,0
1789337869853,119,POST /documents,200,OK,Create Document - carga 1-1,text,true,,259,1113,6,6,119,0,0
1789337869877,107,POST /documents,200,OK,Create Document - carga 1-6,text,true,,259,1113,6,6,106,0,0
1789337869878,105,POST /documents,200,OK,Create Document - carga 1-2,text,true,,259,1113,6,6,105,0,0
1789337869894,107,POST /documents,200,OK,Create Document - carga 1-4,text,true,,259,1113,6,6,107,0,0
1789337869952,103,POST /documents,200,OK,Create Document - carga 1-3,text,true,,259,1113,6,6,103,0,0
1789337869999,120,POST /documents,200,OK,Create Document - carga 1-1,text,true,,259,1113,6,6,120,0,0
1789337870016,110,POST /documents,200,OK,Create Document - carga 1-2,text,true,,259,1113,6,6,110,0,0
1789337870032,111,POST /documents,200,OK,Create Document - carga 1-4,text,true,,259,1113,6,6,110,0,0
1789337870051,113,POST /documents,200,OK,Create Document - carga 1-5,text,true,,259,1113,6,6,113,0,0
1789337870073,110,POST /documents,200,OK,Create Document - carga 1-6,text,true,,259,1113,6,6,110,0,0
1789337870113,110,POST /documents,200,OK,Create Document - carga 1-3,text,true,,259,1113,6,6,110,0,0
1789337870202,112,POST /documents,200,OK,Create Document - carga 1-6,text,true,,259,1113,6,6,112,0,0
1789337870207,121,POST /documents,200,OK,Create Document - carga 1-1,text,true,,259,1113,6,6,121,0,0
1789337870224,127,POST /documents,200,OK,Create Document - carga 1-2,text,true,,259,1113,6,6,127,0,0
1789337870246,105,POST /documents,200,OK,Create Document - carga 1-5,text,true,,259,1113,6,6,105,0,0
1789337870244,111,POST /documents,200,OK,Create Document - carga 1-4,text,true,,259,1113,6,6,111,0,0
1789337870273,120,POST /documents,200,OK,Create Document - carga 1-3,text,true,,259,1113,6,6,120,0,0
1789337870341,119,POST /documents,200,OK,Create Document - carga 1-1,text,true,,259,1113,6,6,119,0,0
1789337870362,108,POST /documents,200,OK,Create Document - carga 1-2,text,true,,259,1113,6,6,108,0,0
1789337870378,111,POST /documents,200,OK,Create Document - carga 1-6,text,true,,259,1113,6,6,110,0,0
1789337870397,106,POST /documents,200,OK,Create Document - carga 1-5,text,true,,259,1113,6,6,106,0,0
1789337870419,107,POST /documents,200,OK,Create Document - carga 1-4,text,true,,259,1113,6,6,107,0,0
1789337870465,114,POST /documents,200,OK,Create Document - carga 1-3,text,true,,259,1113,6,6,113,0,0
1789337870507,125,POST /documents,200,OK,Create Document - carga 1-1,text,true,,259,1113,6,6,125,0,0
1789337870550,109,POST /documents,200,OK,Create Document - carga 1-2,text,true,,259,1113,6,6,109,0,0
1789337870582,108,POST /documents,200,OK,Create Document - carga 1-3,text,true,,259,1113,6,6,108,0,0
1789337870588,107,POST /documents,200,OK,Create Document - carga 1-5,text,true,,259,1113,6,6,107,0,0
1789337870576,119,POST /documents,200,OK,Create Document - carga 1-6,text,true,,259,1113,6,6,119,0,0
1789337870606,109,POST /documents,200,OK,Create Document - carga 1-4,text,true,,259,1113,6,6,109,0,0
1789337870660,106,POST /documents,200,OK,Create Document - carga 1-2,text,true,,259,1113,6,6,106,0,0
1789337870696,107,POST /documents,200,OK,Create Document - carga 1-3,text,true,,259,1113,6,6,107,0,0
1789337870720,115,POST /documents,200,OK,Create Document - carga 1-5,text,true,,259,1113,6,6,115,0,0
1789337870732,132,POST /documents,200,OK,Create Document - carga 1-1,text,true,,259,1113,6,6,132,0,0
1789337870742,122,POST /documents,200,OK,Create Document - carga 1-4,text,true,,259,1113,6,6,122,0,0
1789337870794,106,POST /documents,200,OK,Create Document - carga 1-6,text,true,,259,1113,6,6,106,0,0
1789337870846,123,POST /documents,200,OK,Create Document - carga 1-3,text,true,,259,1113,6,6,123,0,0
1789337870855,121,POST /documents,200,OK,Create Document - carga 1-2,text,true,,259,1113,6,6,121,0,0
1789337870872,112,POST /documents,200,OK,Create Document - carga 1-5,text,true,,259,1113,6,6,112,0,0
1789337870888,117,POST /documents,200,OK,Create Document - carga 1-1,text,true,,259,1113,6,6,116,0,0
1789337870932,117,POST /documents,200,OK,Create Document - carga 1-4,text,true,,259,1113,6,6,117,0,0
1789337870988,117,POST /documents,200,OK,Create Document - carga 1-2,text,true,,259,1113,6,6,116,0,0
1789337870990,115,POST /documents,200,OK,Create Document - carga 1-3,text,true,,259,1113,6,6,114,0,0
1789337870998,109,POST /documents,200,OK,Create Document - carga 1-6,text,true,,259,1113,6,6,109,0,0
1789337871051,118,POST /documents,200,OK,Create Document - carga 1-1,text,true,,259,1113,6,6,118,0,0
1789337871076,110,POST /documents,200,OK,Create Document - carga 1-5,text,true,,259,1113,6,6,110,0,0
1789337871131,112,POST /documents,200,OK,Create Document - carga 1-3,text,true,,259,1113,6,6,112,0,0
1789337871106,137,POST /documents,200,OK,Create Document - carga 1-4,text,true,,259,1113,6,6,137,0,0
1789337871190,110,POST /documents,200,OK,Create Document - carga 1-2,text,true,,259,1113,6,6,110,0,0
1789337871208,103,POST /documents,200,OK,Create Document - carga 1-6,text,true,,259,1113,6,6,102,0,0
1789337871202,120,POST /documents,200,OK,Create Document - carga 1-1,text,true,,259,1113,6,6,120,0,0
1789337871256,126,POST /documents,200,OK,Create Document - carga 1-5,text,true,,259,1113,6,6,126,0,0
1789337871296,146,POST /documents,200,OK,Create Document - carga 1-3,text,true,,259,1113,6,6,145,0,0
1789337871336,112,POST /documents,200,OK,Create Document - carga 1-4,text,true,,259,1113,6,6,111,0,0
1789337871352,104,POST /documents,200,OK,Create Document - carga 1-2,text,true,,259,1113,6,6,104,0,0
1789337871367,129,POST /documents,200,OK,Create Document - carga 1-1,text,true,,259,1113,6,6,129,0,0
1789337871383,113,POST /documents,200,OK,Create Document - carga 1-6,text,true,,259,1113,6,6,113,0,0
1789337871455,108,POST /documents,200,OK,Create Document - carga 1-4,text,true,,259,1113,6,6,107,0,0
1789337871477,109,POST /documents,200,OK,Create Document - carga 1-5,text,true,,259,1113,6,6,109,0,0
1789337871505,111,POST /documents,200,OK,Create Document - carga 1-3,text,true,,259,1113,6,6,111,0,0
1789337871514,136,POST /documents,200,OK,Create Document - carga 1-2,text,true,,259,1113,6,6,136,0,0
1789337871565,119,POST /documents,200,OK,Create Document - carga 1-4,text,true,,259,1113,6,6,119,0,0
1789337871572,120,POST /documents,200,OK,Create Document - carga 1-1,text,true,,259,1113,6,6,120,0,0
1789337871590,111,POST /documents,200,OK,Create Document - carga 1-6,text,true,,259,1113,6,6,110,0,0
1789337871618,167,POST /documents,200,OK,Create Document - carga 1-5,text,true,,259,1113,6,6,167,0,0
1789337871694,109,POST /documents,200,OK,Create Document - carga 1-3,text,true,,259,1113,6,6,108,0,0
1789337871696,140,POST /documents,200,OK,Create Document - carga 1-1,text,true,,259,1113,6,6,140,0,0
1789337871752,124,POST /documents,200,OK,Create Document - carga 1-4,text,true,,259,1113,7,7,123,0,0
1789337871728,148,POST /documents,200,OK,Create Document - carga 1-6,text,true,,259,1113,7,7,147,0,0
1789337871722,167,POST /documents,200,OK,Create Document - carga 1-2,text,true,,259,1113,7,7,167,0,0
1789337871802,107,POST /documents,200,OK,Create Document - carga 1-5,text,true,,259,1113,7,7,107,0,0
1789337871840,104,POST /documents,200,OK,Create Document - carga 1-3,text,true,,259,1113,7,7,104,0,0
1789337871844,115,POST /documents,200,OK,Create Document - carga 1-1,text,true,,259,1113,7,7,115,0,0
1789337871927,114,POST /documents,200,OK,Create Document - carga 1-2,text,true,,259,1113,7,7,114,0,0
1789337871939,107,POST /documents,200,OK,Create Document - carga 1-6,text,true,,259,1113,7,7,107,0,0
1789337871956,107,POST /documents,200,OK,Create Document - carga 1-5,text,true,,259,1113,7,7,107,0,0
1789337871961,110,POST /documents,200,OK,Create Document - carga 1-4,text,true,,259,1113,7,7,110,0,0
1789337871979,109,POST /documents,200,OK,Create Document - carga 1-3,text,true,,259,1113,7,7,109,0,0
1789337871986,115,POST /documents,200,OK,Create Document - carga 1-1,text,true,,259,1113,7,7,114,0,0
1789337872075,113,POST /documents,200,OK,Create Document - carga 1-2,text,true,,259,1113,7,7,113,0,0
1789337872086,106,POST /documents,200,OK,Create Document - carga 1-5,text,true,,259,1113,7,7,106,0,0
1789337872085,107,POST /documents,200,OK,Create Document - carga 1-6,text,true,,259,1113,7,7,107,0,0
1789337872106,117,POST /documents,200,OK,Create Document - carga 1-1,text,true,,259,1113,7,7,117,0,0
1789337872115,111,POST /documents,200,OK,Create Document - carga 1-4,text,true,,259,1113,7,7,111,0,0
1789337871952,347,POST /documents,200,OK,Create Document - carga 1-7,text,true,,259,1113,7,7,347,0,189
1789337872145,155,POST /documents,200,OK,Create Document - carga 1-3,text,true,,259,1113,7,7,155,0,0
1789337872197,141,POST /documents,200,OK,Create Document - carga 1-2,text,true,,259,1113,7,7,141,0,0
1789337872264,132,POST /documents,200,OK,Create Document - carga 1-4,text,true,,259,1113,7,7,132,0,0
1789337872243,153,POST /documents,200,OK,Create Document - carga 1-5,text,true,,259,1113,7,7,153,0,0
1789337872277,120,POST /documents,200,OK,Create Document - carga 1-6,text,true,,259,1113,7,7,120,0,0
1789337872283,125,POST /documents,200,OK,Create Document - carga 1-1,text,true,,259,1113,7,7,125,0,0
1789337872367,110,POST /documents,200,OK,Create Document - carga 1-7,text,true,,259,1113,7,7,110,0,0
1789337872376,105,POST /documents,200,OK,Create Document - carga 1-2,text,true,,259,1113,7,7,105,0,0
1789337872399,110,POST /documents,200,OK,Create Document - carga 1-5,text,true,,259,1113,7,7,110,0,0
1789337872399,110,POST /documents,200,OK,Create Document - carga 1-3,text,true,,259,1113,7,7,110,0,0
1789337872451,107,POST /documents,200,OK,Create Document - carga 1-6,text,true,,259,1113,7,7,107,0,0
1789337872452,118,POST /documents,200,OK,Create Document - carga 1-1,text,true,,259,1113,7,7,118,0,0
1789337872472,106,POST /documents,200,OK,Create Document - carga 1-4,text,true,,259,1113,7,7,106,0,0
1789337872542,107,POST /documents,200,OK,Create Document - carga 1-7,text,true,,259,1113,7,7,107,0,0
1789337872541,108,POST /documents,200,OK,Create Document - carga 1-2,text,true,,259,1113,7,7,108,0,0
1789337872566,166,POST /documents,200,OK,Create Document - carga 1-5,text,true,,259,1113,7,7,166,0,0
1789337872593,155,POST /documents,200,OK,Create Document - carga 1-3,text,true,,259,1113,7,7,155,0,0
1789337872656,108,POST /documents,200,OK,Create Document - carga 1-7,text,true,,259,1113,7,7,108,0,0
1789337872643,121,POST /documents,200,OK,Create Document - carga 1-1,text,true,,259,1113,7,7,121,0,0
1789337872642,122,POST /documents,200,OK,Create Document - carga 1-6,text,true,,259,1113,7,7,122,0,0
1789337872661,109,POST /documents,200,OK,Create Document - carga 1-4,text,true,,259,1113,7,7,109,0,0
1789337872673,107,POST /documents,200,OK,Create Document - carga 1-2,text,true,,259,1113,7,7,107,0,0
1789337872788,103,POST /documents,200,OK,Create Document - carga 1-6,text,true,,259,1113,7,7,103,0,0
1789337872783,108,POST /documents,200,OK,Create Document - carga 1-4,text,true,,259,1113,7,7,108,0,0
1789337872800,113,POST /documents,200,OK,Create Document - carga 1-3,text,true,,259,1113,7,7,112,0,0
1789337872807,106,POST /documents,200,OK,Create Document - carga 1-2,text,true,,259,1113,7,7,106,0,0
1789337872806,118,POST /documents,200,OK,Create Document - carga 1-1,text,true,,259,1113,7,7,118,0,0
1789337872832,103,POST /documents,200,OK,Create Document - carga 1-7,text,true,,259,1113,7,7,103,0,0
1789337872919,136,POST /documents,200,OK,Create Document - carga 1-3,text,true,,259,1113,7,7,136,0,0
1789337872929,126,POST /documents,200,OK,Create Document - carga 1-4,text,true,,259,1113,7,7,126,0,0
1789337872832,223,POST /documents,200,OK,Create Document - carga 1-5,text,true,,259,1113,7,7,223,0,0
1789337872959,111,POST /documents,200,OK,Create Document - carga 1-6,text,true,,259,1113,7,7,111,0,0
1789337872986,108,POST /documents,200,OK,Create Document - carga 1-2,text,true,,259,1113,7,7,108,0,0
1789337872995,114,POST /documents,200,OK,Create Document - carga 1-1,text,true,,259,1113,7,7,114,0,0
1789337873003,109,POST /documents,200,OK,Create Document - carga 1-7,text,true,,259,1113,7,7,108,0,0
1789337873059,109,POST /documents,200,OK,Create Document - carga 1-5,text,true,,259,1113,7,7,108,0,0
1789337873106,112,POST /documents,200,OK,Create Document - carga 1-4,text,true,,259,1113,7,7,112,0,0
1789337873145,106,POST /documents,200,OK,Create Document - carga 1-3,text,true,,259,1113,7,7,106,0,0
1789337873152,114,POST /documents,200,OK,Create Document - carga 1-6,text,true,,259,1113,7,7,114,0,0
1789337873158,108,POST /documents,200,OK,Create Document - carga 1-7,text,true,,259,1113,7,7,108,0,0
1789337873169,105,POST /documents,200,OK,Create Document - carga 1-5,text,true,,259,1113,7,7,105,0,0
1789337873170,108,POST /documents,200,OK,Create Document - carga 1-2,text,true,,259,1113,7,7,108,0,0
1789337873209,121,POST /documents,200,OK,Create Document - carga 1-1,text,true,,259,1113,7,7,121,0,0
1789337873289,107,POST /documents,200,OK,Create Document - carga 1-4,text,true,,259,1113,7,7,107,0,0
1789337873304,112,POST /documents,200,OK,Create Document - carga 1-7,text,true,,259,1113,7,7,112,0,0
1789337873303,113,POST /documents,200,OK,Create Document - carga 1-5,text,true,,259,1113,7,7,113,0,0
1789337873319,174,POST /documents,200,OK,Create Document - carga 1-2,text,true,,259,1113,7,7,174,0,0
1789337873345,148,POST /documents,200,OK,Create Document - carga 1-6,text,true,,259,1113,7,7,148,0,0
1789337873310,183,POST /documents,200,OK,Create Document - carga 1-3,text,true,,259,1113,7,7,183,0,0
1789337873404,116,POST /documents,200,OK,Create Document - carga 1-1,text,true,,259,1113,7,7,116,0,0
1789337873418,114,POST /documents,200,OK,Create Document - carga 1-4,text,true,,259,1113,7,7,113,0,0
1789337873461,102,POST /documents,200,OK,Create Document - carga 1-7,text,true,,259,1113,7,7,102,0,0
1789337873481,146,POST /documents,200,OK,Create Document - carga 1-5,text,true,,259,1113,7,7,146,0,0
1789337873526,109,POST /documents,200,OK,Create Document - carga 1-6,text,true,,259,1113,7,7,108,0,0
1789337873549,108,POST /documents,200,OK,Create Document - carga 1-3,text,true,,259,1113,7,7,108,0,0
1789337873556,109,POST /documents,200,OK,Create Document - carga 1-4,text,true,,259,1113,7,7,109,0,0
1789337873593,119,POST /documents,200,OK,Create Document - carga 1-7,text,true,,259,1113,7,7,118,0,0
1789337873593,118,POST /documents,200,OK,Create Document - carga 1-2,text,true,,259,1113,7,7,118,0,0
1789337873614,126,POST /documents,200,OK,Create Document - carga 1-1,text,true,,259,1113,7,7,126,0,0
1789337873694,146,POST /documents,200,OK,Create Document - carga 1-3,text,true,,259,1113,7,7,146,0,0
1789337873685,155,POST /documents,200,OK,Create Document - carga 1-5,text,true,,259,1113,7,7,155,0,0
1789337873732,108,POST /documents,200,OK,Create Document - carga 1-7,text,true,,259,1113,7,7,108,0,0
1789337873724,116,POST /documents,200,OK,Create Document - carga 1-4,text,true,,259,1113,7,7,116,0,0
1789337873703,138,POST /documents,200,OK,Create Document - carga 1-6,text,true,,259,1113,7,7,138,0,0
1789337873744,106,POST /documents,200,OK,Create Document - carga 1-2,text,true,,259,1113,7,7,106,0,0
1789337873790,150,POST /documents,200,OK,Create Document - carga 1-1,text,true,,259,1113,7,7,150,0,0
1789337873910,409,POST /documents,200,OK,Create Document - carga 1-3,text,true,,259,1113,8,8,409,0,0
1789337873942,377,POST /documents,200,OK,Create Document - carga 1-1,text,true,,259,1113,8,8,377,0,0
1789337873916,403,POST /documents,200,OK,Create Document - carga 1-2,text,true,,259,1113,8,8,403,0,0
1789337873867,453,POST /documents,200,OK,Create Document - carga 1-7,text,true,,259,1113,8,8,453,0,0
1789337873901,419,POST /documents,200,OK,Create Document - carga 1-6,text,true,,259,1113,8,8,419,0,0
1789337873932,388,POST /documents,200,OK,Create Document - carga 1-4,text,true,,259,1113,8,8,388,0,0
1789337873913,407,POST /documents,200,OK,Create Document - carga 1-5,text,true,,259,1113,8,8,407,0,0
1789337874369,125,POST /documents,200,OK,Create Document - carga 1-1,text,true,,259,1113,8,8,125,0,0
1789337874367,127,POST /documents,200,OK,Create Document - carga 1-3,text,true,,259,1113,8,8,127,0,0
1789337874343,151,POST /documents,200,OK,Create Document - carga 1-7,text,true,,259,1113,8,8,151,0,0
1789337874358,136,POST /documents,200,OK,Create Document - carga 1-2,text,true,,259,1113,8,8,136,0,0
1789337874335,160,POST /documents,200,OK,Create Document - carga 1-6,text,true,,259,1113,8,8,159,0,0
1789337874353,142,POST /documents,200,OK,Create Document - carga 1-5,text,true,,259,1113,8,8,142,0,0
1789337874401,303,POST /documents,200,OK,Create Document - carga 1-4,text,true,,259,1113,8,8,303,0,0
1789337874568,136,POST /documents,200,OK,Create Document - carga 1-1,text,true,,259,1113,8,8,136,0,0
1789337874556,148,POST /documents,200,OK,Create Document - carga 1-2,text,true,,259,1113,8,8,148,0,0
1789337874578,126,POST /documents,200,OK,Create Document - carga 1-5,text,true,,259,1113,8,8,126,0,0
1789337874546,158,POST /documents,200,OK,Create Document - carga 1-3,text,true,,259,1113,8,8,158,0,0
1789337874562,142,POST /documents,200,OK,Create Document - carga 1-7,text,true,,259,1113,8,8,142,0,0
1789337874582,324,POST /documents,200,OK,Create Document - carga 1-6,text,true,,259,1113,8,8,324,0,0
1789337874721,185,POST /documents,200,OK,Create Document - carga 1-7,text,true,,259,1113,8,8,185,0,0
1789337874784,122,POST /documents,200,OK,Create Document - carga 1-2,text,true,,259,1113,8,8,122,0,0
1789337874776,130,POST /documents,200,OK,Create Document - carga 1-5,text,true,,259,1113,8,8,130,0,0
1789337874356,551,POST /documents,200,OK,Create Document - carga 1-8,text,true,,259,1113,8,8,551,0,352
1789337874774,132,POST /documents,200,OK,Create Document - carga 1-1,text,true,,259,1113,8,8,132,0,0
1789337874732,174,POST /documents,200,OK,Create Document - carga 1-3,text,true,,259,1113,8,8,174,0,0
1789337874718,188,POST /documents,200,OK,Create Document - carga 1-4,text,true,,259,1113,8,8,188,0,0
1789337874923,736,POST /documents,200,OK,Create Document - carga 1-1,text,true,,259,1113,8,8,736,0,0
1789337874965,695,POST /documents,200,OK,Create Document - carga 1-5,text,true,,259,1113,8,8,695,0,0
1789337874992,668,POST /documents,200,OK,Create Document - carga 1-2,text,true,,259,1113,8,8,667,0,0
1789337874986,674,POST /documents,200,OK,Create Document - carga 1-6,text,true,,259,1113,8,8,674,0,0
1789337874949,710,POST /documents,200,OK,Create Document - carga 1-3,text,true,,259,1113,8,8,710,0,0
1789337875007,654,POST /documents,200,OK,Create Document - carga 1-4,text,true,,259,1113,8,8,653,0,0
1789337875001,660,POST /documents,200,OK,Create Document - carga 1-7,text,true,,259,1113,8,8,660,0,0
1789337875005,656,POST /documents,200,OK,Create Document - carga 1-8,text,true,,259,1113,8,8,656,0,0
1789337875677,324,POST /documents,200,OK,Create Document - carga 1-2,text,true,,259,1113,8,8,324,0,0
1789337875745,257,POST /documents,200,OK,Create Document - carga 1-1,text,true,,259,1113,8,8,257,0,0
1789337875703,299,POST /documents,200,OK,Create Document - carga 1-3,text,true,,259,1113,8,8,299,0,0
1789337875737,265,POST /documents,200,OK,Create Document - carga 1-7,text,true,,259,1113,8,8,265,0,0
1789337875669,332,POST /documents,200,OK,Create Document - carga 1-4,text,true,,259,1113,8,8,332,0,0
1789337875752,250,POST /documents,200,OK,Create Document - carga 1-5,text,true,,259,1113,8,8,250,0,0
1789337875698,304,POST /documents,200,OK,Create Document - carga 1-8,text,true,,259,1113,8,8,304,0,0
1789337875744,258,POST /documents,200,OK,Create Document - carga 1-6,text,true,,259,1113,8,8,258,0,0
1789337876075,342,POST /documents,200,OK,Create Document - carga 1-4,text,true,,259,1113,8,8,342,0,0
1789337876089,328,POST /documents,200,OK,Create Document - carga 1-8,text,true,,259,1113,8,8,328,0,0
1789337876035,381,POST /documents,200,OK,Create Document - carga 1-1,text,true,,259,1113,8,8,381,0,0
1789337876002,415,POST /documents,200,OK,Create Document - carga 1-3,text,true,,259,1113,8,8,415,0,0
1789337876063,354,POST /documents,200,OK,Create Document - carga 1-5,text,true,,259,1113,8,8,354,0,0
1789337876097,320,POST /documents,200,OK,Create Document - carga 1-2,text,true,,259,1113,8,8,320,0,0
1789337876073,344,POST /documents,200,OK,Create Document - carga 1-6,text,true,,259,1113,8,8,344,0,0
1789337876094,323,POST /documents,200,OK,Create Document - carga 1-7,text,true,,259,1113,8,8,323,0,0
1789337876482,542,POST /documents,200,OK,Create Document - carga 1-5,text,true,,259,1113,9,9,542,0,0
1789337876472,552,POST /documents,200,OK,Create Document - carga 1-1,text,true,,259,1113,9,9,552,0,0
1789337876445,579,POST /documents,200,OK,Create Document - carga 1-8,text,true,,259,1113,9,9,579,0,0
1789337876491,533,POST /documents,200,OK,Create Document - carga 1-3,text,true,,259,1113,9,9,533,0,0
1789337876449,576,POST /documents,200,OK,Create Document - carga 1-2,text,true,,259,1113,9,9,575,0,0
1789337876517,508,POST /documents,200,OK,Create Document - carga 1-7,text,true,,259,1113,9,9,508,0,0
1789337876492,532,POST /documents,200,OK,Create Document - carga 1-4,text,true,,259,1113,9,9,532,0,0
1789337876477,548,POST /documents,200,OK,Create Document - carga 1-6,text,true,,259,1113,9,9,548,0,0
1789337877027,409,POST /documents,200,OK,Create Document - carga 1-6,text,true,,259,1113,9,9,409,0,0
1789337877054,382,POST /documents,200,OK,Create Document - carga 1-8,text,true,,259,1113,9,9,382,0,0
1789337877066,370,POST /documents,200,OK,Create Document - carga 1-5,text,true,,259,1113,9,9,370,0,0
1789337877052,384,POST /documents,200,OK,Create Document - carga 1-4,text,true,,259,1113,9,9,384,0,0
1789337877036,400,POST /documents,200,OK,Create Document - carga 1-7,text,true,,259,1113,9,9,400,0,0
1789337877088,348,POST /documents,200,OK,Create Document - carga 1-2,text,true,,259,1113,9,9,348,0,0
1789337877073,364,POST /documents,200,OK,Create Document - carga 1-1,text,true,,259,1113,9,9,364,0,0
1789337877103,334,POST /documents,200,OK,Create Document - carga 1-3,text,true,,259,1113,9,9,334,0,0
1789337877482,237,POST /documents,200,OK,Create Document - carga 1-8,text,true,,259,1113,9,9,237,0,0
1789337877445,274,POST /documents,200,OK,Create Document - carga 1-5,text,true,,259,1113,9,9,274,0,0
1789337876694,1026,POST /documents,200,OK,Create Document - carga 1-9,text,true,,259,1113,9,9,1026,0,748
1789337877457,263,POST /documents,200,OK,Create Document - carga 1-3,text,true,,259,1113,9,9,262,0,0
1789337877485,235,POST /documents,200,OK,Create Document - carga 1-7,text,true,,259,1113,9,9,235,0,0
1789337877471,249,POST /documents,200,OK,Create Document - carga 1-2,text,true,,259,1113,9,9,249,0,0
1789337877510,210,POST /documents,200,OK,Create Document - carga 1-6,text,true,,259,1113,9,9,210,0,0
1789337877509,403,POST /documents,200,OK,Create Document - carga 1-1,text,true,,259,1113,9,9,403,0,0
1789337877768,144,POST /documents,200,OK,Create Document - carga 1-2,text,true,,259,1113,9,9,144,0,0
1789337877519,393,POST /documents,200,OK,Create Document - carga 1-4,text,true,,259,1113,9,9,393,0,0
1789337877748,164,POST /documents,200,OK,Create Document - carga 1-9,text,true,,259,1113,9,9,164,0,0
1789337877745,167,POST /documents,200,OK,Create Document - carga 1-5,text,true,,259,1113,9,9,167,0,0
1789337877791,528,POST /documents,200,OK,Create Document - carga 1-6,text,true,,259,1113,9,9,528,0,0
1789337877791,528,POST /documents,200,OK,Create Document - carga 1-7,text,true,,259,1113,9,9,528,0,0
1789337877795,525,POST /documents,200,OK,Create Document - carga 1-3,text,true,,259,1113,9,9,525,0,0
1789337877945,375,POST /documents,200,OK,Create Document - carga 1-2,text,true,,259,1113,9,9,375,0,0
1789337877916,404,POST /documents,200,OK,Create Document - carga 1-4,text,true,,259,1113,9,9,404,0,0
1789337877949,371,POST /documents,200,OK,Create Document - carga 1-9,text,true,,259,1113,9,9,371,0,0
1789337877936,384,POST /documents,200,OK,Create Document - carga 1-1,text,true,,259,1113,9,9,384,0,0
1789337877810,510,POST /documents,200,OK,Create Document - carga 1-8,text,true,,259,1113,9,9,510,0,0
1789337878006,314,POST /documents,200,OK,Create Document - carga 1-5,text,true,,259,1113,9,9,314,0,0
1789337878327,703,POST /documents,200,OK,Create Document - carga 1-5,text,true,,259,1113,9,9,703,0,0
1789337878381,649,POST /documents,200,OK,Create Document - carga 1-4,text,true,,259,1113,9,9,649,0,0
1789337878335,695,POST /documents,200,OK,Create Document - carga 1-2,text,true,,259,1113,9,9,695,0,0
1789337878389,641,POST /documents,200,OK,Create Document - carga 1-1,text,true,,259,1113,9,9,641,0,0
1789337878327,703,POST /documents,200,OK,Create Document - carga 1-8,text,true,,259,1113,9,9,703,0,0
1789337878332,699,POST /documents,200,OK,Create Document - carga 1-7,text,true,,259,1113,9,9,698,0,0
1789337878417,614,POST /documents,200,OK,Create Document - carga 1-3,text,true,,259,1113,9,9,614,0,0
1789337878359,672,POST /documents,200,OK,Create Document - carga 1-6,text,true,,259,1113,9,9,672,0,0
1789337878420,611,POST /documents,200,OK,Create Document - carga 1-9,text,true,,259,1113,9,9,611,0,0
1789337879050,438,POST /documents,200,OK,Create Document - carga 1-5,text,true,,259,1113,10,10,438,0,0
1789337879060,429,POST /documents,200,OK,Create Document - carga 1-9,text,true,,259,1113,10,10,429,0,0
1789337879074,415,POST /documents,200,OK,Create Document - carga 1-4,text,true,,259,1113,10,10,415,0,0
1789337879078,411,POST /documents,200,OK,Create Document - carga 1-8,text,true,,259,1113,10,10,411,0,0
1789337879131,358,POST /documents,200,OK,Create Document - carga 1-3,text,true,,259,1113,10,10,358,0,0
1789337879066,423,POST /documents,200,OK,Create Document - carga 1-2,text,true,,259,1113,10,10,423,0,0
1789337879090,399,POST /documents,200,OK,Create Document - carga 1-1,text,true,,259,1113,10,10,399,0,0
1789337879075,415,POST /documents,200,OK,Create Document - carga 1-7,text,true,,259,1113,10,10,415,0,0
1789337879045,444,POST /documents,200,OK,Create Document - carga 1-6,text,true,,259,1113,10,10,443,0,0
1789337879545,656,POST /documents,200,OK,Create Document - carga 1-8,text,true,,259,1113,10,10,656,0,0
1789337879500,701,POST /documents,200,OK,Create Document - carga 1-1,text,true,,259,1113,10,10,701,0,0
1789337879528,673,POST /documents,200,OK,Create Document - carga 1-7,text,true,,259,1113,10,10,673,0,0
1789337879490,711,POST /documents,200,OK,Create Document - carga 1-4,text,true,,259,1113,10,10,711,0,0
1789337879547,654,POST /documents,200,OK,Create Document - carga 1-6,text,true,,259,1113,10,10,654,0,0
1789337879492,709,POST /documents,200,OK,Create Document - carga 1-3,text,true,,259,1113,10,10,709,0,0
1789337879545,656,POST /documents,200,OK,Create Document - carga 1-2,text,true,,259,1113,10,10,656,0,0
1789337879509,693,POST /documents,200,OK,Create Document - carga 1-9,text,true,,259,1113,10,10,693,0,0
1789337879546,656,POST /documents,200,OK,Create Document - carga 1-5,text,true,,259,1113,10,10,656,0,0
1789337880297,184,POST /documents,200,OK,Create Document - carga 1-4,text,true,,259,1113,10,10,184,0,0
1789337880256,226,POST /documents,200,OK,Create Document - carga 1-1,text,true,,259,1113,10,10,225,0,0
1789337880222,260,POST /documents,200,OK,Create Document - carga 1-3,text,true,,259,1113,10,10,260,0,0
1789337880212,270,POST /documents,200,OK,Create Document - carga 1-7,text,true,,259,1113,10,10,270,0,0
1789337880277,204,POST /documents,200,OK,Create Document - carga 1-5,text,true,,259,1113,10,10,204,0,0
1789337880298,184,POST /documents,200,OK,Create Document - carga 1-6,text,true,,259,1113,10,10,184,0,0
1789337880207,275,POST /documents,200,OK,Create Document - carga 1-2,text,true,,259,1113,10,10,275,0,0
1789337880252,230,POST /documents,200,OK,Create Document - carga 1-8,text,true,,259,1113,10,10,230,0,0
1789337880302,180,POST /documents,200,OK,Create Document - carga 1-9,text,true,,259,1113,10,10,180,0,0
1789337879094,1499,POST /documents,200,OK,Create Document - carga 1-10,text,true,,259,1113,10,10,1499,0,1392
1789337880523,106,POST /documents,200,OK,Create Document - carga 1-3,text,true,,259,1113,10,10,106,0,0
1789337880522,113,POST /documents,200,OK,Create Document - carga 1-9,text,true,,259,1113,10,10,113,0,0
1789337880533,102,POST /documents,200,OK,Create Document - carga 1-6,text,true,,259,1113,10,10,102,0,0
1789337880559,104,POST /documents,200,OK,Create Document - carga 1-2,text,true,,259,1113,10,10,104,0,0
1789337880559,105,POST /documents,200,OK,Create Document - carga 1-7,text,true,,259,1113,10,10,105,0,0
1789337880547,117,POST /documents,200,OK,Create Document - carga 1-1,text,true,,259,1113,10,10,117,0,0
1789337880557,108,POST /documents,200,OK,Create Document - carga 1-5,text,true,,259,1113,10,10,108,0,0
1789337880560,109,POST /documents,200,OK,Create Document - carga 1-4,text,true,,259,1113,10,10,109,0,0
1789337880575,101,POST /documents,200,OK,Create Document - carga 1-8,text,true,,259,1113,10,10,101,0,0
1789337880624,117,POST /documents,200,OK,Create Document - carga 1-10,text,true,,259,1113,10,10,117,0,0
1789337880662,105,POST /documents,200,OK,Create Document - carga 1-3,text,true,,259,1113,10,10,105,0,0
1789337880669,108,POST /documents,200,OK,Create Document - carga 1-2,text,true,,259,1113,10,10,108,0,0
1789337880701,107,POST /documents,200,OK,Create Document - carga 1-6,text,true,,259,1113,10,10,107,0,0
1789337880720,107,POST /documents,200,OK,Create Document - carga 1-8,text,true,,259,1113,10,10,107,0,0
1789337880691,153,POST /documents,200,OK,Create Document - carga 1-4,text,true,,259,1113,10,10,153,0,0
1789337880719,129,POST /documents,200,OK,Create Document - carga 1-9,text,true,,259,1113,10,10,129,0,0
1789337880684,164,POST /documents,200,OK,Create Document - carga 1-7,text,true,,259,1113,10,10,164,0,0
1789337880742,110,POST /documents,200,OK,Create Document - carga 1-5,text,true,,259,1113,10,10,110,0,0
1789337880695,157,POST /documents,200,OK,Create Document - carga 1-1,text,true,,259,1113,10,10,157,0,0
1789337880839,131,POST /documents,200,OK,Create Document - carga 1-10,text,true,,259,1113,10,10,131,0,0
1789337880832,138,POST /documents,200,OK,Create Document - carga 1-2,text,true,,259,1113,10,10,138,0,0
1789337880868,108,POST /documents,200,OK,Create Document - carga 1-7,text,true,,259,1113,10,10,108,0,0
1789337880863,112,POST /documents,200,OK,Create Document - carga 1-3,text,true,,259,1113,10,10,112,0,0
1789337880862,139,POST /documents,200,OK,Create Document - carga 1-1,text,true,,259,1113,10,10,139,0,0
1789337880891,110,POST /documents,200,OK,Create Document - carga 1-4,text,true,,259,1113,10,10,110,0,0
1789337880881,120,POST /documents,200,OK,Create Document - carga 1-8,text,true,,259,1113,10,10,120,0,0
1789337880906,107,POST /documents,200,OK,Create Document - carga 1-6,text,true,,259,1113,10,10,107,0,0
1789337880895,118,POST /documents,200,OK,Create Document - carga 1-9,text,true,,259,1113,10,10,118,0,0
1789337880942,110,POST /documents,200,OK,Create Document - carga 1-5,text,true,,259,1113,10,10,110,0,0
1789337880990,116,POST /documents,200,OK,Create Document - carga 1-2,text,true,,259,1113,10,10,116,0,0
1789337880997,109,POST /documents,200,OK,Create Document - carga 1-7,text,true,,259,1113,10,10,109,0,0
1789337881007,106,POST /documents,200,OK,Create Document - carga 1-10,text,true,,259,1113,10,10,106,0,0
1789337881030,103,POST /documents,200,OK,Create Document - carga 1-3,text,true,,259,1113,10,10,103,0,0
1789337881044,211,POST /documents,200,OK,Create Document - carga 1-1,text,true,,259,1113,10,10,211,0,0
1789337881083,172,POST /documents,200,OK,Create Document - carga 1-9,text,true,,259,1113,10,10,172,0,0
1789337881138,118,POST /documents,200,OK,Create Document - carga 1-10,text,true,,259,1113,10,10,118,0,0
1789337881084,171,POST /documents,200,OK,Create Document - carga 1-4,text,true,,259,1113,10,10,171,0,0
1789337881121,135,POST /documents,200,OK,Create Document - carga 1-7,text,true,,259,1113,10,10,135,0,0
1789337881081,174,POST /documents,200,OK,Create Document - carga 1-8,text,true,,259,1113,10,10,174,0,0
1789337881142,114,POST /documents,200,OK,Create Document - carga 1-2,text,true,,259,1113,10,10,114,0,0
1789337881087,169,POST /documents,200,OK,Create Document - carga 1-6,text,true,,259,1113,10,10,169,0,0
1789337881089,167,POST /documents,200,OK,Create Document - carga 1-5,text,true,,259,1113,10,10,167,0,0
1789337881156,101,POST /documents,200,OK,Create Document - carga 1-3,text,true,,259,1113,10,10,101,0,0
1789337881262,105,POST /documents,200,OK,Create Document - carga 1-8,text,true,,259,1113,10,10,105,0,0
1789337881267,112,POST /documents,200,OK,Create Document - carga 1-9,text,true,,259,1113,10,10,112,0,0
1789337881262,122,POST /documents,200,OK,Create Document - carga 1-1,text,true,,259,1113,10,10,122,0,0
1789337881286,116,POST /documents,200,OK,Create Document - carga 1-2,text,true,,259,1113,10,10,116,0,0
1789337881294,120,POST /documents,200,OK,Create Document - carga 1-10,text,true,,259,1113,10,10,120,0,0
1789337881330,101,POST /documents,200,OK,Create Document - carga 1-7,text,true,,259,1113,10,10,101,0,0
1789337881326,105,POST /documents,200,OK,Create Document - carga 1-6,text,true,,259,1113,10,10,105,0,0
1789337881325,109,POST /documents,200,OK,Create Document - carga 1-4,text,true,,259,1113,10,10,109,0,0
1789337881331,103,POST /documents,200,OK,Create Document - carga 1-3,text,true,,259,1113,10,10,103,0,0
1789337881353,109,POST /documents,200,OK,Create Document - carga 1-5,text,true,,259,1113,11,11,109,0,0
1789337881419,105,POST /documents,200,OK,Create Document - carga 1-2,text,true,,259,1113,11,11,105,0,0
1789337881419,107,POST /documents,200,OK,Create Document - carga 1-9,text,true,,259,1113,11,11,107,0,0
1789337881413,154,POST /documents,200,OK,Create Document - carga 1-8,text,true,,259,1113,11,11,152,0,0
1789337881443,124,POST /documents,200,OK,Create Document - carga 1-6,text,true,,259,1113,11,11,124,0,0
1789337881441,129,POST /documents,200,OK,Create Document - carga 1-10,text,true,,259,1113,11,11,129,0,0
1789337881471,107,POST /documents,200,OK,Create Document - carga 1-7,text,true,,259,1113,11,11,107,0,0
1789337881467,112,POST /documents,200,OK,Create Document - carga 1-4,text,true,,259,1113,11,11,112,0,0
1789337881484,111,POST /documents,200,OK,Create Document - carga 1-5,text,true,,259,1113,11,11,111,0,0
1789337881478,118,POST /documents,200,OK,Create Document - carga 1-1,text,true,,259,1113,11,11,118,0,0
1789337881508,106,POST /documents,200,OK,Create Document - carga 1-3,text,true,,259,1113,11,11,105,0,0
1789337881568,108,POST /documents,200,OK,Create Document - carga 1-9,text,true,,259,1113,11,11,108,0,0
1789337881579,102,POST /documents,200,OK,Create Document - carga 1-8,text,true,,259,1113,11,11,102,0,0
1789337881585,106,POST /documents,200,OK,Create Document - carga 1-10,text,true,,259,1113,11,11,106,0,0
1789337881587,105,POST /documents,200,OK,Create Document - carga 1-6,text,true,,259,1113,11,11,105,0,0
1789337881597,113,POST /documents,200,OK,Create Document - carga 1-2,text,true,,259,1113,11,11,113,0,0
1789337881628,157,POST /documents,200,OK,Create Document - carga 1-5,text,true,,259,1113,11,11,157,0,0
1789337881630,155,POST /documents,200,OK,Create Document - carga 1-3,text,true,,259,1113,11,11,155,0,0
1789337881598,187,POST /documents,200,OK,Create Document - carga 1-1,text,true,,259,1113,11,11,187,0,0
1789337881648,138,POST /documents,200,OK,Create Document - carga 1-7,text,true,,259,1113,11,11,138,0,0
1789337881481,310,POST /documents,200,OK,Create Document - carga 1-11,text,true,,259,1113,11,11,310,0,201
1789337881680,112,POST /documents,200,OK,Create Document - carga 1-4,text,true,,259,1113,11,11,111,0,0
1789337881748,110,POST /documents,200,OK,Create Document - carga 1-10,text,true,,259,1113,11,11,109,0,0
1789337881754,110,POST /documents,200,OK,Create Document - carga 1-6,text,true,,259,1113,11,11,110,0,0
1789337881755,109,POST /documents,200,OK,Create Document - carga 1-2,text,true,,259,1113,11,11,109,0,0
1789337881764,103,POST /documents,200,OK,Create Document - carga 1-8,text,true,,259,1113,11,11,103,0,0
1789337881769,107,POST /documents,200,OK,Create Document - carga 1-9,text,true,,259,1113,11,11,107,0,0
1789337881799,117,POST /documents,200,OK,Create Document - carga 1-3,text,true,,259,1113,11,11,117,0,0
1789337881821,165,POST /documents,200,OK,Create Document - carga 1-11,text,true,,259,1113,11,11,165,0,0
1789337881820,166,POST /documents,200,OK,Create Document - carga 1-4,text,true,,259,1113,11,11,166,0,0
1789337881842,144,POST /documents,200,OK,Create Document - carga 1-7,text,true,,259,1113,11,11,144,0,0
1789337881809,177,POST /documents,200,OK,Create Document - carga 1-5,text,true,,259,1113,11,11,177,0,0
1789337881825,161,POST /documents,200,OK,Create Document - carga 1-1,text,true,,259,1113,11,11,161,0,0
1789337881907,118,POST /documents,200,OK,Create Document - carga 1-2,text,true,,259,1113,11,11,118,0,0
1789337881903,122,POST /documents,200,OK,Create Document - carga 1-8,text,true,,259,1113,11,11,122,0,0
1789337881952,123,POST /documents,200,OK,Create Document - carga 1-3,text,true,,259,1113,11,11,123,0,0
1789337881945,130,POST /documents,200,OK,Create Document - carga 1-9,text,true,,259,1113,11,11,130,0,0
1789337881958,117,POST /documents,200,OK,Create Document - carga 1-10,text,true,,259,1113,11,11,117,0,0
1789337881923,152,POST /documents,200,OK,Create Document - carga 1-6,text,true,,259,1113,11,11,152,0,0
1789337882014,112,POST /documents,200,OK,Create Document - carga 1-11,text,true,,259,1113,11,11,112,0,0
1789337882017,111,POST /documents,200,OK,Create Document - carga 1-4,text,true,,259,1113,11,11,111,0,0
1789337882045,110,POST /documents,200,OK,Create Document - carga 1-2,text,true,,259,1113,11,11,109,0,0
1789337882049,108,POST /documents,200,OK,Create Document - carga 1-7,text,true,,259,1113,11,11,108,0,0
1789337882071,121,POST /documents,200,OK,Create Document - carga 1-1,text,true,,259,1113,11,11,121,0,0
1789337882071,121,POST /documents,200,OK,Create Document - carga 1-5,text,true,,259,1113,11,11,121,0,0
1789337882095,108,POST /documents,200,OK,Create Document - carga 1-8,text,true,,259,1113,11,11,108,0,0
1789337882127,109,POST /documents,200,OK,Create Document - carga 1-6,text,true,,259,1113,11,11,108,0,0
1789337882132,109,POST /documents,200,OK,Create Document - carga 1-11,text,true,,259,1113,11,11,109,0,0
1789337882154,112,POST /documents,200,OK,Create Document - carga 1-10,text,true,,259,1113,11,11,112,0,0
1789337882166,106,POST /documents,200,OK,Create Document - carga 1-7,text,true,,259,1113,11,11,106,0,0
1789337882162,110,POST /documents,200,OK,Create Document - carga 1-9,text,true,,259,1113,11,11,110,0,0
1789337882162,110,POST /documents,200,OK,Create Document - carga 1-3,text,true,,259,1113,11,11,110,0,0
1789337882204,110,POST /documents,200,OK,Create Document - carga 1-4,text,true,,259,1113,11,11,110,0,0
1789337882200,114,POST /documents,200,OK,Create Document - carga 1-2,text,true,,259,1113,11,11,114,0,0
1789337882220,111,POST /documents,200,OK,Create Document - carga 1-5,text,true,,259,1113,11,11,111,0,0
1789337882271,119,POST /documents,200,OK,Create Document - carga 1-1,text,true,,259,1113,11,11,119,0,0
1789337882280,110,POST /documents,200,OK,Create Document - carga 1-6,text,true,,259,1113,11,11,110,0,0
1789337882246,144,POST /documents,200,OK,Create Document - carga 1-8,text,true,,259,1113,11,11,144,0,0
1789337882305,103,POST /documents,200,OK,Create Document - carga 1-3,text,true,,259,1113,11,11,103,0,0
1789337882301,112,POST /documents,200,OK,Create Document - carga 1-11,text,true,,259,1113,11,11,112,0,0
1789337882315,113,POST /documents,200,OK,Create Document - carga 1-10,text,true,,259,1113,11,11,113,0,0
1789337882331,120,POST /documents,200,OK,Create Document - carga 1-5,text,true,,259,1113,11,11,120,0,0
1789337882338,113,POST /documents,200,OK,Create Document - carga 1-9,text,true,,259,1113,11,11,113,0,0
1789337882346,112,POST /documents,200,OK,Create Document - carga 1-2,text,true,,259,1113,11,11,112,0,0
1789337882352,106,POST /documents,200,OK,Create Document - carga 1-7,text,true,,259,1113,11,11,106,0,0
1789337882374,109,POST /documents,200,OK,Create Document - carga 1-4,text,true,,259,1113,11,11,108,0,0
1789337882463,119,POST /documents,200,OK,Create Document - carga 1-7,text,true,,259,1113,11,11,118,0,0
1789337882444,138,POST /documents,200,OK,Create Document - carga 1-8,text,true,,259,1113,11,11,137,0,0
1789337882460,121,POST /documents,200,OK,Create Document - carga 1-1,text,true,,259,1113,11,11,121,0,0
1789337882481,106,POST /documents,200,OK,Create Document - carga 1-6,text,true,,259,1113,11,11,101,0,0
1789337882479,109,POST /documents,200,OK,Create Document - carga 1-11,text,true,,259,1113,11,11,109,0,0
1789337882504,104,POST /documents,200,OK,Create Document - carga 1-10,text,true,,259,1113,11,11,104,0,0
1789337882504,106,POST /documents,200,OK,Create Document - carga 1-3,text,true,,259,1113,11,11,105,0,0
1789337882532,178,POST /documents,200,OK,Create Document - carga 1-5,text,true,,259,1113,11,11,178,0,0
1789337882538,172,POST /documents,200,OK,Create Document - carga 1-9,text,true,,259,1113,11,11,172,0,0
1789337882532,179,POST /documents,200,OK,Create Document - carga 1-2,text,true,,259,1113,11,11,179,0,0
1789337882618,117,POST /documents,200,OK,Create Document - carga 1-8,text,true,,259,1113,11,11,117,0,0
1789337882583,152,POST /documents,200,OK,Create Document - carga 1-4,text,true,,259,1113,11,11,152,0,0
1789337882624,137,POST /documents,200,OK,Create Document - carga 1-1,text,true,,259,1113,11,11,136,0,0
1789337882639,122,POST /documents,200,OK,Create Document - carga 1-6,text,true,,259,1113,11,11,121,0,0
1789337882658,119,POST /documents,200,OK,Create Document - carga 1-11,text,true,,259,1113,11,11,119,0,0
1789337882669,108,POST /documents,200,OK,Create Document - carga 1-7,text,true,,259,1113,11,11,108,0,0
1789337882674,114,POST /documents,200,OK,Create Document - carga 1-3,text,true,,259,1113,11,11,114,0,0
1789337882702,152,POST /documents,200,OK,Create Document - carga 1-10,text,true,,259,1113,11,11,152,0,0
1789337882733,134,POST /documents,200,OK,Create Document - carga 1-5,text,true,,259,1113,11,11,134,0,0
1789337882717,150,POST /documents,200,OK,Create Document - carga 1-9,text,true,,259,1113,11,11,150,0,0
1789337882802,164,POST /documents,200,OK,Create Document - carga 1-8,text,true,,259,1113,11,11,164,0,0
1789337882781,185,POST /documents,200,OK,Create Document - carga 1-4,text,true,,259,1113,11,11,185,0,0
1789337882798,170,POST /documents,200,OK,Create Document - carga 1-2,text,true,,259,1113,11,11,169,0,0
1789337882826,184,POST /documents,200,OK,Create Document - carga 1-11,text,true,,259,1113,11,11,184,0,0
1789337882823,187,POST /documents,200,OK,Create Document - carga 1-3,text,true,,259,1113,11,11,187,0,0
1789337882834,176,POST /documents,200,OK,Create Document - carga 1-6,text,true,,259,1113,11,11,176,0,0
1789337882828,183,POST /documents,200,OK,Create Document - carga 1-1,text,true,,259,1113,11,11,183,0,0
1789337882841,170,POST /documents,200,OK,Create Document - carga 1-7,text,true,,259,1113,11,11,170,0,0
1789337882893,124,POST /documents,200,OK,Create Document - carga 1-9,text,true,,259,1113,11,11,124,0,0
1789337882902,115,POST /documents,200,OK,Create Document - carga 1-5,text,true,,259,1113,11,11,115,0,0
1789337882915,153,POST /documents,200,OK,Create Document - carga 1-10,text,true,,259,1113,11,11,153,0,0
1789337882978,219,POST /documents,200,OK,Create Document - carga 1-8,text,true,,259,1113,11,11,218,0,0
1789337882981,282,POST /documents,200,OK,Create Document - carga 1-4,text,true,,259,1113,11,11,282,0,0
1789337883006,296,POST /documents,200,OK,Create Document - carga 1-2,text,true,,259,1113,11,11,296,0,0
1789337883039,299,POST /documents,200,OK,Create Document - carga 1-6,text,true,,259,1113,11,11,299,0,0
1789337883083,262,POST /documents,200,OK,Create Document - carga 1-3,text,true,,259,1113,11,11,262,0,0
1789337883027,318,POST /documents,200,OK,Create Document - carga 1-11,text,true,,259,1113,11,11,318,0,0
1789337883075,270,POST /documents,200,OK,Create Document - carga 1-9,text,true,,259,1113,11,11,270,0,0
1789337883048,297,POST /documents,200,OK,Create Document - carga 1-7,text,true,,259,1113,11,11,297,0,0
1789337883018,327,POST /documents,200,OK,Create Document - carga 1-5,text,true,,259,1113,11,11,327,0,0
1789337883081,264,POST /documents,200,OK,Create Document - carga 1-10,text,true,,259,1113,11,11,264,0,0
1789337883097,264,POST /documents,200,OK,Create Document - carga 1-1,text,true,,259,1113,11,11,264,0,0
1789337883259,119,POST /documents,200,OK,Create Document - carga 1-8,text,true,,259,1113,11,11,119,0,0
1789337883316,107,POST /documents,200,OK,Create Document - carga 1-4,text,true,,259,1113,11,11,107,0,0
1789337883358,162,POST /documents,200,OK,Create Document - carga 1-2,text,true,,259,1113,11,11,162,0,0
1789337883360,160,POST /documents,200,OK,Create Document - carga 1-7,text,true,,259,1113,11,11,160,0,0
1789337883365,156,POST /documents,200,OK,Create Document - carga 1-3,text,true,,259,1113,11,11,156,0,0
1789337883368,157,POST /documents,200,OK,Create Document - carga 1-10,text,true,,259,1113,11,11,157,0,0
1789337883376,149,POST /documents,200,OK,Create Document - carga 1-6,text,true,,259,1113,11,11,149,0,0
1789337883419,117,POST /documents,200,OK,Create Document - carga 1-5,text,true,,259,1113,11,11,117,0,0
1789337883369,167,POST /documents,200,OK,Create Document - carga 1-11,text,true,,259,1113,11,11,167,0,0
1789337883432,109,POST /documents,200,OK,Create Document - carga 1-9,text,true,,259,1113,11,11,109,0,0
1789337883496,117,POST /documents,200,OK,Create Document - carga 1-4,text,true,,259,1113,11,11,117,0,0
1789337883466,147,POST /documents,200,OK,Create Document - carga 1-8,text,true,,259,1113,11,11,147,0,0
1789337883445,168,POST /documents,200,OK,Create Document - carga 1-1,text,true,,259,1113,11,11,168,0,0
1789337883526,109,POST /documents,200,OK,Create Document - carga 1-3,text,true,,259,1113,11,11,109,0,0
1789337883547,106,POST /documents,200,OK,Create Document - carga 1-6,text,true,,259,1113,11,11,106,0,0
1789337883551,123,POST /documents,200,OK,Create Document - carga 1-2,text,true,,259,1113,11,11,123,0,0
1789337883562,113,POST /documents,200,OK,Create Document - carga 1-11,text,true,,259,1113,11,11,113,0,0
1789337883581,148,POST /documents,200,OK,Create Document - carga 1-10,text,true,,259,1113,11,11,148,0,0
1789337883563,166,POST /documents,200,OK,Create Document - carga 1-9,text,true,,259,1113,11,11,166,0,0
1789337883584,146,POST /documents,200,OK,Create Document - carga 1-7,text,true,,259,1113,11,11,146,0,0
1789337883624,107,POST /documents,200,OK,Create Document - carga 1-5,text,true,,259,1113,11,11,107,0,0
1789337883618,115,POST /documents,200,OK,Create Document - carga 1-1,text,true,,259,1113,11,11,115,0,0
1789337883703,107,POST /documents,200,OK,Create Document - carga 1-4,text,true,,259,1113,11,11,107,0,0
1789337883668,142,POST /documents,200,OK,Create Document - carga 1-3,text,true,,259,1113,11,11,142,0,0
1789337883680,130,POST /documents,200,OK,Create Document - carga 1-6,text,true,,259,1113,11,11,130,0,0
1789337883705,106,POST /documents,200,OK,Create Document - carga 1-8,text,true,,259,1113,11,11,106,0,0
1789337883709,108,POST /documents,200,OK,Create Document - carga 1-2,text,true,,259,1113,11,11,107,0,0
1789337883749,108,POST /documents,200,OK,Create Document - carga 1-11,text,true,,259,1113,11,11,108,0,0
1789337883749,110,POST /documents,200,OK,Create Document - carga 1-5,text,true,,259,1113,12,12,110,0,0
1789337883782,190,POST /documents,200,OK,Create Document - carga 1-7,text,true,,259,1113,12,12,190,0,0
1789337883777,195,POST /documents,200,OK,Create Document - carga 1-1,text,true,,259,1113,12,12,195,0,0
1789337883828,144,POST /documents,200,OK,Create Document - carga 1-6,text,true,,259,1113,12,12,144,0,0
1789337883857,115,POST /documents,200,OK,Create Document - carga 1-3,text,true,,259,1113,12,12,115,0,0
1789337883843,129,POST /documents,200,OK,Create Document - carga 1-2,text,true,,259,1113,12,12,129,0,0
1789337883787,185,POST /documents,200,OK,Create Document - carga 1-9,text,true,,259,1113,12,12,185,0,0
1789337883798,174,POST /documents,200,OK,Create Document - carga 1-10,text,true,,259,1113,12,12,174,0,0
1789337883827,145,POST /documents,200,OK,Create Document - carga 1-8,text,true,,259,1113,12,12,145,0,0
1789337883892,115,POST /documents,200,OK,Create Document - carga 1-5,text,true,,259,1113,12,12,115,0,0
1789337883898,117,POST /documents,200,OK,Create Document - carga 1-4,text,true,,259,1113,12,12,117,0,0
1789337883899,124,POST /documents,200,OK,Create Document - carga 1-11,text,true,,259,1113,12,12,124,0,0
1789337883988,163,POST /documents,200,OK,Create Document - carga 1-9,text,true,,259,1113,12,12,163,0,0
1789337884022,129,POST /documents,200,OK,Create Document - carga 1-7,text,true,,259,1113,12,12,129,0,0
1789337884026,125,POST /documents,200,OK,Create Document - carga 1-1,text,true,,259,1113,12,12,125,0,0
1789337884032,120,POST /documents,200,OK,Create Document - carga 1-6,text,true,,259,1113,12,12,120,0,0
1789337884041,111,POST /documents,200,OK,Create Document - carga 1-8,text,true,,259,1113,12,12,111,0,0
1789337884051,104,POST /documents,200,OK,Create Document - carga 1-10,text,true,,259,1113,12,12,104,0,0
1789337884068,105,POST /documents,200,OK,Create Document - carga 1-3,text,true,,259,1113,12,12,105,0,0
1789337884072,104,POST /documents,200,OK,Create Document - carga 1-5,text,true,,259,1113,12,12,104,0,0
1789337884072,109,POST /documents,200,OK,Create Document - carga 1-2,text,true,,259,1113,12,12,109,0,0
1789337884080,108,POST /documents,200,OK,Create Document - carga 1-11,text,true,,259,1113,12,12,108,0,0
1789337884101,104,POST /documents,200,OK,Create Document - carga 1-4,text,true,,259,1113,12,12,103,0,0
1789337884158,129,POST /documents,200,OK,Create Document - carga 1-6,text,true,,259,1113,12,12,129,0,0
1789337883893,394,POST /documents,200,OK,Create Document - carga 1-12,text,true,,259,1113,12,12,394,0,262
1789337884175,135,POST /documents,200,OK,Create Document - carga 1-3,text,true,,259,1113,12,12,135,0,0
1789337884184,126,POST /documents,200,OK,Create Document - carga 1-9,text,true,,259,1113,12,12,126,0,0
1789337884196,114,POST /documents,200,OK,Create Document - carga 1-10,text,true,,259,1113,12,12,114,0,0
1789337884206,106,POST /documents,200,OK,Create Document - carga 1-11,text,true,,259,1113,12,12,104,0,0
1789337884212,102,POST /documents,200,OK,Create Document - carga 1-7,text,true,,259,1113,12,12,102,0,0
1789337884231,105,POST /documents,200,OK,Create Document - carga 1-5,text,true,,259,1113,12,12,104,0,0
1789337884238,107,POST /documents,200,OK,Create Document - carga 1-2,text,true,,259,1113,12,12,107,0,0
1789337884252,102,POST /documents,200,OK,Create Document - carga 1-8,text,true,,259,1113,12,12,101,0,0
1789337884249,121,POST /documents,200,OK,Create Document - carga 1-1,text,true,,259,1113,12,12,121,0,0
1789337884305,107,POST /documents,200,OK,Create Document - carga 1-4,text,true,,259,1113,12,12,107,0,0
1789337884332,105,POST /documents,200,OK,Create Document - carga 1-12,text,true,,259,1113,12,12,105,0,0
1789337884336,107,POST /documents,200,OK,Create Document - carga 1-11,text,true,,259,1113,12,12,107,0,0
1789337884356,108,POST /documents,200,OK,Create Document - carga 1-3,text,true,,259,1113,12,12,108,0,0
1789337884375,117,POST /documents,200,OK,Create Document - carga 1-10,text,true,,259,1113,12,12,117,0,0
1789337884384,109,POST /documents,200,OK,Create Document - carga 1-6,text,true,,259,1113,12,12,108,0,0
1789337884371,121,POST /documents,200,OK,Create Document - carga 1-8,text,true,,259,1113,12,12,121,0,0
1789337884364,128,POST /documents,200,OK,Create Document - carga 1-7,text,true,,259,1113,12,12,128,0,0
1789337884389,174,POST /documents,200,OK,Create Document - carga 1-5,text,true,,259,1113,12,12,174,0,0
1789337884409,154,POST /documents,200,OK,Create Document - carga 1-9,text,true,,259,1113,12,12,154,0,0
1789337884438,125,POST /documents,200,OK,Create Document - carga 1-1,text,true,,259,1113,12,12,125,0,0
1789337884476,109,POST /documents,200,OK,Create Document - carga 1-3,text,true,,259,1113,12,12,109,0,0
1789337884472,119,POST /documents,200,OK,Create Document - carga 1-4,text,true,,259,1113,12,12,119,0,0
1789337884482,109,POST /documents,200,OK,Create Document - carga 1-12,text,true,,259,1113,12,12,109,0,0
1789337884501,123,POST /documents,200,OK,Create Document - carga 1-8,text,true,,259,1113,12,12,123,0,0
1789337884527,107,POST /documents,200,OK,Create Document - carga 1-11,text,true,,259,1113,12,12,107,0,0
1789337884531,110,POST /documents,200,OK,Create Document - carga 1-6,text,true,,259,1113,12,12,110,0,0
1789337884568,108,POST /documents,200,OK,Create Document - carga 1-7,text,true,,259,1113,12,12,108,0,0
1789337884575,101,POST /documents,200,OK,Create Document - carga 1-10,text,true,,259,1113,12,12,101,0,0
1789337884580,121,POST /documents,200,OK,Create Document - carga 1-1,text,true,,259,1113,12,12,121,0,0
1789337884620,113,POST /documents,200,OK,Create Document - carga 1-5,text,true,,259,1113,12,12,113,0,0
1789337884646,102,POST /documents,200,OK,Create Document - carga 1-12,text,true,,259,1113,12,12,102,0,0
1789337884649,101,POST /documents,200,OK,Create Document - carga 1-6,text,true,,259,1113,12,12,101,0,0
1789337884663,104,POST /documents,200,OK,Create Document - carga 1-9,text,true,,259,1113,12,12,103,0,0
1789337884665,107,POST /documents,200,OK,Create Document - carga 1-3,text,true,,259,1113,12,12,107,0,0
1789337884679,106,POST /documents,200,OK,Create Document - carga 1-4,text,true,,259,1113,12,12,106,0,0
1789337884693,107,POST /documents,200,OK,Create Document - carga 1-8,text,true,,259,1113,12,12,107,0,0
1789337884724,106,POST /documents,200,OK,Create Document - carga 1-11,text,true,,259,1113,12,12,106,0,0
1789337884733,103,POST /documents,200,OK,Create Document - carga 1-10,text,true,,259,1113,12,12,103,0,0
1789337884761,103,POST /documents,200,OK,Create Document - carga 1-7,text,true,,259,1113,12,12,103,0,0
1789337884754,113,POST /documents,200,OK,Create Document - carga 1-1,text,true,,259,1113,12,12,113,0,0
1789337884767,104,POST /documents,200,OK,Create Document - carga 1-5,text,true,,259,1113,12,12,104,0,0
1789337884809,126,POST /documents,200,OK,Create Document - carga 1-12,text,true,,259,1113,12,12,126,0,0
1789337884776,159,POST /documents,200,OK,Create Document - carga 1-3,text,true,,259,1113,12,12,159,0,0
1789337884826,109,POST /documents,200,OK,Create Document - carga 1-8,text,true,,259,1113,12,12,109,0,0
1789337884427,508,POST /documents,200,OK,Create Document - carga 1-2,text,true,,259,1113,12,12,508,0,0
1789337884811,124,POST /documents,200,OK,Create Document - carga 1-6,text,true,,259,1113,12,12,124,0,0
1789337884851,105,POST /documents,200,OK,Create Document - carga 1-4,text,true,,259,1113,12,12,105,0,0
1789337884863,104,POST /documents,200,OK,Create Document - carga 1-9,text,true,,259,1113,12,12,104,0,0
1789337884874,107,POST /documents,200,OK,Create Document - carga 1-10,text,true,,259,1113,12,12,107,0,0
1789337884890,102,POST /documents,200,OK,Create Document - carga 1-5,text,true,,259,1113,12,12,102,0,0
1789337884890,105,POST /documents,200,OK,Create Document - carga 1-7,text,true,,259,1113,12,12,104,0,0
1789337884896,153,POST /documents,200,OK,Create Document - carga 1-1,text,true,,259,1113,12,12,153,0,0
1789337884916,141,POST /documents,200,OK,Create Document - carga 1-11,text,true,,259,1113,12,12,141,0,0
1789337884946,111,POST /documents,200,OK,Create Document - carga 1-12,text,true,,259,1113,12,12,111,0,0
1789337884954,113,POST /documents,200,OK,Create Document - carga 1-2,text,true,,259,1113,12,12,113,0,0
1789337884960,107,POST /documents,200,OK,Create Document - carga 1-6,text,true,,259,1113,12,12,107,0,0
1789337884970,107,POST /documents,200,OK,Create Document - carga 1-9,text,true,,259,1113,12,12,107,0,0
1789337884977,103,POST /documents,200,OK,Create Document - carga 1-4,text,true,,259,1113,12,12,103,0,0
1789337885003,114,POST /documents,200,OK,Create Document - carga 1-8,text,true,,259,1113,12,12,114,0,0
1789337885024,110,POST /documents,200,OK,Create Document - carga 1-3,text,true,,259,1113,12,12,110,0,0
1789337885036,106,POST /documents,200,OK,Create Document - carga 1-5,text,true,,259,1113,12,12,105,0,0
1789337885067,109,POST /documents,200,OK,Create Document - carga 1-6,text,true,,259,1113,12,12,109,0,0
1789337885072,105,POST /documents,200,OK,Create Document - carga 1-7,text,true,,259,1113,12,12,105,0,0
1789337885080,118,POST /documents,200,OK,Create Document - carga 1-10,text,true,,259,1113,12,12,118,0,0
1789337885108,102,POST /documents,200,OK,Create Document - carga 1-12,text,true,,259,1113,12,12,102,0,0
1789337885100,113,POST /documents,200,OK,Create Document - carga 1-1,text,true,,259,1113,12,12,113,0,0
1789337885145,104,POST /documents,200,OK,Create Document - carga 1-9,text,true,,259,1113,12,12,104,0,0
1789337885152,112,POST /documents,200,OK,Create Document - carga 1-5,text,true,,259,1113,12,12,111,0,0
1789337885149,115,POST /documents,200,OK,Create Document - carga 1-11,text,true,,259,1113,12,12,115,0,0
1789337885149,115,POST /documents,200,OK,Create Document - carga 1-4,text,true,,259,1113,12,12,115,0,0
1789337885161,103,POST /documents,200,OK,Create Document - carga 1-2,text,true,,259,1113,12,12,103,0,0
1789337885176,101,POST /documents,200,OK,Create Document - carga 1-8,text,true,,259,1113,12,12,101,0,0
1789337885215,107,POST /documents,200,OK,Create Document - carga 1-3,text,true,,259,1113,12,12,107,0,0
1789337885224,104,POST /documents,200,OK,Create Document - carga 1-7,text,true,,259,1113,12,12,104,0,0
1789337885244,106,POST /documents,200,OK,Create Document - carga 1-12,text,true,,259,1113,12,12,106,0,0
1789337885266,103,POST /documents,200,OK,Create Document - carga 1-2,text,true,,259,1113,12,12,103,0,0
1789337885268,103,POST /documents,200,OK,Create Document - carga 1-4,text,true,,259,1113,12,12,103,0,0
1789337885269,104,POST /documents,200,OK,Create Document - carga 1-11,text,true,,259,1113,12,12,104,0,0
1789337885274,99,POST /documents,200,OK,Create Document - carga 1-6,text,true,,259,1113,12,12,99,0,0
1789337885275,98,POST /documents,200,OK,Create Document - carga 1-10,text,true,,259,1113,12,12,98,0,0
1789337885290,108,POST /documents,200,OK,Create Document - carga 1-5,text,true,,259,1113,12,12,108,0,0
1789337885329,124,POST /documents,200,OK,Create Document - carga 1-7,text,true,,259,1113,12,12,124,0,0
1789337885318,135,POST /documents,200,OK,Create Document - carga 1-9,text,true,,259,1113,12,12,135,0,0
1789337885361,101,POST /documents,200,OK,Create Document - carga 1-8,text,true,,259,1113,12,12,101,0,0
1789337885370,102,POST /documents,200,OK,Create Document - carga 1-3,text,true,,259,1113,12,12,102,0,0
1789337885393,106,POST /documents,200,OK,Create Document - carga 1-11,text,true,,259,1113,12,12,106,0,0
1789337885388,112,POST /documents,200,OK,Create Document - carga 1-4,text,true,,259,1113,12,12,112,0,0
1789337885423,102,POST /documents,200,OK,Create Document - carga 1-6,text,true,,259,1113,12,12,102,0,0
1789337885428,109,POST /documents,200,OK,Create Document - carga 1-2,text,true,,259,1113,12,12,109,0,0
1789337885433,104,POST /documents,200,OK,Create Document - carga 1-12,text,true,,259,1113,12,12,104,0,0
1789337885440,116,POST /documents,200,OK,Create Document - carga 1-5,text,true,,259,1113,12,12,116,0,0
1789337885467,108,POST /documents,200,OK,Create Document - carga 1-10,text,true,,259,1113,12,12,108,0,0
1789337885525,104,POST /documents,200,OK,Create Document - carga 1-8,text,true,,259,1113,12,12,104,0,0
1789337885531,103,POST /documents,200,OK,Create Document - carga 1-7,text,true,,259,1113,12,12,103,0,0
1789337885534,100,POST /documents,200,OK,Create Document - carga 1-3,text,true,,259,1113,12,12,100,0,0
1789337885529,105,POST /documents,200,OK,Create Document - carga 1-9,text,true,,259,1113,12,12,105,0,0
1789337885540,104,POST /documents,200,OK,Create Document - carga 1-2,text,true,,259,1113,12,12,104,0,0
1789337885547,102,POST /documents,200,OK,Create Document - carga 1-6,text,true,,259,1113,12,12,102,0,0
1789337885549,103,POST /documents,200,OK,Create Document - carga 1-11,text,true,,259,1113,12,12,103,0,0
1789337885565,103,POST /documents,200,OK,Create Document - carga 1-4,text,true,,259,1113,12,12,103,0,0
1789337885260,475,POST /documents,200,OK,Create Document - carga 1-1,text,true,,259,1113,12,12,475,0,0
1789337885597,138,POST /documents,200,OK,Create Document - carga 1-12,text,true,,259,1113,12,12,138,0,0
1789337885630,105,POST /documents,200,OK,Create Document - carga 1-5,text,true,,259,1113,12,12,105,0,0
1789337885655,102,POST /documents,200,OK,Create Document - carga 1-10,text,true,,259,1113,12,12,102,0,0
1789337885678,107,POST /documents,200,OK,Create Document - carga 1-4,text,true,,259,1113,12,12,107,0,0
1789337885676,110,POST /documents,200,OK,Create Document - carga 1-2,text,true,,259,1113,12,12,110,0,0
1789337885670,116,POST /documents,200,OK,Create Document - carga 1-3,text,true,,259,1113,12,12,110,0,0
1789337885684,105,POST /documents,200,OK,Create Document - carga 1-7,text,true,,259,1113,12,12,105,0,0
1789337885690,99,POST /documents,200,OK,Create Document - carga 1-8,text,true,,259,1113,12,12,99,0,0
1789337885688,103,POST /documents,200,OK,Create Document - carga 1-6,text,true,,259,1113,12,12,103,0,0
1789337885683,108,POST /documents,200,OK,Create Document - carga 1-11,text,true,,259,1113,12,12,108,0,0
1789337885725,131,POST /documents,200,OK,Create Document - carga 1-9,text,true,,259,1113,12,12,131,0,0
1789337885753,116,POST /documents,200,OK,Create Document - carga 1-1,text,true,,259,1113,12,12,116,0,0
1789337885767,109,POST /documents,200,OK,Create Document - carga 1-12,text,true,,259,1113,12,12,109,0,0
1789337885792,104,POST /documents,200,OK,Create Document - carga 1-3,text,true,,259,1113,12,12,104,0,0
1789337885807,101,POST /documents,200,OK,Create Document - carga 1-8,text,true,,259,1113,12,12,101,0,0
1789337885817,104,POST /documents,200,OK,Create Document - carga 1-5,text,true,,259,1113,12,12,104,0,0
1789337885825,103,POST /documents,200,OK,Create Document - carga 1-10,text,true,,259,1113,12,12,103,0,0
1789337885838,109,POST /documents,200,OK,Create Document - carga 1-2,text,true,,259,1113,12,12,109,0,0
1789337885847,108,POST /documents,200,OK,Create Document - carga 1-11,text,true,,259,1113,12,12,108,0,0
1789337885863,110,POST /documents,200,OK,Create Document - carga 1-4,text,true,,259,1113,12,12,110,0,0
1789337885880,106,POST /documents,200,OK,Create Document - carga 1-7,text,true,,259,1113,12,12,106,0,0
1789337885873,117,POST /documents,200,OK,Create Document - carga 1-1,text,true,,259,1113,12,12,117,0,0
1789337885890,115,POST /documents,200,OK,Create Document - carga 1-6,text,true,,259,1113,12,12,115,0,0
1789337885927,106,POST /documents,200,OK,Create Document - carga 1-9,text,true,,259,1113,12,12,106,0,0
1789337885943,105,POST /documents,200,OK,Create Document - carga 1-3,text,true,,259,1113,12,12,105,0,0
1789337885947,102,POST /documents,200,OK,Create Document - carga 1-12,text,true,,259,1113,12,12,102,0,0
1789337885965,110,POST /documents,200,OK,Create Document - carga 1-2,text,true,,259,1113,12,12,110,0,0
1789337885988,106,POST /documents,200,OK,Create Document - carga 1-5,text,true,,259,1113,12,12,106,0,0
1789337885996,101,POST /documents,200,OK,Create Document - carga 1-8,text,true,,259,1113,12,12,101,0,0
1789337885993,110,POST /documents,200,OK,Create Document - carga 1-11,text,true,,259,1113,12,12,110,0,0
1789337885993,111,POST /documents,200,OK,Create Document - carga 1-10,text,true,,259,1113,12,12,111,0,0
1789337886001,118,POST /documents,200,OK,Create Document - carga 1-1,text,true,,259,1113,12,12,118,0,0
1789337886045,144,POST /documents,200,OK,Create Document - carga 1-7,text,true,,259,1113,12,12,144,0,0
1789337886062,134,POST /documents,200,OK,Create Document - carga 1-4,text,true,,259,1113,12,12,134,0,0
1789337886095,101,POST /documents,200,OK,Create Document - carga 1-6,text,true,,259,1113,12,12,101,0,0
1789337886061,140,POST /documents,200,OK,Create Document - carga 1-9,text,true,,259,1113,12,12,140,0,0
1789337886108,109,POST /documents,200,OK,Create Document - carga 1-12,text,true,,259,1113,12,12,105,0,0
1789337886118,103,POST /documents,200,OK,Create Document - carga 1-3,text,true,,259,1113,12,12,103,0,0
1789337886126,103,POST /documents,200,OK,Create Document - carga 1-8,text,true,,259,1113,12,12,103,0,0
1789337886123,106,POST /documents,200,OK,Create Document - carga 1-5,text,true,,259,1113,12,12,106,0,0
1789337886175,127,POST /documents,200,OK,Create Document - carga 1-2,text,true,,259,1113,13,13,127,0,0
1789337886162,140,POST /documents,200,OK,Create Document - carga 1-10,text,true,,259,1113,13,13,140,0,0
1789337886187,116,POST /documents,200,OK,Create Document - carga 1-1,text,true,,259,1113,13,13,116,0,0
1789337886201,104,POST /documents,200,OK,Create Document - carga 1-11,text,true,,259,1113,13,13,104,0,0
1789337886210,107,POST /documents,200,OK,Create Document - carga 1-6,text,true,,259,1113,13,13,107,0,0
1789337886255,107,POST /documents,200,OK,Create Document - carga 1-9,text,true,,259,1113,13,13,107,0,0
1789337886257,132,POST /documents,200,OK,Create Document - carga 1-12,text,true,,259,1113,13,13,132,0,0
1789337886237,153,POST /documents,200,OK,Create Document - carga 1-7,text,true,,259,1113,13,13,153,0,0
1789337886286,105,POST /documents,200,OK,Create Document - carga 1-4,text,true,,259,1113,13,13,105,0,0
1789337886290,106,POST /documents,200,OK,Create Document - carga 1-5,text,true,,259,1113,13,13,106,0,0
1789337886309,113,POST /documents,200,OK,Create Document - carga 1-10,text,true,,259,1113,13,13,113,0,0
1789337886307,115,POST /documents,200,OK,Create Document - carga 1-2,text,true,,259,1113,13,13,115,0,0
1789337886308,115,POST /documents,200,OK,Create Document - carga 1-1,text,true,,259,1113,13,13,115,0,0
1789337886369,107,POST /documents,200,OK,Create Document - carga 1-11,text,true,,259,1113,13,13,107,0,0
1789337886308,176,POST /documents,200,OK,Create Document - carga 1-8,text,true,,259,1113,13,13,176,0,0
1789337886321,169,POST /documents,200,OK,Create Document - carga 1-3,text,true,,259,1113,13,13,169,0,0
1789337886333,157,POST /documents,200,OK,Create Document - carga 1-6,text,true,,259,1113,13,13,157,0,0
1789337886412,112,POST /documents,200,OK,Create Document - carga 1-9,text,true,,259,1113,13,13,112,0,0
1789337886455,109,POST /documents,200,OK,Create Document - carga 1-7,text,true,,259,1113,13,13,109,0,0
1789337886472,101,POST /documents,200,OK,Create Document - carga 1-12,text,true,,259,1113,13,13,101,0,0
1789337886434,151,POST /documents,200,OK,Create Document - carga 1-5,text,true,,259,1113,13,13,151,0,0
1789337886459,131,POST /documents,200,OK,Create Document - carga 1-4,text,true,,259,1113,13,13,131,0,0
1789337886457,133,POST /documents,200,OK,Create Document - carga 1-2,text,true,,259,1113,13,13,133,0,0
1789337886279,312,POST /documents,200,OK,Create Document - carga 1-13,text,true,,259,1113,13,13,312,0,199
1789337886487,108,POST /documents,200,OK,Create Document - carga 1-11,text,true,,259,1113,13,13,108,0,0
1789337886506,105,POST /documents,200,OK,Create Document - carga 1-10,text,true,,259,1113,13,13,104,0,0
1789337886512,104,POST /documents,200,OK,Create Document - carga 1-6,text,true,,259,1113,13,13,104,0,0
1789337886505,118,POST /documents,200,OK,Create Document - carga 1-1,text,true,,259,1113,13,13,118,0,0
1789337886528,102,POST /documents,200,OK,Create Document - carga 1-8,text,true,,259,1113,13,13,102,0,0
1789337886541,103,POST /documents,200,OK,Create Document - carga 1-3,text,true,,259,1113,13,13,103,0,0
1789337886548,107,POST /documents,200,OK,Create Document - carga 1-9,text,true,,259,1113,13,13,107,0,0
1789337886600,111,POST /documents,200,OK,Create Document - carga 1-4,text,true,,259,1113,13,13,110,0,0
1789337886618,109,POST /documents,200,OK,Create Document - carga 1-2,text,true,,259,1113,13,13,109,0,0
1789337886618,109,POST /documents,200,OK,Create Document - carga 1-13,text,true,,259,1113,13,13,109,0,0
1789337886643,105,POST /documents,200,OK,Create Document - carga 1-6,text,true,,259,1113,13,13,105,0,0
1789337886651,102,POST /documents,200,OK,Create Document - carga 1-12,text,true,,259,1113,13,13,102,0,0
1789337886662,104,POST /documents,200,OK,Create Document - carga 1-7,text,true,,259,1113,13,13,104,0,0
1789337886664,106,POST /documents,200,OK,Create Document - carga 1-5,text,true,,259,1113,13,13,106,0,0
1789337886674,104,POST /documents,200,OK,Create Document - carga 1-10,text,true,,259,1113,13,13,104,0,0
1789337886688,107,POST /documents,200,OK,Create Document - carga 1-11,text,true,,259,1113,13,13,107,0,0
1789337886694,103,POST /documents,200,OK,Create Document - carga 1-3,text,true,,259,1113,13,13,103,0,0
1789337886714,101,POST /documents,200,OK,Create Document - carga 1-8,text,true,,259,1113,13,13,101,0,0
1789337886719,114,POST /documents,200,OK,Create Document - carga 1-1,text,true,,259,1113,13,13,114,0,0
1789337886745,105,POST /documents,200,OK,Create Document - carga 1-2,text,true,,259,1113,13,13,105,0,0
1789337886750,102,POST /documents,200,OK,Create Document - carga 1-9,text,true,,259,1113,13,13,102,0,0
1789337886784,106,POST /documents,200,OK,Create Document - carga 1-10,text,true,,259,1113,13,13,106,0,0
1789337886783,110,POST /documents,200,OK,Create Document - carga 1-12,text,true,,259,1113,13,13,110,0,0
1789337886799,108,POST /documents,200,OK,Create Document - carga 1-4,text,true,,259,1113,13,13,108,0,0
1789337886814,107,POST /documents,200,OK,Create Document - carga 1-13,text,true,,259,1113,13,13,107,0,0
1789337886822,108,POST /documents,200,OK,Create Document - carga 1-6,text,true,,259,1113,13,13,108,0,0
1789337886832,101,POST /documents,200,OK,Create Document - carga 1-8,text,true,,259,1113,13,13,101,0,0
1789337886841,104,POST /documents,200,OK,Create Document - carga 1-5,text,true,,259,1113,13,13,104,0,0
1789337886858,106,POST /documents,200,OK,Create Document - carga 1-7,text,true,,259,1113,13,13,106,0,0
1789337886858,111,POST /documents,200,OK,Create Document - carga 1-9,text,true,,259,1113,13,13,111,0,0
1789337886879,110,POST /documents,200,OK,Create Document - carga 1-3,text,true,,259,1113,13,13,110,0,0
1789337886890,111,POST /documents,200,OK,Create Document - carga 1-11,text,true,,259,1113,13,13,111,0,0
1789337886904,100,POST /documents,200,OK,Create Document - carga 1-10,text,true,,259,1113,13,13,100,0,0
1789337886909,103,POST /documents,200,OK,Create Document - carga 1-12,text,true,,259,1113,13,13,103,0,0
1789337886908,105,POST /documents,200,OK,Create Document - carga 1-2,text,true,,259,1113,13,13,105,0,0
1789337886913,104,POST /documents,200,OK,Create Document - carga 1-4,text,true,,259,1113,13,13,104,0,0
1789337886931,115,POST /documents,200,OK,Create Document - carga 1-1,text,true,,259,1113,13,13,115,0,0
1789337886972,107,POST /documents,200,OK,Create Document - carga 1-5,text,true,,259,1113,13,13,107,0,0
1789337886980,101,POST /documents,200,OK,Create Document - carga 1-6,text,true,,259,1113,13,13,101,0,0
1789337887000,104,POST /documents,200,OK,Create Document - carga 1-8,text,true,,259,1113,13,13,104,0,0
1789337887008,106,POST /documents,200,OK,Create Document - carga 1-3,text,true,,259,1113,13,13,106,0,0
1789337887019,105,POST /documents,200,OK,Create Document - carga 1-13,text,true,,259,1113,13,13,104,0,0
1789337887032,117,POST /documents,200,OK,Create Document - carga 1-9,text,true,,259,1113,13,13,117,0,0
1789337887071,117,POST /documents,200,OK,Create Document - carga 1-4,text,true,,259,1113,13,13,117,0,0
1789337887059,129,POST /documents,200,OK,Create Document - carga 1-7,text,true,,259,1113,13,13,129,0,0
1789337887075,114,POST /documents,200,OK,Create Document - carga 1-2,text,true,,259,1113,13,13,114,0,0
1789337887070,119,POST /documents,200,OK,Create Document - carga 1-11,text,true,,259,1113,13,13,119,0,0
1789337887088,103,POST /documents,200,OK,Create Document - carga 1-10,text,true,,259,1113,13,13,103,0,0
1789337887110,112,POST /documents,200,OK,Create Document - carga 1-12,text,true,,259,1113,13,13,111,0,0
1789337887101,123,POST /documents,200,OK,Create Document - carga 1-1,text,true,,259,1113,13,13,123,0,0
1789337887155,104,POST /documents,200,OK,Create Document - carga 1-5,text,true,,259,1113,13,13,104,0,0
1789337887162,100,POST /documents,200,OK,Create Document - carga 1-8,text,true,,259,1113,13,13,100,0,0
1789337887166,104,POST /documents,200,OK,Create Document - carga 1-6,text,true,,259,1113,13,13,104,0,0
1789337887180,104,POST /documents,200,OK,Create Document - carga 1-3,text,true,,259,1113,13,13,104,0,0
1789337887191,101,POST /documents,200,OK,Create Document - carga 1-7,text,true,,259,1113,13,13,101,0,0
1789337887191,104,POST /documents,200,OK,Create Document - carga 1-9,text,true,,259,1113,13,13,104,0,0
1789337887202,101,POST /documents,200,OK,Create Document - carga 1-10,text,true,,259,1113,13,13,101,0,0
1789337887204,103,POST /documents,200,OK,Create Document - carga 1-13,text,true,,259,1113,13,13,102,0,0
1789337887237,107,POST /documents,200,OK,Create Document - carga 1-11,text,true,,259,1113,13,13,107,0,0
1789337887234,110,POST /documents,200,OK,Create Document - carga 1-2,text,true,,259,1113,13,13,110,0,0
1789337887243,113,POST /documents,200,OK,Create Document - carga 1-1,text,true,,259,1113,13,13,113,0,0
1789337887267,110,POST /documents,200,OK,Create Document - carga 1-12,text,true,,259,1113,13,13,110,0,0
1789337887271,108,POST /documents,200,OK,Create Document - carga 1-4,text,true,,259,1113,13,13,108,0,0
1789337887286,101,POST /documents,200,OK,Create Document - carga 1-8,text,true,,259,1113,13,13,101,0,0
1789337887292,102,POST /documents,200,OK,Create Document - carga 1-3,text,true,,259,1113,13,13,102,0,0
1789337887305,101,POST /documents,200,OK,Create Document - carga 1-10,text,true,,259,1113,13,13,101,0,0
1789337887327,106,POST /documents,200,OK,Create Document - carga 1-5,text,true,,259,1113,13,13,106,0,0
1789337887348,103,POST /documents,200,OK,Create Document - carga 1-7,text,true,,259,1113,13,13,103,0,0
1789337887354,103,POST /documents,200,OK,Create Document - carga 1-6,text,true,,259,1113,13,13,103,0,0
1789337887361,103,POST /documents,200,OK,Create Document - carga 1-13,text,true,,259,1113,13,13,103,0,0
1789337887359,107,POST /documents,200,OK,Create Document - carga 1-9,text,true,,259,1113,13,13,107,0,0
1789337887386,101,POST /documents,200,OK,Create Document - carga 1-12,text,true,,259,1113,13,13,101,0,0
1789337887394,103,POST /documents,200,OK,Create Document - carga 1-2,text,true,,259,1113,13,13,103,0,0
1789337887413,103,POST /documents,200,OK,Create Document - carga 1-4,text,true,,259,1113,13,13,103,0,0
1789337887419,100,POST /documents,200,OK,Create Document - carga 1-8,text,true,,259,1113,13,13,100,0,0
1789337887414,105,POST /documents,200,OK,Create Document - carga 1-11,text,true,,259,1113,13,13,105,0,0
1789337887419,102,POST /documents,200,OK,Create Document - carga 1-3,text,true,,259,1113,13,13,102,0,0
1789337887412,116,POST /documents,200,OK,Create Document - carga 1-1,text,true,,259,1113,13,13,116,0,0
1789337887455,106,POST /documents,200,OK,Create Document - carga 1-7,text,true,,259,1113,13,13,105,0,0
1789337887492,102,POST /documents,200,OK,Create Document - carga 1-6,text,true,,259,1113,13,13,101,0,0
1789337887495,108,POST /documents,200,OK,Create Document - carga 1-10,text,true,,259,1113,13,13,108,0,0
1789337887508,109,POST /documents,200,OK,Create Document - carga 1-9,text,true,,259,1113,13,13,109,0,0
1789337887517,103,POST /documents,200,OK,Create Document - carga 1-13,text,true,,259,1113,13,13,103,0,0
1789337887516,109,POST /documents,200,OK,Create Document - carga 1-5,text,true,,259,1113,13,13,109,0,0
1789337887534,106,POST /documents,200,OK,Create Document - carga 1-4,text,true,,259,1113,13,13,106,0,0
1789337887558,109,POST /documents,200,OK,Create Document - carga 1-3,text,true,,259,1113,13,13,108,0,0
1789337887563,167,POST /documents,200,OK,Create Document - carga 1-1,text,true,,259,1113,13,13,167,0,0
1789337887572,158,POST /documents,200,OK,Create Document - carga 1-2,text,true,,259,1113,13,13,158,0,0
1789337887583,147,POST /documents,200,OK,Create Document - carga 1-12,text,true,,259,1113,13,13,147,0,0
1789337887598,132,POST /documents,200,OK,Create Document - carga 1-8,text,true,,259,1113,13,13,132,0,0
1789337887607,123,POST /documents,200,OK,Create Document - carga 1-11,text,true,,259,1113,13,13,123,0,0
1789337887631,104,POST /documents,200,OK,Create Document - carga 1-6,text,true,,259,1113,13,13,104,0,0
1789337887639,109,POST /documents,200,OK,Create Document - carga 1-10,text,true,,259,1113,13,13,109,0,0
1789337887647,103,POST /documents,200,OK,Create Document - carga 1-7,text,true,,259,1113,13,13,103,0,0
1789337887712,150,POST /documents,200,OK,Create Document - carga 1-4,text,true,,259,1113,13,13,150,0,0
1789337887699,163,POST /documents,200,OK,Create Document - carga 1-9,text,true,,259,1113,13,13,162,0,0
1789337887681,181,POST /documents,200,OK,Create Document - carga 1-13,text,true,,259,1113,13,13,181,0,0
1789337887732,130,POST /documents,200,OK,Create Document - carga 1-12,text,true,,259,1113,13,13,130,0,0
1789337887735,127,POST /documents,200,OK,Create Document - carga 1-3,text,true,,259,1113,13,13,127,0,0
1789337887672,189,POST /documents,200,OK,Create Document - carga 1-5,text,true,,259,1113,13,13,189,0,0
1789337887759,112,POST /documents,200,OK,Create Document - carga 1-6,text,true,,259,1113,13,13,112,0,0
1789337887743,148,POST /documents,200,OK,Create Document - carga 1-2,text,true,,259,1113,13,13,148,0,0
1789337887771,122,POST /documents,200,OK,Create Document - carga 1-7,text,true,,259,1113,13,13,122,0,0
1789337887796,100,POST /documents,200,OK,Create Document - carga 1-8,text,true,,259,1113,13,13,100,0,0
1789337887812,115,POST /documents,200,OK,Create Document - carga 1-1,text,true,,259,1113,13,13,115,0,0
1789337887836,101,POST /documents,200,OK,Create Document - carga 1-10,text,true,,259,1113,13,13,101,0,0
1789337887868,105,POST /documents,200,OK,Create Document - carga 1-5,text,true,,259,1113,13,13,105,0,0
1789337887867,111,POST /documents,200,OK,Create Document - carga 1-9,text,true,,259,1113,13,13,111,0,0
1789337887820,161,POST /documents,200,OK,Create Document - carga 1-11,text,true,,259,1113,13,13,161,0,0
1789337887866,115,POST /documents,200,OK,Create Document - carga 1-3,text,true,,259,1113,13,13,115,0,0
1789337887910,185,POST /documents,200,OK,Create Document - carga 1-2,text,true,,259,1113,13,13,185,0,0
1789337887891,204,POST /documents,200,OK,Create Document - carga 1-13,text,true,,259,1113,13,13,204,0,0
1789337887911,184,POST /documents,200,OK,Create Document - carga 1-8,text,true,,259,1113,13,13,184,0,0
1789337887933,162,POST /documents,200,OK,Create Document - carga 1-12,text,true,,259,1113,13,13,162,0,0
1789337887938,157,POST /documents,200,OK,Create Document - carga 1-6,text,true,,259,1113,13,13,157,0,0
1789337887938,157,POST /documents,200,OK,Create Document - carga 1-10,text,true,,259,1113,13,13,157,0,0
1789337887961,135,POST /documents,200,OK,Create Document - carga 1-4,text,true,,259,1113,13,13,135,0,0
1789337887985,111,POST /documents,200,OK,Create Document - carga 1-3,text,true,,259,1113,13,13,111,0,0
1789337887979,139,POST /documents,200,OK,Create Document - carga 1-1,text,true,,259,1113,13,13,139,0,0
1789337887988,130,POST /documents,200,OK,Create Document - carga 1-7,text,true,,259,1113,13,13,129,0,0
1789337888030,107,POST /documents,200,OK,Create Document - carga 1-5,text,true,,259,1113,13,13,107,0,0
1789337888033,107,POST /documents,200,OK,Create Document - carga 1-9,text,true,,259,1113,13,13,107,0,0
1789337888063,112,POST /documents,200,OK,Create Document - carga 1-11,text,true,,259,1113,13,13,111,0,0
1789337888128,100,POST /documents,200,OK,Create Document - carga 1-7,text,true,,259,1113,13,13,100,0,0
1789337888123,107,POST /documents,200,OK,Create Document - carga 1-13,text,true,,259,1113,13,13,107,0,0
1789337888130,103,POST /documents,200,OK,Create Document - carga 1-10,text,true,,259,1113,13,13,103,0,0
1789337888143,100,POST /documents,200,OK,Create Document - carga 1-6,text,true,,259,1113,13,13,100,0,0
1789337888134,117,POST /documents,200,OK,Create Document - carga 1-1,text,true,,259,1113,13,13,117,0,0
1789337888159,110,POST /documents,200,OK,Create Document - carga 1-8,text,true,,259,1113,13,13,109,0,0
1789337888155,114,POST /documents,200,OK,Create Document - carga 1-3,text,true,,259,1113,13,13,114,0,0
1789337888156,118,POST /documents,200,OK,Create Document - carga 1-2,text,true,,259,1113,13,13,118,0,0
1789337888167,107,POST /documents,200,OK,Create Document - carga 1-4,text,true,,259,1113,13,13,107,0,0
1789337888182,103,POST /documents,200,OK,Create Document - carga 1-12,text,true,,259,1113,13,13,103,0,0
1789337888201,113,POST /documents,200,OK,Create Document - carga 1-11,text,true,,259,1113,13,13,113,0,0
1789337888213,114,POST /documents,200,OK,Create Document - carga 1-9,text,true,,259,1113,13,13,114,0,0
1789337888224,103,POST /documents,200,OK,Create Document - carga 1-5,text,true,,259,1113,13,13,103,0,0
1789337888271,107,POST /documents,200,OK,Create Document - carga 1-3,text,true,,259,1113,13,13,107,0,0
1789337888280,100,POST /documents,200,OK,Create Document - carga 1-6,text,true,,259,1113,13,13,100,0,0
1789337888281,104,POST /documents,200,OK,Create Document - carga 1-13,text,true,,259,1113,13,13,104,0,0
1789337888291,101,POST /documents,200,OK,Create Document - carga 1-8,text,true,,259,1113,13,13,101,0,0
1789337888304,102,POST /documents,200,OK,Create Document - carga 1-7,text,true,,259,1113,13,13,102,0,0
1789337888308,101,POST /documents,200,OK,Create Document - carga 1-2,text,true,,259,1113,13,13,101,0,0
1789337888324,106,POST /documents,200,OK,Create Document - carga 1-10,text,true,,259,1113,13,13,106,0,0
1789337888326,104,POST /documents,200,OK,Create Document - carga 1-12,text,true,,259,1113,13,13,104,0,0
1789337888320,117,POST /documents,200,OK,Create Document - carga 1-1,text,true,,259,1113,13,13,117,0,0
1789337888330,130,POST /documents,200,OK,Create Document - carga 1-4,text,true,,259,1113,13,13,130,0,0
1789337888364,103,POST /documents,200,OK,Create Document - carga 1-5,text,true,,259,1113,13,13,103,0,0
1789337888369,104,POST /documents,200,OK,Create Document - carga 1-9,text,true,,259,1113,13,13,104,0,0
1789337888386,103,POST /documents,200,OK,Create Document - carga 1-13,text,true,,259,1113,13,13,103,0,0
1789337888413,106,POST /documents,200,OK,Create Document - carga 1-11,text,true,,259,1113,13,13,106,0,0
1789337888460,109,POST /documents,200,OK,Create Document - carga 1-8,text,true,,259,1113,13,13,109,0,0
1789337888408,170,POST /documents,200,OK,Create Document - carga 1-6,text,true,,259,1113,13,13,170,0,0
1789337888425,154,POST /documents,200,OK,Create Document - carga 1-2,text,true,,259,1113,13,13,153,0,0
1789337888469,120,POST /documents,200,OK,Create Document - carga 1-3,text,true,,259,1113,13,13,120,0,0
1789337888460,130,POST /documents,200,OK,Create Document - carga 1-7,text,true,,259,1113,13,13,130,0,0
1789337888472,118,POST /documents,200,OK,Create Document - carga 1-4,text,true,,259,1113,13,13,118,0,0
1789337888445,144,POST /documents,200,OK,Create Document - carga 1-10,text,true,,259,1113,13,13,144,0,0
1789337888500,126,POST /documents,200,OK,Create Document - carga 1-12,text,true,,259,1113,13,13,126,0,0
1789337888492,134,POST /documents,200,OK,Create Document - carga 1-1,text,true,,259,1113,13,13,134,0,0
1789337888549,108,POST /documents,200,OK,Create Document - carga 1-5,text,true,,259,1113,13,13,108,0,0
1789337888562,125,POST /documents,200,OK,Create Document - carga 1-9,text,true,,259,1113,14,14,125,0,0
1789337888545,142,POST /documents,200,OK,Create Document - carga 1-11,text,true,,259,1113,14,14,142,0,0
1789337888537,150,POST /documents,200,OK,Create Document - carga 1-13,text,true,,259,1113,14,14,150,0,0
1789337888601,104,POST /documents,200,OK,Create Document - carga 1-10,text,true,,259,1113,14,14,103,0,0
1789337888611,107,POST /documents,200,OK,Create Document - carga 1-4,text,true,,259,1113,14,14,107,0,0
1789337888611,109,POST /documents,200,OK,Create Document - carga 1-2,text,true,,259,1113,14,14,109,0,0
1789337888626,102,POST /documents,200,OK,Create Document - carga 1-7,text,true,,259,1113,14,14,102,0,0
1789337888652,106,POST /documents,200,OK,Create Document - carga 1-8,text,true,,259,1113,14,14,106,0,0
1789337888647,117,POST /documents,200,OK,Create Document - carga 1-1,text,true,,259,1113,14,14,117,0,0
1789337888669,103,POST /documents,200,OK,Create Document - carga 1-6,text,true,,259,1113,14,14,103,0,0
1789337888683,108,POST /documents,200,OK,Create Document - carga 1-12,text,true,,259,1113,14,14,102,0,0
1789337888684,108,POST /documents,200,OK,Create Document - carga 1-3,text,true,,259,1113,14,14,108,0,0
1789337888700,135,POST /documents,200,OK,Create Document - carga 1-5,text,true,,259,1113,14,14,135,0,0
1789337888742,105,POST /documents,200,OK,Create Document - carga 1-10,text,true,,259,1113,14,14,105,0,0
1789337888754,115,POST /documents,200,OK,Create Document - carga 1-11,text,true,,259,1113,14,14,115,0,0
1789337888757,119,POST /documents,200,OK,Create Document - carga 1-7,text,true,,259,1113,14,14,119,0,0
1789337888760,120,POST /documents,200,OK,Create Document - carga 1-9,text,true,,259,1113,14,14,120,0,0
1789337888786,100,POST /documents,200,OK,Create Document - carga 1-8,text,true,,259,1113,14,14,100,0,0
1789337888766,120,POST /documents,200,OK,Create Document - carga 1-13,text,true,,259,1113,14,14,120,0,0
1789337888788,107,POST /documents,200,OK,Create Document - carga 1-4,text,true,,259,1113,14,14,106,0,0
1789337888796,103,POST /documents,200,OK,Create Document - carga 1-3,text,true,,259,1113,14,14,103,0,0
1789337888798,104,POST /documents,200,OK,Create Document - carga 1-12,text,true,,259,1113,14,14,104,0,0
1789337888792,113,POST /documents,200,OK,Create Document - carga 1-1,text,true,,259,1113,14,14,113,0,0
1789337888811,106,POST /documents,200,OK,Create Document - carga 1-2,text,true,,259,1113,14,14,106,0,0
1789337888867,104,POST /documents,200,OK,Create Document - carga 1-6,text,true,,259,1113,14,14,104,0,0
1789337888876,106,POST /documents,200,OK,Create Document - carga 1-11,text,true,,259,1113,14,14,106,0,0
1789337888890,105,POST /documents,200,OK,Create Document - carga 1-10,text,true,,259,1113,14,14,105,0,0
1789337888689,307,POST /documents,200,OK,Create Document - carga 1-14,text,true,,259,1113,14,14,307,0,198
1789337888897,104,POST /documents,200,OK,Create Document - carga 1-8,text,true,,259,1113,14,14,104,0,0
1789337888898,104,POST /documents,200,OK,Create Document - carga 1-7,text,true,,259,1113,14,14,104,0,0
1789337888931,138,POST /documents,200,OK,Create Document - carga 1-4,text,true,,259,1113,14,14,138,0,0
1789337888926,143,POST /documents,200,OK,Create Document - carga 1-12,text,true,,259,1113,14,14,143,0,0
1789337888918,151,POST /documents,200,OK,Create Document - carga 1-5,text,true,,259,1113,14,14,151,0,0
1789337888919,150,POST /documents,200,OK,Create Document - carga 1-9,text,true,,259,1113,14,14,150,0,0
1789337888949,121,POST /documents,200,OK,Create Document - carga 1-3,text,true,,259,1113,14,14,121,0,0
1789337888954,116,POST /documents,200,OK,Create Document - carga 1-1,text,true,,259,1113,14,14,116,0,0
1789337888970,111,POST /documents,200,OK,Create Document - carga 1-13,text,true,,259,1113,14,14,111,0,0
1789337889002,104,POST /documents,200,OK,Create Document - carga 1-2,text,true,,259,1113,14,14,104,0,0
1789337888999,113,POST /documents,200,OK,Create Document - carga 1-6,text,true,,259,1113,14,14,113,0,0
1789337889026,106,POST /documents,200,OK,Create Document - carga 1-7,text,true,,259,1113,14,14,106,0,0
1789337889014,118,POST /documents,200,OK,Create Document - carga 1-11,text,true,,259,1113,14,14,118,0,0
1789337889040,101,POST /documents,200,OK,Create Document - carga 1-8,text,true,,259,1113,14,14,101,0,0
1789337889070,106,POST /documents,200,OK,Create Document - carga 1-9,text,true,,259,1113,14,14,106,0,0
1789337889072,118,POST /documents,200,OK,Create Document - carga 1-10,text,true,,259,1113,14,14,118,0,0
1789337889071,119,POST /documents,200,OK,Create Document - carga 1-14,text,true,,259,1113,14,14,119,0,0
1789337889098,104,POST /documents,200,OK,Create Document - carga 1-12,text,true,,259,1113,14,14,104,0,0
1789337889117,140,POST /documents,200,OK,Create Document - carga 1-2,text,true,,259,1113,14,14,140,0,0
1789337889142,116,POST /documents,200,OK,Create Document - carga 1-13,text,true,,259,1113,14,14,116,0,0
1789337889143,116,POST /documents,200,OK,Create Document - carga 1-1,text,true,,259,1113,14,14,116,0,0
1789337889159,101,POST /documents,200,OK,Create Document - carga 1-7,text,true,,259,1113,14,14,101,0,0
1789337889158,104,POST /documents,200,OK,Create Document - carga 1-5,text,true,,259,1113,14,14,104,0,0
1789337889164,101,POST /documents,200,OK,Create Document - carga 1-3,text,true,,259,1113,14,14,101,0,0
1789337889165,113,POST /documents,200,OK,Create Document - carga 1-4,text,true,,259,1113,14,14,113,0,0
1789337889203,104,POST /documents,200,OK,Create Document - carga 1-11,text,true,,259,1113,14,14,104,0,0
1789337889211,100,POST /documents,200,OK,Create Document - carga 1-8,text,true,,259,1113,14,14,99,0,0
1789337889209,104,POST /documents,200,OK,Create Document - carga 1-6,text,true,,259,1113,14,14,104,0,0
1789337889243,103,POST /documents,200,OK,Create Document - carga 1-12,text,true,,259,1113,14,14,103,0,0
1789337889238,113,POST /documents,200,OK,Create Document - carga 1-9,text,true,,259,1113,14,14,113,0,0
1789337889254,111,POST /documents,200,OK,Create Document - carga 1-10,text,true,,259,1113,14,14,111,0,0
1789337889259,107,POST /documents,200,OK,Create Document - carga 1-14,text,true,,259,1113,14,14,107,0,0
1789337889267,109,POST /documents,200,OK,Create Document - carga 1-2,text,true,,259,1113,14,14,109,0,0
1789337889285,106,POST /documents,200,OK,Create Document - carga 1-3,text,true,,259,1113,14,14,105,0,0
1789337889293,114,POST /documents,200,OK,Create Document - carga 1-4,text,true,,259,1113,14,14,114,0,0
1789337889321,102,POST /documents,200,OK,Create Document - carga 1-6,text,true,,259,1113,14,14,102,0,0
1789337889326,105,POST /documents,200,OK,Create Document - carga 1-7,text,true,,259,1113,14,14,105,0,0
1789337889335,103,POST /documents,200,OK,Create Document - carga 1-8,text,true,,259,1113,14,14,103,0,0
1789337889354,102,POST /documents,200,OK,Create Document - carga 1-13,text,true,,259,1113,14,14,102,0,0
1789337889347,113,POST /documents,200,OK,Create Document - carga 1-1,text,true,,259,1113,14,14,113,0,0
1789337889361,105,POST /documents,200,OK,Create Document - carga 1-5,text,true,,259,1113,14,14,105,0,0
1789337889374,104,POST /documents,200,OK,Create Document - carga 1-11,text,true,,259,1113,14,14,104,0,0
1789337889389,107,POST /documents,200,OK,Create Document - carga 1-14,text,true,,259,1113,14,14,107,0,0
1789337889396,117,POST /documents,200,OK,Create Document - carga 1-3,text,true,,259,1113,14,14,117,0,0
1789337889409,115,POST /documents,200,OK,Create Document - carga 1-4,text,true,,259,1113,14,14,115,0,0
1789337889433,309,POST /documents,200,OK,Create Document - carga 1-12,text,true,,259,1113,14,14,309,0,0
1789337889497,245,POST /documents,200,OK,Create Document - carga 1-13,text,true,,259,1113,14,14,245,0,0
1789337889521,221,POST /documents,200,OK,Create Document - carga 1-5,text,true,,259,1113,14,14,221,0,0
1789337889471,271,POST /documents,200,OK,Create Document - carga 1-2,text,true,,259,1113,14,14,271,0,0
1789337889537,205,POST /documents,200,OK,Create Document - carga 1-4,text,true,,259,1113,14,14,205,0,0
1789337889548,195,POST /documents,200,OK,Create Document - carga 1-11,text,true,,259,1113,14,14,195,0,0
1789337889446,296,POST /documents,200,OK,Create Document - carga 1-10,text,true,,259,1113,14,14,296,0,0
1789337889529,213,POST /documents,200,OK,Create Document - carga 1-1,text,true,,259,1113,14,14,213,0,0
1789337889473,270,POST /documents,200,OK,Create Document - carga 1-6,text,true,,259,1113,14,14,270,0,0
1789337889449,294,POST /documents,200,OK,Create Document - carga 1-9,text,true,,259,1113,14,14,294,0,0
1789337889597,146,POST /documents,200,OK,Create Document - carga 1-3,text,true,,259,1113,14,14,146,0,0
1789337889508,235,POST /documents,200,OK,Create Document - carga 1-8,text,true,,259,1113,14,14,235,0,0
1789337889573,170,POST /documents,200,OK,Create Document - carga 1-14,text,true,,259,1113,14,14,170,0,0
1789337889526,217,POST /documents,200,OK,Create Document - carga 1-7,text,true,,259,1113,14,14,217,0,0
1789337889743,136,POST /documents,200,OK,Create Document - carga 1-10,text,true,,259,1113,14,14,136,0,0
1789337889784,125,POST /documents,200,OK,Create Document - carga 1-4,text,true,,259,1113,14,14,125,0,0
1789337889771,138,POST /documents,200,OK,Create Document - carga 1-8,text,true,,259,1113,14,14,138,0,0
1789337889789,121,POST /documents,200,OK,Create Document - carga 1-2,text,true,,259,1113,14,14,121,0,0
1789337889792,118,POST /documents,200,OK,Create Document - carga 1-14,text,true,,259,1113,14,14,118,0,0
1789337889791,118,POST /documents,200,OK,Create Document - carga 1-3,text,true,,259,1113,14,14,118,0,0
1789337889780,129,POST /documents,200,OK,Create Document - carga 1-11,text,true,,259,1113,14,14,129,0,0
1789337889802,108,POST /documents,200,OK,Create Document - carga 1-6,text,true,,259,1113,14,14,108,0,0
1789337889805,108,POST /documents,200,OK,Create Document - carga 1-13,text,true,,259,1113,14,14,108,0,0
1789337889811,104,POST /documents,200,OK,Create Document - carga 1-12,text,true,,259,1113,14,14,104,0,0
1789337889820,105,POST /documents,200,OK,Create Document - carga 1-9,text,true,,259,1113,14,14,105,0,0
1789337889835,103,POST /documents,200,OK,Create Document - carga 1-5,text,true,,259,1113,14,14,102,0,0
1789337889828,166,POST /documents,200,OK,Create Document - carga 1-1,text,true,,259,1113,14,14,166,0,0
1789337889828,166,POST /documents,200,OK,Create Document - carga 1-7,text,true,,259,1113,14,14,166,0,0
1789337889914,104,POST /documents,200,OK,Create Document - carga 1-2,text,true,,259,1113,14,14,103,0,0
1789337889915,103,POST /documents,200,OK,Create Document - carga 1-10,text,true,,259,1113,14,14,102,0,0
1789337889932,104,POST /documents,200,OK,Create Document - carga 1-4,text,true,,259,1113,14,14,104,0,0
1789337889937,99,POST /documents,200,OK,Create Document - carga 1-3,text,true,,259,1113,14,14,99,0,0
1789337889931,107,POST /documents,200,OK,Create Document - carga 1-9,text,true,,259,1113,14,14,107,0,0
1789337889937,103,POST /documents,200,OK,Create Document - carga 1-11,text,true,,259,1113,14,14,103,0,0
1789337889943,101,POST /documents,200,OK,Create Document - carga 1-8,text,true,,259,1113,14,14,101,0,0
1789337889947,146,POST /documents,200,OK,Create Document - carga 1-14,text,true,,259,1113,14,14,146,0,0
1789337889945,148,POST /documents,200,OK,Create Document - carga 1-12,text,true,,259,1113,14,14,148,0,0
1789337889948,145,POST /documents,200,OK,Create Document - carga 1-13,text,true,,259,1113,14,14,145,0,0
1789337889986,123,POST /documents,200,OK,Create Document - carga 1-6,text,true,,259,1113,14,14,123,0,0
1789337889971,138,POST /documents,200,OK,Create Document - carga 1-5,text,true,,259,1113,14,14,138,0,0
1789337890035,106,POST /documents,200,OK,Create Document - carga 1-10,text,true,,259,1113,14,14,106,0,0
1789337890035,106,POST /documents,200,OK,Create Document - carga 1-7,text,true,,259,1113,14,14,106,0,0
1789337890071,113,POST /documents,200,OK,Create Document - carga 1-11,text,true,,259,1113,14,14,113,0,0
1789337890078,106,POST /documents,200,OK,Create Document - carga 1-2,text,true,,259,1113,14,14,106,0,0
1789337890082,117,POST /documents,200,OK,Create Document - carga 1-1,text,true,,259,1113,14,14,117,0,0
1789337890120,105,POST /documents,200,OK,Create Document - carga 1-4,text,true,,259,1113,14,14,105,0,0
1789337890123,106,POST /documents,200,OK,Create Document - carga 1-9,text,true,,259,1113,14,14,106,0,0
1789337890120,109,POST /documents,200,OK,Create Document - carga 1-3,text,true,,259,1113,14,14,109,0,0
1789337890131,100,POST /documents,200,OK,Create Document - carga 1-8,text,true,,259,1113,14,14,100,0,0
1789337890134,100,POST /documents,200,OK,Create Document - carga 1-6,text,true,,259,1113,14,14,100,0,0
1789337890143,102,POST /documents,200,OK,Create Document - carga 1-13,text,true,,259,1113,14,14,102,0,0
1789337890183,118,POST /documents,200,OK,Create Document - carga 1-12,text,true,,259,1113,14,14,118,0,0
1789337890190,111,POST /documents,200,OK,Create Document - carga 1-14,text,true,,259,1113,14,14,111,0,0
1789337890187,114,POST /documents,200,OK,Create Document - carga 1-10,text,true,,259,1113,14,14,114,0,0
1789337890193,109,POST /documents,200,OK,Create Document - carga 1-5,text,true,,259,1113,14,14,109,0,0
1789337890200,121,POST /documents,200,OK,Create Document - carga 1-11,text,true,,259,1113,14,14,121,0,0
1789337890239,104,POST /documents,200,OK,Create Document - carga 1-7,text,true,,259,1113,14,14,104,0,0
1789337890244,101,POST /documents,200,OK,Create Document - carga 1-3,text,true,,259,1113,14,14,101,0,0
1789337890254,111,POST /documents,200,OK,Create Document - carga 1-4,text,true,,259,1113,14,14,111,0,0
1789337890265,112,POST /documents,200,OK,Create Document - carga 1-1,text,true,,259,1113,14,14,111,0,0
1789337890280,101,POST /documents,200,OK,Create Document - carga 1-2,text,true,,259,1113,14,14,101,0,0
1789337890286,108,POST /documents,200,OK,Create Document - carga 1-6,text,true,,259,1113,14,14,108,0,0
1789337890312,107,POST /documents,200,OK,Create Document - carga 1-13,text,true,,259,1113,14,14,106,0,0
1789337890275,152,POST /documents,200,OK,Create Document - carga 1-8,text,true,,259,1113,14,14,152,0,0
1789337890329,107,POST /documents,200,OK,Create Document - carga 1-9,text,true,,259,1113,14,14,107,0,0
1789337890305,131,POST /documents,200,OK,Create Document - carga 1-12,text,true,,259,1113,14,14,131,0,0
1789337890328,110,POST /documents,200,OK,Create Document - carga 1-11,text,true,,259,1113,14,14,110,0,0
1789337890329,118,POST /documents,200,OK,Create Document - carga 1-5,text,true,,259,1113,14,14,113,0,0
1789337890353,102,POST /documents,200,OK,Create Document - carga 1-3,text,true,,259,1113,14,14,101,0,0
1789337890372,134,POST /documents,200,OK,Create Document - carga 1-4,text,true,,259,1113,14,14,134,0,0
1789337890362,144,POST /documents,200,OK,Create Document - carga 1-7,text,true,,259,1113,14,14,144,0,0
1789337890401,106,POST /documents,200,OK,Create Document - carga 1-2,text,true,,259,1113,14,14,106,0,0
1789337890379,127,POST /documents,200,OK,Create Document - carga 1-10,text,true,,259,1113,14,14,127,0,0
1789337890394,139,POST /documents,200,OK,Create Document - carga 1-14,text,true,,259,1113,14,14,139,0,0
1789337890444,120,POST /documents,200,OK,Create Document - carga 1-1,text,true,,259,1113,14,14,120,0,0
1789337890478,126,POST /documents,200,OK,Create Document - carga 1-12,text,true,,259,1113,14,14,126,0,0
1789337890473,131,POST /documents,200,OK,Create Document - carga 1-11,text,true,,259,1113,14,14,131,0,0
1789337890471,133,POST /documents,200,OK,Create Document - carga 1-6,text,true,,259,1113,14,14,133,0,0
1789337890482,122,POST /documents,200,OK,Create Document - carga 1-3,text,true,,259,1113,14,14,122,0,0
1789337890502,122,POST /documents,200,OK,Create Document - carga 1-13,text,true,,259,1113,14,14,121,0,0
1789337890493,131,POST /documents,200,OK,Create Document - carga 1-9,text,true,,259,1113,14,14,131,0,0
1789337890514,110,POST /documents,200,OK,Create Document - carga 1-10,text,true,,259,1113,14,14,110,0,0
1789337890535,102,POST /documents,200,OK,Create Document - carga 1-7,text,true,,259,1113,14,14,102,0,0
1789337890536,106,POST /documents,200,OK,Create Document - carga 1-14,text,true,,259,1113,14,14,106,0,0
1789337890512,148,POST /documents,200,OK,Create Document - carga 1-8,text,true,,259,1113,14,14,148,0,0
1789337890517,181,POST /documents,200,OK,Create Document - carga 1-5,text,true,,259,1113,14,14,181,0,0
1789337890587,133,POST /documents,200,OK,Create Document - carga 1-4,text,true,,259,1113,14,14,133,0,0
1789337890576,144,POST /documents,200,OK,Create Document - carga 1-2,text,true,,259,1113,14,14,144,0,0
1789337890637,103,POST /documents,200,OK,Create Document - carga 1-6,text,true,,259,1113,14,14,103,0,0
1789337890638,104,POST /documents,200,OK,Create Document - carga 1-9,text,true,,259,1113,14,14,104,0,0
1789337890657,106,POST /documents,200,OK,Create Document - carga 1-13,text,true,,259,1113,14,14,106,0,0
1789337890663,146,POST /documents,200,OK,Create Document - carga 1-10,text,true,,259,1113,14,14,146,0,0
1789337890655,154,POST /documents,200,OK,Create Document - carga 1-1,text,true,,259,1113,14,14,154,0,0
1789337890690,119,POST /documents,200,OK,Create Document - carga 1-12,text,true,,259,1113,14,14,119,0,0
1789337890627,182,POST /documents,200,OK,Create Document - carga 1-11,text,true,,259,1113,14,14,182,0,0
1789337890701,108,POST /documents,200,OK,Create Document - carga 1-3,text,true,,259,1113,14,14,108,0,0
1789337890713,111,POST /documents,200,OK,Create Document - carga 1-7,text,true,,259,1113,14,14,111,0,0
1789337890749,100,POST /documents,200,OK,Create Document - carga 1-8,text,true,,259,1113,14,14,100,0,0
1789337890742,107,POST /documents,200,OK,Create Document - carga 1-14,text,true,,259,1113,14,14,107,0,0
1789337890746,110,POST /documents,200,OK,Create Document - carga 1-4,text,true,,259,1113,14,14,110,0,0
1789337890785,182,POST /documents,200,OK,Create Document - carga 1-9,text,true,,259,1113,14,14,182,0,0
1789337890767,200,POST /documents,200,OK,Create Document - carga 1-13,text,true,,259,1113,14,14,200,0,0
1789337890813,154,POST /documents,200,OK,Create Document - carga 1-2,text,true,,259,1113,14,14,154,0,0
1789337890775,192,POST /documents,200,OK,Create Document - carga 1-5,text,true,,259,1113,14,14,192,0,0
1789337890813,154,POST /documents,200,OK,Create Document - carga 1-10,text,true,,259,1113,14,14,154,0,0
1789337890817,150,POST /documents,200,OK,Create Document - carga 1-3,text,true,,259,1113,14,14,150,0,0
1789337890830,138,POST /documents,200,OK,Create Document - carga 1-6,text,true,,259,1113,14,14,138,0,0
1789337890822,146,POST /documents,200,OK,Create Document - carga 1-12,text,true,,259,1113,14,14,146,0,0
1789337890830,138,POST /documents,200,OK,Create Document - carga 1-1,text,true,,259,1113,14,14,138,0,0
1789337890864,106,POST /documents,200,OK,Create Document - carga 1-14,text,true,,259,1113,14,14,106,0,0
1789337890876,104,POST /documents,200,OK,Create Document - carga 1-11,text,true,,259,1113,14,14,104,0,0
1789337890881,126,POST /documents,200,OK,Create Document - carga 1-8,text,true,,259,1113,14,14,125,0,0
1789337890889,118,POST /documents,200,OK,Create Document - carga 1-7,text,true,,259,1113,14,14,117,0,0
1789337890910,104,POST /documents,200,OK,Create Document - carga 1-4,text,true,,259,1113,14,14,104,0,0
1789337890974,107,POST /documents,200,OK,Create Document - carga 1-9,text,true,,259,1113,15,15,107,0,0
1789337890976,118,POST /documents,200,OK,Create Document - carga 1-1,text,true,,259,1113,15,15,118,0,0
1789337890997,107,POST /documents,200,OK,Create Document - carga 1-3,text,true,,259,1113,15,15,107,0,0
1789337891000,105,POST /documents,200,OK,Create Document - carga 1-2,text,true,,259,1113,15,15,105,0,0
1789337891009,100,POST /documents,200,OK,Create Document - carga 1-6,text,true,,259,1113,15,15,100,0,0
1789337891005,104,POST /documents,200,OK,Create Document - carga 1-14,text,true,,259,1113,15,15,104,0,0
1789337891023,104,POST /documents,200,OK,Create Document - carga 1-12,text,true,,259,1113,15,15,104,0,0
1789337891024,104,POST /documents,200,OK,Create Document - carga 1-5,text,true,,259,1113,15,15,104,0,0
1789337891036,105,POST /documents,200,OK,Create Document - carga 1-10,text,true,,259,1113,15,15,105,0,0
1789337891045,105,POST /documents,200,OK,Create Document - carga 1-4,text,true,,259,1113,15,15,104,0,0
1789337891047,105,POST /documents,200,OK,Create Document - carga 1-11,text,true,,259,1113,15,15,105,0,0
1789337891067,109,POST /documents,200,OK,Create Document - carga 1-13,text,true,,259,1113,15,15,109,0,0
1789337891105,123,POST /documents,200,OK,Create Document - carga 1-1,text,true,,259,1113,15,15,123,0,0
1789337891102,126,POST /documents,200,OK,Create Document - carga 1-8,text,true,,259,1113,15,15,126,0,0
1789337891111,117,POST /documents,200,OK,Create Document - carga 1-9,text,true,,259,1113,15,15,117,0,0
1789337891106,122,POST /documents,200,OK,Create Document - carga 1-7,text,true,,259,1113,15,15,122,0,0
1789337891128,125,POST /documents,200,OK,Create Document - carga 1-3,text,true,,259,1113,15,15,125,0,0
1789337891142,111,POST /documents,200,OK,Create Document - carga 1-10,text,true,,259,1113,15,15,111,0,0
1789337891126,127,POST /documents,200,OK,Create Document - carga 1-14,text,true,,259,1113,15,15,127,0,0
1789337891130,123,POST /documents,200,OK,Create Document - carga 1-12,text,true,,259,1113,15,15,123,0,0
1789337891183,104,POST /documents,200,OK,Create Document - carga 1-6,text,true,,259,1113,15,15,104,0,0
1789337891185,107,POST /documents,200,OK,Create Document - carga 1-5,text,true,,259,1113,15,15,107,0,0
1789337891189,105,POST /documents,200,OK,Create Document - carga 1-2,text,true,,259,1113,15,15,104,0,0
1789337891190,136,POST /documents,200,OK,Create Document - carga 1-11,text,true,,259,1113,15,15,136,0,0
1789337891202,128,POST /documents,200,OK,Create Document - carga 1-13,text,true,,259,1113,15,15,128,0,0
1789337891237,207,POST /documents,200,OK,Create Document - carga 1-9,text,true,,259,1113,15,15,207,0,0
1789337891272,172,POST /documents,200,OK,Create Document - carga 1-10,text,true,,259,1113,15,15,172,0,0
1789337891243,201,POST /documents,200,OK,Create Document - carga 1-4,text,true,,259,1113,15,15,201,0,0
1789337891291,153,POST /documents,200,OK,Create Document - carga 1-6,text,true,,259,1113,15,15,153,0,0
1789337891259,198,POST /documents,200,OK,Create Document - carga 1-3,text,true,,259,1113,15,15,198,0,0
1789337891249,208,POST /documents,200,OK,Create Document - carga 1-1,text,true,,259,1113,15,15,208,0,0
1789337891293,164,POST /documents,200,OK,Create Document - carga 1-7,text,true,,259,1113,15,15,164,0,0
1789337891314,143,POST /documents,200,OK,Create Document - carga 1-12,text,true,,259,1113,15,15,143,0,0
1789337891118,340,POST /documents,200,OK,Create Document - carga 1-15,text,true,,259,1113,15,15,340,0,211
1789337891315,160,POST /documents,200,OK,Create Document - carga 1-8,text,true,,259,1113,15,15,160,0,0
1789337891357,121,POST /documents,200,OK,Create Document - carga 1-5,text,true,,259,1113,15,15,121,0,0
1789337891352,127,POST /documents,200,OK,Create Document - carga 1-14,text,true,,259,1113,15,15,127,0,0
1789337891373,108,POST /documents,200,OK,Create Document - carga 1-11,text,true,,259,1113,15,15,108,0,0
1789337891369,115,POST /documents,200,OK,Create Document - carga 1-13,text,true,,259,1113,15,15,115,0,0
1789337891381,141,POST /documents,200,OK,Create Document - carga 1-2,text,true,,259,1113,15,15,141,0,0
1789337891458,114,POST /documents,200,OK,Create Document - carga 1-12,text,true,,259,1113,15,15,113,0,0
1789337891472,100,POST /documents,200,OK,Create Document - carga 1-6,text,true,,259,1113,15,15,100,0,0
1789337891471,107,POST /documents,200,OK,Create Document - carga 1-4,text,true,,259,1113,15,15,107,0,0
1789337891487,153,POST /documents,200,OK,Create Document - carga 1-11,text,true,,259,1113,15,15,153,0,0
1789337891523,117,POST /documents,200,OK,Create Document - carga 1-7,text,true,,259,1113,15,15,117,0,0
1789337891487,153,POST /documents,200,OK,Create Document - carga 1-3,text,true,,259,1113,15,15,153,0,0
1789337891482,158,POST /documents,200,OK,Create Document - carga 1-8,text,true,,259,1113,15,15,158,0,0
1789337891496,144,POST /documents,200,OK,Create Document - carga 1-15,text,true,,259,1113,15,15,144,0,0
1789337891525,127,POST /documents,200,OK,Create Document - carga 1-10,text,true,,259,1113,15,15,127,0,0
1789337891543,111,POST /documents,200,OK,Create Document - carga 1-14,text,true,,259,1113,15,15,109,0,0
1789337891522,162,POST /documents,200,OK,Create Document - carga 1-13,text,true,,259,1113,15,15,162,0,0
1789337891537,148,POST /documents,200,OK,Create Document - carga 1-9,text,true,,259,1113,15,15,148,0,0
1789337891545,155,POST /documents,200,OK,Create Document - carga 1-1,text,true,,259,1113,15,15,155,0,0
1789337891616,118,POST /documents,200,OK,Create Document - carga 1-12,text,true,,259,1113,15,15,118,0,0
1789337891573,162,POST /documents,200,OK,Create Document - carga 1-5,text,true,,259,1113,15,15,162,0,0
1789337891610,126,POST /documents,200,OK,Create Document - carga 1-2,text,true,,259,1113,15,15,126,0,0
1789337891628,108,POST /documents,200,OK,Create Document - carga 1-6,text,true,,259,1113,15,15,108,0,0
1789337891651,131,POST /documents,200,OK,Create Document - carga 1-4,text,true,,259,1113,15,15,131,0,0
1789337891683,105,POST /documents,200,OK,Create Document - carga 1-7,text,true,,259,1113,15,15,105,0,0
1789337891690,151,POST /documents,200,OK,Create Document - carga 1-13,text,true,,259,1113,15,15,151,0,0
1789337891713,128,POST /documents,200,OK,Create Document - carga 1-3,text,true,,259,1113,15,15,128,0,0
1789337891698,143,POST /documents,200,OK,Create Document - carga 1-8,text,true,,259,1113,15,15,143,0,0
1789337891705,136,POST /documents,200,OK,Create Document - carga 1-10,text,true,,259,1113,15,15,136,0,0
1789337891688,153,POST /documents,200,OK,Create Document - carga 1-15,text,true,,259,1113,15,15,153,0,0
1789337891711,131,POST /documents,200,OK,Create Document - carga 1-11,text,true,,259,1113,15,15,131,0,0
1789337891741,133,POST /documents,200,OK,Create Document - carga 1-14,text,true,,259,1113,15,15,133,0,0
1789337891770,108,POST /documents,200,OK,Create Document - carga 1-9,text,true,,259,1113,15,15,108,0,0
1789337891779,115,POST /documents,200,OK,Create Document - carga 1-1,text,true,,259,1113,15,15,115,0,0
1789337891794,149,POST /documents,200,OK,Create Document - carga 1-6,text,true,,259,1113,15,15,149,0,0
1789337891779,165,POST /documents,200,OK,Create Document - carga 1-12,text,true,,259,1113,15,15,165,0,0
1789337891778,166,POST /documents,200,OK,Create Document - carga 1-5,text,true,,259,1113,15,15,166,0,0
1789337891747,196,POST /documents,200,OK,Create Document - carga 1-2,text,true,,259,1113,15,15,196,0,0
1789337891827,146,POST /documents,200,OK,Create Document - carga 1-7,text,true,,259,1113,15,15,146,0,0
1789337891922,148,POST /documents,200,OK,Create Document - carga 1-14,text,true,,259,1113,15,15,148,0,0
1789337891878,192,POST /documents,200,OK,Create Document - carga 1-8,text,true,,259,1113,15,15,192,0,0
1789337891874,196,POST /documents,200,OK,Create Document - carga 1-4,text,true,,259,1113,15,15,196,0,0
1789337891927,143,POST /documents,200,OK,Create Document - carga 1-1,text,true,,259,1113,15,15,143,0,0
1789337891927,143,POST /documents,200,OK,Create Document - carga 1-11,text,true,,259,1113,15,15,143,0,0
1789337891919,151,POST /documents,200,OK,Create Document - carga 1-15,text,true,,259,1113,15,15,151,0,0
1789337891938,144,POST /documents,200,OK,Create Document - carga 1-10,text,true,,259,1113,15,15,143,0,0
1789337891936,185,POST /documents,200,OK,Create Document - carga 1-3,text,true,,259,1113,15,15,184,0,0
1789337891937,194,POST /documents,200,OK,Create Document - carga 1-13,text,true,,259,1113,15,15,194,0,0
1789337891960,211,POST /documents,200,OK,Create Document - carga 1-12,text,true,,259,1113,15,15,211,0,0
1789337891997,175,POST /documents,200,OK,Create Document - carga 1-7,text,true,,259,1113,15,15,175,0,0
1789337891957,216,POST /documents,200,OK,Create Document - carga 1-5,text,true,,259,1113,15,15,216,0,0
1789337892016,166,POST /documents,200,OK,Create Document - carga 1-6,text,true,,259,1113,15,15,166,0,0
1789337892084,165,POST /documents,200,OK,Create Document - carga 1-14,text,true,,259,1113,15,15,165,0,0
1789337891958,291,POST /documents,200,OK,Create Document - carga 1-9,text,true,,259,1113,15,15,291,0,0
1789337892078,171,POST /documents,200,OK,Create Document - carga 1-8,text,true,,259,1113,15,15,171,0,0
1789337891984,265,POST /documents,200,OK,Create Document - carga 1-2,text,true,,259,1113,15,15,265,0,0
1789337892154,127,POST /documents,200,OK,Create Document - carga 1-3,text,true,,259,1113,15,15,127,0,0
1789337892137,148,POST /documents,200,OK,Create Document - carga 1-15,text,true,,259,1113,15,15,148,0,0
1789337892196,110,POST /documents,200,OK,Create Document - carga 1-13,text,true,,259,1113,15,15,109,0,0
1789337892161,147,POST /documents,200,OK,Create Document - carga 1-1,text,true,,259,1113,15,15,147,0,0
1789337892164,202,POST /documents,200,OK,Create Document - carga 1-10,text,true,,259,1113,15,15,202,0,0
1789337892112,254,POST /documents,200,OK,Create Document - carga 1-11,text,true,,259,1113,15,15,254,0,0
1789337892196,170,POST /documents,200,OK,Create Document - carga 1-12,text,true,,259,1113,15,15,170,0,0
1789337892124,243,POST /documents,200,OK,Create Document - carga 1-4,text,true,,259,1113,15,15,243,0,0
1789337892200,167,POST /documents,200,OK,Create Document - carga 1-6,text,true,,259,1113,15,15,167,0,0
1789337892260,119,POST /documents,200,OK,Create Document - carga 1-7,text,true,,259,1113,15,15,119,0,0
1789337892253,126,POST /documents,200,OK,Create Document - carga 1-5,text,true,,259,1113,15,15,126,0,0
1789337892289,136,POST /documents,200,OK,Create Document - carga 1-9,text,true,,259,1113,15,15,136,0,0
1789337892325,103,POST /documents,200,OK,Create Document - carga 1-2,text,true,,259,1113,15,15,103,0,0
1789337892352,120,POST /documents,200,OK,Create Document - carga 1-13,text,true,,259,1113,15,15,120,0,0
1789337892296,180,POST /documents,200,OK,Create Document - carga 1-14,text,true,,259,1113,15,15,176,0,0
1789337892320,156,POST /documents,200,OK,Create Document - carga 1-15,text,true,,259,1113,15,15,156,0,0
1789337892316,165,POST /documents,200,OK,Create Document - carga 1-1,text,true,,259,1113,15,15,165,0,0
1789337892346,138,POST /documents,200,OK,Create Document - carga 1-3,text,true,,259,1113,15,15,138,0,0
1789337892342,142,POST /documents,200,OK,Create Document - carga 1-8,text,true,,259,1113,15,15,141,0,0
1789337892418,119,POST /documents,200,OK,Create Document - carga 1-12,text,true,,259,1113,15,15,119,0,0
1789337892430,107,POST /documents,200,OK,Create Document - carga 1-7,text,true,,259,1113,15,15,107,0,0
1789337892386,152,POST /documents,200,OK,Create Document - carga 1-11,text,true,,259,1113,15,15,152,0,0
1789337892423,115,POST /documents,200,OK,Create Document - carga 1-4,text,true,,259,1113,15,15,115,0,0
1789337892389,150,POST /documents,200,OK,Create Document - carga 1-5,text,true,,259,1113,15,15,150,0,0
1789337892458,124,POST /documents,200,OK,Create Document - carga 1-6,text,true,,259,1113,15,15,124,0,0
1789337892466,118,POST /documents,200,OK,Create Document - carga 1-10,text,true,,259,1113,15,15,118,0,0
1789337892484,118,POST /documents,200,OK,Create Document - carga 1-1,text,true,,259,1113,15,15,118,0,0
1789337892511,122,POST /documents,200,OK,Create Document - carga 1-14,text,true,,259,1113,15,15,122,0,0
1789337892477,159,POST /documents,200,OK,Create Document - carga 1-9,text,true,,259,1113,15,15,159,0,0
1789337892507,130,POST /documents,200,OK,Create Document - carga 1-2,text,true,,259,1113,15,15,130,0,0
1789337892558,116,POST /documents,200,OK,Create Document - carga 1-8,text,true,,259,1113,15,15,116,0,0
1789337892543,136,POST /documents,200,OK,Create Document - carga 1-3,text,true,,259,1113,15,15,136,0,0
1789337892569,110,POST /documents,200,OK,Create Document - carga 1-5,text,true,,259,1113,15,15,110,0,0
1789337892558,121,POST /documents,200,OK,Create Document - carga 1-15,text,true,,259,1113,15,15,121,0,0
1789337892530,150,POST /documents,200,OK,Create Document - carga 1-13,text,true,,259,1113,15,15,150,0,0
1789337892545,135,POST /documents,200,OK,Create Document - carga 1-4,text,true,,259,1113,15,15,135,0,0
1789337892567,113,POST /documents,200,OK,Create Document - carga 1-7,text,true,,259,1113,15,15,113,0,0
1789337892586,100,POST /documents,200,OK,Create Document - carga 1-12,text,true,,259,1113,15,15,100,0,0
1789337892591,184,POST /documents,200,OK,Create Document - carga 1-6,text,true,,259,1113,15,15,184,0,0
1789337892638,138,POST /documents,200,OK,Create Document - carga 1-14,text,true,,259,1113,15,15,138,0,0
1789337892585,191,POST /documents,200,OK,Create Document - carga 1-11,text,true,,259,1113,15,15,191,0,0
1789337892660,116,POST /documents,200,OK,Create Document - carga 1-9,text,true,,259,1113,15,15,116,0,0
1789337892660,116,POST /documents,200,OK,Create Document - carga 1-10,text,true,,259,1113,15,15,116,0,0
1789337892643,140,POST /documents,200,OK,Create Document - carga 1-1,text,true,,259,1113,15,15,139,0,0
1789337892684,136,POST /documents,200,OK,Create Document - carga 1-8,text,true,,259,1113,15,15,136,0,0
1789337892679,142,POST /documents,200,OK,Create Document - carga 1-3,text,true,,259,1113,15,15,142,0,0
1789337892695,168,POST /documents,200,OK,Create Document - carga 1-13,text,true,,259,1113,15,15,168,0,0
1789337892707,156,POST /documents,200,OK,Create Document - carga 1-7,text,true,,259,1113,15,15,155,0,0
1789337892714,149,POST /documents,200,OK,Create Document - carga 1-2,text,true,,259,1113,15,15,149,0,0
1789337892721,143,POST /documents,200,OK,Create Document - carga 1-15,text,true,,259,1113,15,15,143,0,0
1789337892698,166,POST /documents,200,OK,Create Document - carga 1-5,text,true,,259,1113,15,15,166,0,0
1789337892753,134,POST /documents,200,OK,Create Document - carga 1-12,text,true,,259,1113,15,15,134,0,0
1789337892764,123,POST /documents,200,OK,Create Document - carga 1-4,text,true,,259,1113,15,15,123,0,0
1789337892778,109,POST /documents,200,OK,Create Document - carga 1-14,text,true,,259,1113,15,15,109,0,0
1789337892787,101,POST /documents,200,OK,Create Document - carga 1-11,text,true,,259,1113,15,15,101,0,0
1789337892797,129,POST /documents,200,OK,Create Document - carga 1-6,text,true,,259,1113,15,15,129,0,0
1789337892835,107,POST /documents,200,OK,Create Document - carga 1-8,text,true,,259,1113,15,15,107,0,0
1789337892843,123,POST /documents,200,OK,Create Document - carga 1-1,text,true,,259,1113,15,15,123,0,0
1789337892843,123,POST /documents,200,OK,Create Document - carga 1-10,text,true,,259,1113,15,15,123,0,0
1789337892842,158,POST /documents,200,OK,Create Document - carga 1-3,text,true,,259,1113,15,15,158,0,0
1789337892843,157,POST /documents,200,OK,Create Document - carga 1-9,text,true,,259,1113,15,15,157,0,0
1789337892892,108,POST /documents,200,OK,Create Document - carga 1-12,text,true,,259,1113,15,15,108,0,0
1789337892921,107,POST /documents,200,OK,Create Document - carga 1-2,text,true,,259,1113,15,15,107,0,0
1789337892900,128,POST /documents,200,OK,Create Document - carga 1-14,text,true,,259,1113,15,15,128,0,0
1789337892910,118,POST /documents,200,OK,Create Document - carga 1-7,text,true,,259,1113,15,15,118,0,0
1789337892925,108,POST /documents,200,OK,Create Document - carga 1-4,text,true,,259,1113,15,15,108,0,0
1789337892944,137,POST /documents,200,OK,Create Document - carga 1-11,text,true,,259,1113,15,15,137,0,0
1789337892978,103,POST /documents,200,OK,Create Document - carga 1-8,text,true,,259,1113,15,15,103,0,0
1789337892916,175,POST /documents,200,OK,Create Document - carga 1-15,text,true,,259,1113,15,15,175,0,0
1789337893020,179,POST /documents,200,OK,Create Document - carga 1-12,text,true,,259,1113,15,15,179,0,0
1789337893039,161,POST /documents,200,OK,Create Document - carga 1-3,text,true,,259,1113,15,15,161,0,0
1789337893074,125,POST /documents,200,OK,Create Document - carga 1-9,text,true,,259,1113,15,15,125,0,0
1789337893012,188,POST /documents,200,OK,Create Document - carga 1-6,text,true,,259,1113,15,15,188,0,0
1789337892929,271,POST /documents,200,OK,Create Document - carga 1-5,text,true,,259,1113,15,15,271,0,0
1789337892949,251,POST /documents,200,OK,Create Document - carga 1-13,text,true,,259,1113,15,15,251,0,0
1789337893030,170,POST /documents,200,OK,Create Document - carga 1-1,text,true,,259,1113,15,15,170,0,0
1789337893040,160,POST /documents,200,OK,Create Document - carga 1-10,text,true,,259,1113,15,15,160,0,0
1789337893073,127,POST /documents,200,OK,Create Document - carga 1-2,text,true,,259,1113,15,15,127,0,0
1789337893095,137,POST /documents,200,OK,Create Document - carga 1-11,text,true,,259,1113,15,15,137,0,0
1789337893099,133,POST /documents,200,OK,Create Document - carga 1-7,text,true,,259,1113,15,15,133,0,0
1789337893121,111,POST /documents,200,OK,Create Document - carga 1-14,text,true,,259,1113,15,15,111,0,0
1789337893128,107,POST /documents,200,OK,Create Document - carga 1-4,text,true,,259,1113,15,15,107,0,0
1789337893109,183,POST /documents,200,OK,Create Document - carga 1-15,text,true,,259,1113,15,15,183,0,0
1789337893176,116,POST /documents,200,OK,Create Document - carga 1-8,text,true,,259,1113,15,15,116,0,0
1789337893206,114,POST /documents,200,OK,Create Document - carga 1-6,text,true,,259,1113,15,15,114,0,0
1789337893230,107,POST /documents,200,OK,Create Document - carga 1-12,text,true,,259,1113,15,15,107,0,0
1789337893244,467,POST /documents,200,OK,Create Document - carga 1-7,text,true,,259,1113,16,16,467,0,0
1789337893247,465,POST /documents,200,OK,Create Document - carga 1-9,text,true,,259,1113,16,16,465,0,0
1789337893255,457,POST /documents,200,OK,Create Document - carga 1-11,text,true,,259,1113,16,16,457,0,0
1789337893229,483,POST /documents,200,OK,Create Document - carga 1-13,text,true,,259,1113,16,16,483,0,0
1789337893229,483,POST /documents,200,OK,Create Document - carga 1-5,text,true,,259,1113,16,16,483,0,0
1789337893316,396,POST /documents,200,OK,Create Document - carga 1-8,text,true,,259,1113,16,16,396,0,0
1789337893238,475,POST /documents,200,OK,Create Document - carga 1-3,text,true,,259,1113,16,16,475,0,0
1789337893261,452,POST /documents,200,OK,Create Document - carga 1-4,text,true,,259,1113,16,16,452,0,0
1789337893305,408,POST /documents,200,OK,Create Document - carga 1-15,text,true,,259,1113,16,16,408,0,0
1789337893250,463,POST /documents,200,OK,Create Document - carga 1-2,text,true,,259,1113,16,16,463,0,0
1789337893277,436,POST /documents,200,OK,Create Document - carga 1-10,text,true,,259,1113,16,16,436,0,0
1789337893303,410,POST /documents,200,OK,Create Document - carga 1-14,text,true,,259,1113,16,16,410,0,0
1789337893246,467,POST /documents,200,OK,Create Document - carga 1-1,text,true,,259,1113,16,16,467,0,0
1789337893339,374,POST /documents,200,OK,Create Document - carga 1-12,text,true,,259,1113,16,16,374,0,0
1789337893372,341,POST /documents,200,OK,Create Document - carga 1-6,text,true,,259,1113,16,16,341,0,0
1789337893723,109,POST /documents,200,OK,Create Document - carga 1-11,text,true,,259,1113,16,16,109,0,0
1789337893730,103,POST /documents,200,OK,Create Document - carga 1-8,text,true,,259,1113,16,16,103,0,0
1789337893727,106,POST /documents,200,OK,Create Document - carga 1-12,text,true,,259,1113,16,16,106,0,0
1789337893748,170,POST /documents,200,OK,Create Document - carga 1-13,text,true,,259,1113,16,16,170,0,0
1789337893766,153,POST /documents,200,OK,Create Document - carga 1-4,text,true,,259,1113,16,16,153,0,0
1789337893766,153,POST /documents,200,OK,Create Document - carga 1-14,text,true,,259,1113,16,16,153,0,0
1789337893740,179,POST /documents,200,OK,Create Document - carga 1-2,text,true,,259,1113,16,16,179,0,0
1789337893732,187,POST /documents,200,OK,Create Document - carga 1-1,text,true,,259,1113,16,16,187,0,0
1789337893776,143,POST /documents,200,OK,Create Document - carga 1-9,text,true,,259,1113,16,16,143,0,0
1789337893747,172,POST /documents,200,OK,Create Document - carga 1-15,text,true,,259,1113,16,16,172,0,0
1789337893777,142,POST /documents,200,OK,Create Document - carga 1-10,text,true,,259,1113,16,16,142,0,0
1789337893782,141,POST /documents,200,OK,Create Document - carga 1-7,text,true,,259,1113,16,16,141,0,0
1789337893787,136,POST /documents,200,OK,Create Document - carga 1-3,text,true,,259,1113,16,16,136,0,0
1789337893813,116,POST /documents,200,OK,Create Document - carga 1-5,text,true,,259,1113,16,16,116,0,0
1789337893509,425,POST /documents,200,OK,Create Document - carga 1-16,text,true,,259,1113,16,16,425,0,318
1789337893860,144,POST /documents,200,OK,Create Document - carga 1-12,text,true,,259,1113,16,16,144,0,0
1789337893875,129,POST /documents,200,OK,Create Document - carga 1-8,text,true,,259,1113,16,16,129,0,0
1789337893796,208,POST /documents,200,OK,Create Document - carga 1-6,text,true,,259,1113,16,16,208,0,0
1789337893896,110,POST /documents,200,OK,Create Document - carga 1-11,text,true,,259,1113,16,16,110,0,0
1789337893951,176,POST /documents,200,OK,Create Document - carga 1-4,text,true,,259,1113,16,16,176,0,0
1789337893975,152,POST /documents,200,OK,Create Document - carga 1-10,text,true,,259,1113,16,16,152,0,0
1789337893954,173,POST /documents,200,OK,Create Document - carga 1-14,text,true,,259,1113,16,16,173,0,0
1789337893927,200,POST /documents,200,OK,Create Document - carga 1-3,text,true,,259,1113,16,16,200,0,0
1789337893928,199,POST /documents,200,OK,Create Document - carga 1-2,text,true,,259,1113,16,16,199,0,0
1789337894031,102,POST /documents,200,OK,Create Document - carga 1-8,text,true,,259,1113,16,16,102,0,0
1789337894017,116,POST /documents,200,OK,Create Document - carga 1-7,text,true,,259,1113,16,16,116,0,0
1789337893950,206,POST /documents,200,OK,Create Document - carga 1-5,text,true,,259,1113,16,16,206,0,0
1789337893947,232,POST /documents,200,OK,Create Document - carga 1-15,text,true,,259,1113,16,16,232,0,0
1789337893973,207,POST /documents,200,OK,Create Document - carga 1-9,text,true,,259,1113,16,16,207,0,0
1789337894045,136,POST /documents,200,OK,Create Document - carga 1-12,text,true,,259,1113,16,16,136,0,0
1789337894099,127,POST /documents,200,OK,Create Document - carga 1-6,text,true,,259,1113,16,16,127,0,0
1789337894007,222,POST /documents,200,OK,Create Document - carga 1-13,text,true,,259,1113,16,16,222,0,0
1789337894053,281,POST /documents,200,OK,Create Document - carga 1-11,text,true,,259,1113,16,16,281,0,0
1789337894170,253,POST /documents,200,OK,Create Document - carga 1-3,text,true,,259,1113,16,16,253,0,0
1789337894144,279,POST /documents,200,OK,Create Document - carga 1-10,text,true,,259,1113,16,16,279,0,0
1789337894240,184,POST /documents,200,OK,Create Document - carga 1-9,text,true,,259,1113,16,16,184,0,0
1789337894231,193,POST /documents,200,OK,Create Document - carga 1-15,text,true,,259,1113,16,16,193,0,0
1789337894209,215,POST /documents,200,OK,Create Document - carga 1-5,text,true,,259,1113,16,16,215,0,0
1789337894136,288,POST /documents,200,OK,Create Document - carga 1-14,text,true,,259,1113,16,16,288,0,0
1789337894035,389,POST /documents,200,OK,Create Document - carga 1-16,text,true,,259,1113,16,16,194,0,0
1789337894191,233,POST /documents,200,OK,Create Document - carga 1-2,text,true,,259,1113,16,16,233,0,0
1789337894190,238,POST /documents,200,OK,Create Document - carga 1-4,text,true,,259,1113,16,16,238,0,0
1789337894266,162,POST /documents,200,OK,Create Document - carga 1-13,text,true,,259,1113,16,16,162,0,0
1789337894232,196,POST /documents,200,OK,Create Document - carga 1-8,text,true,,259,1113,16,16,196,0,0
1789337894180,248,POST /documents,200,OK,Create Document - carga 1-7,text,true,,259,1113,16,16,248,0,0
1789337894254,174,POST /documents,200,OK,Create Document - carga 1-12,text,true,,259,1113,16,16,174,0,0
1789337894002,467,POST /documents,200,OK,Create Document - carga 1-1,text,true,,259,1113,16,16,467,0,0
1789337894320,158,POST /documents,200,OK,Create Document - carga 1-6,text,true,,259,1113,16,16,158,0,0
1789337894414,114,POST /documents,200,OK,Create Document - carga 1-11,text,true,,259,1113,16,16,114,0,0
1789337894442,107,POST /documents,200,OK,Create Document - carga 1-4,text,true,,259,1113,16,16,107,0,0
1789337894451,124,POST /documents,200,OK,Create Document - carga 1-10,text,true,,259,1113,16,16,124,0,0
1789337894437,148,POST /documents,200,OK,Create Document - carga 1-14,text,true,,259,1113,16,16,148,0,0
1789337894480,112,POST /documents,200,OK,Create Document - carga 1-15,text,true,,259,1113,16,16,112,0,0
1789337894476,161,POST /documents,200,OK,Create Document - carga 1-2,text,true,,259,1113,16,16,161,0,0
1789337894441,201,POST /documents,200,OK,Create Document - carga 1-3,text,true,,259,1113,16,16,201,0,0
1789337894504,138,POST /documents,200,OK,Create Document - carga 1-7,text,true,,259,1113,16,16,138,0,0
1789337894514,129,POST /documents,200,OK,Create Document - carga 1-16,text,true,,259,1113,16,16,129,0,0
1789337894438,215,POST /documents,200,OK,Create Document - carga 1-12,text,true,,259,1113,16,16,215,0,0
1789337894531,122,POST /documents,200,OK,Create Document - carga 1-1,text,true,,259,1113,16,16,122,0,0
1789337894443,213,POST /documents,200,OK,Create Document - carga 1-9,text,true,,259,1113,16,16,213,0,0
1789337894491,192,POST /documents,200,OK,Create Document - carga 1-6,text,true,,259,1113,16,16,192,0,0
1789337894481,203,POST /documents,200,OK,Create Document - carga 1-5,text,true,,259,1113,16,16,202,0,0
1789337894479,212,POST /documents,200,OK,Create Document - carga 1-13,text,true,,259,1113,16,16,212,0,0
1789337894604,126,POST /documents,200,OK,Create Document - carga 1-11,text,true,,259,1113,16,16,126,0,0
1789337894500,254,POST /documents,200,OK,Create Document - carga 1-8,text,true,,259,1113,16,16,254,0,0
1789337894557,220,POST /documents,200,OK,Create Document - carga 1-4,text,true,,259,1113,16,16,220,0,0
1789337894665,112,POST /documents,200,OK,Create Document - carga 1-15,text,true,,259,1113,16,16,112,0,0
1789337894698,389,POST /documents,200,OK,Create Document - carga 1-2,text,true,,259,1113,16,16,389,0,0
1789337894751,336,POST /documents,200,OK,Create Document - carga 1-11,text,true,,259,1113,16,16,336,0,0
1789337894624,463,POST /documents,200,OK,Create Document - carga 1-14,text,true,,259,1113,16,16,463,0,0
1789337894705,382,POST /documents,200,OK,Create Document - carga 1-16,text,true,,259,1113,16,16,382,0,0
1789337894638,449,POST /documents,200,OK,Create Document - carga 1-10,text,true,,259,1113,16,16,449,0,0
1789337894741,347,POST /documents,200,OK,Create Document - carga 1-3,text,true,,259,1113,16,16,347,0,0
1789337894763,325,POST /documents,200,OK,Create Document - carga 1-13,text,true,,259,1113,16,16,325,0,0
1789337894692,397,POST /documents,200,OK,Create Document - carga 1-12,text,true,,259,1113,16,16,397,0,0
1789337894705,384,POST /documents,200,OK,Create Document - carga 1-9,text,true,,259,1113,16,16,384,0,0
1789337894783,306,POST /documents,200,OK,Create Document - carga 1-5,text,true,,259,1113,16,16,306,0,0
1789337894709,381,POST /documents,200,OK,Create Document - carga 1-7,text,true,,259,1113,16,16,381,0,0
1789337894751,339,POST /documents,200,OK,Create Document - carga 1-6,text,true,,259,1113,16,16,339,0,0
1789337894692,398,POST /documents,200,OK,Create Document - carga 1-1,text,true,,259,1113,16,16,398,0,0
1789337894824,266,POST /documents,200,OK,Create Document - carga 1-15,text,true,,259,1113,16,16,266,0,0
1789337894847,243,POST /documents,200,OK,Create Document - carga 1-8,text,true,,259,1113,16,16,243,0,0
1789337894849,241,POST /documents,200,OK,Create Document - carga 1-4,text,true,,259,1113,16,16,241,0,0
1789337895091,119,POST /documents,200,OK,Create Document - carga 1-3,text,true,,259,1113,16,16,119,0,0
1789337895115,112,POST /documents,200,OK,Create Document - carga 1-12,text,true,,259,1113,16,16,112,0,0
1789337895138,107,POST /documents,200,OK,Create Document - carga 1-9,text,true,,259,1113,16,16,107,0,0
1789337895143,115,POST /documents,200,OK,Create Document - carga 1-14,text,true,,259,1113,16,16,114,0,0
1789337895151,107,POST /documents,200,OK,Create Document - carga 1-8,text,true,,259,1113,16,16,107,0,0
1789337895110,150,POST /documents,200,OK,Create Document - carga 1-4,text,true,,259,1113,16,16,149,0,0
1789337895159,109,POST /documents,200,OK,Create Document - carga 1-6,text,true,,259,1113,16,16,109,0,0
1789337895155,118,POST /documents,200,OK,Create Document - carga 1-1,text,true,,259,1113,16,16,118,0,0
1789337895173,111,POST /documents,200,OK,Create Document - carga 1-15,text,true,,259,1113,16,16,111,0,0
1789337895124,162,POST /documents,200,OK,Create Document - carga 1-16,text,true,,259,1113,16,16,162,0,0
1789337895147,142,POST /documents,200,OK,Create Document - carga 1-11,text,true,,259,1113,16,16,142,0,0
1789337895130,159,POST /documents,200,OK,Create Document - carga 1-2,text,true,,259,1113,16,16,159,0,0
1789337895124,166,POST /documents,200,OK,Create Document - carga 1-7,text,true,,259,1113,16,16,166,0,0
1789337895189,102,POST /documents,200,OK,Create Document - carga 1-5,text,true,,259,1113,16,16,102,0,0
1789337895240,115,POST /documents,200,OK,Create Document - carga 1-3,text,true,,259,1113,16,16,115,0,0
1789337895148,207,POST /documents,200,OK,Create Document - carga 1-10,text,true,,259,1113,16,16,207,0,0
1789337895135,245,POST /documents,200,OK,Create Document - carga 1-13,text,true,,259,1113,16,16,245,0,0
1789337895231,155,POST /documents,200,OK,Create Document - carga 1-12,text,true,,259,1113,16,16,155,0,0
1789337895297,159,POST /documents,200,OK,Create Document - carga 1-16,text,true,,259,1113,16,16,159,0,0
1789337895300,156,POST /documents,200,OK,Create Document - carga 1-2,text,true,,259,1113,16,16,156,0,0
1789337895309,147,POST /documents,200,OK,Create Document - carga 1-6,text,true,,259,1113,16,16,147,0,0
1789337895304,152,POST /documents,200,OK,Create Document - carga 1-9,text,true,,259,1113,16,16,152,0,0
1789337895316,159,POST /documents,200,OK,Create Document - carga 1-14,text,true,,259,1113,16,16,159,0,0
1789337895325,150,POST /documents,200,OK,Create Document - carga 1-7,text,true,,259,1113,16,16,150,0,0
1789337895326,149,POST /documents,200,OK,Create Document - carga 1-5,text,true,,259,1113,16,16,149,0,0
1789337895333,142,POST /documents,200,OK,Create Document - carga 1-15,text,true,,259,1113,16,16,142,0,0
1789337895334,141,POST /documents,200,OK,Create Document - carga 1-4,text,true,,259,1113,16,16,141,0,0
1789337895366,120,POST /documents,200,OK,Create Document - carga 1-11,text,true,,259,1113,16,16,120,0,0
1789337895344,142,POST /documents,200,OK,Create Document - carga 1-8,text,true,,259,1113,16,16,142,0,0
1789337895360,126,POST /documents,200,OK,Create Document - carga 1-3,text,true,,259,1113,16,16,126,0,0
1789337895389,99,POST /documents,200,OK,Create Document - carga 1-10,text,true,,259,1113,16,16,99,0,0
1789337895373,129,POST /documents,200,OK,Create Document - carga 1-1,text,true,,259,1113,16,16,129,0,0
1789337895428,118,POST /documents,200,OK,Create Document - carga 1-13,text,true,,259,1113,16,16,118,0,0
1789337895478,109,POST /documents,200,OK,Create Document - carga 1-9,text,true,,259,1113,16,16,109,0,0
1789337895461,128,POST /documents,200,OK,Create Document - carga 1-16,text,true,,259,1113,16,16,127,0,0
1789337895484,106,POST /documents,200,OK,Create Document - carga 1-5,text,true,,259,1113,16,16,106,0,0
1789337895468,122,POST /documents,200,OK,Create Document - carga 1-12,text,true,,259,1113,16,16,122,0,0
1789337895497,107,POST /documents,200,OK,Create Document - carga 1-15,text,true,,259,1113,16,16,107,0,0
1789337895533,106,POST /documents,200,OK,Create Document - carga 1-10,text,true,,259,1113,16,16,106,0,0
1789337895541,103,POST /documents,200,OK,Create Document - carga 1-3,text,true,,259,1113,16,16,103,0,0
1789337895544,106,POST /documents,200,OK,Create Document - carga 1-7,text,true,,259,1113,16,16,106,0,0
1789337895550,113,POST /documents,200,OK,Create Document - carga 1-1,text,true,,259,1113,16,16,113,0,0
1789337895563,104,POST /documents,200,OK,Create Document - carga 1-11,text,true,,259,1113,16,16,104,0,0
1789337895568,107,POST /documents,200,OK,Create Document - carga 1-14,text,true,,259,1113,16,16,107,0,0
1789337895517,164,POST /documents,200,OK,Create Document - carga 1-8,text,true,,259,1113,16,16,164,0,0
1789337895536,147,POST /documents,200,OK,Create Document - carga 1-6,text,true,,259,1113,16,16,147,0,0
1789337895540,143,POST /documents,200,OK,Create Document - carga 1-2,text,true,,259,1113,16,16,143,0,0
1789337895527,163,POST /documents,200,OK,Create Document - carga 1-4,text,true,,259,1113,16,16,163,0,0
1789337895588,102,POST /documents,200,OK,Create Document - carga 1-13,text,true,,259,1113,16,16,102,0,0
1789337895602,104,POST /documents,200,OK,Create Document - carga 1-5,text,true,,259,1113,16,16,104,0,0
1789337895607,107,POST /documents,200,OK,Create Document - carga 1-9,text,true,,259,1113,16,16,107,0,0
1789337895615,103,POST /documents,200,OK,Create Document - carga 1-12,text,true,,259,1113,16,16,103,0,0
1789337895612,106,POST /documents,200,OK,Create Document - carga 1-16,text,true,,259,1113,16,16,106,0,0
1789337895673,103,POST /documents,200,OK,Create Document - carga 1-7,text,true,,259,1113,16,16,103,0,0
1789337895670,108,POST /documents,200,OK,Create Document - carga 1-15,text,true,,259,1113,16,16,108,0,0
1789337895704,100,POST /documents,200,OK,Create Document - carga 1-10,text,true,,259,1113,16,16,100,0,0
1789337895703,102,POST /documents,200,OK,Create Document - carga 1-3,text,true,,259,1113,16,16,102,0,0
1789337895720,104,POST /documents,200,OK,Create Document - carga 1-6,text,true,,259,1113,16,16,104,0,0
1789337895725,101,POST /documents,200,OK,Create Document - carga 1-2,text,true,,259,1113,16,16,101,0,0
1789337895721,106,POST /documents,200,OK,Create Document - carga 1-9,text,true,,259,1113,16,16,106,0,0
1789337895726,101,POST /documents,200,OK,Create Document - carga 1-16,text,true,,259,1113,16,16,101,0,0
1789337895731,105,POST /documents,200,OK,Create Document - carga 1-14,text,true,,259,1113,16,16,105,0,0
1789337895741,101,POST /documents,200,OK,Create Document - carga 1-12,text,true,,259,1113,16,16,101,0,0
1789337895740,107,POST /documents,200,OK,Create Document - carga 1-11,text,true,,259,1113,16,16,107,0,0
1789337895747,108,POST /documents,200,OK,Create Document - carga 1-13,text,true,,259,1113,16,16,108,0,0
1789337895749,110,POST /documents,200,OK,Create Document - carga 1-5,text,true,,259,1113,16,16,110,0,0
1789337895757,110,POST /documents,200,OK,Create Document - carga 1-1,text,true,,259,1113,17,17,110,0,0
1789337895769,103,POST /documents,200,OK,Create Document - carga 1-8,text,true,,259,1113,17,17,103,0,0
1789337895776,105,POST /documents,200,OK,Create Document - carga 1-4,text,true,,259,1113,17,17,105,0,0
1789337895794,102,POST /documents,200,OK,Create Document - carga 1-15,text,true,,259,1113,17,17,102,0,0
1789337895850,108,POST /documents,200,OK,Create Document - carga 1-16,text,true,,259,1113,17,17,108,0,0
1789337895839,119,POST /documents,200,OK,Create Document - carga 1-10,text,true,,259,1113,17,17,119,0,0
1789337895864,104,POST /documents,200,OK,Create Document - carga 1-7,text,true,,259,1113,17,17,104,0,0
1789337895879,103,POST /documents,200,OK,Create Document - carga 1-12,text,true,,259,1113,17,17,103,0,0
1789337895892,109,POST /documents,200,OK,Create Document - carga 1-9,text,true,,259,1113,17,17,109,0,0
1789337895894,107,POST /documents,200,OK,Create Document - carga 1-3,text,true,,259,1113,17,17,107,0,0
1789337895896,106,POST /documents,200,OK,Create Document - carga 1-2,text,true,,259,1113,17,17,106,0,0
1789337895893,116,POST /documents,200,OK,Create Document - carga 1-4,text,true,,259,1113,17,17,116,0,0
1789337895913,116,POST /documents,200,OK,Create Document - carga 1-15,text,true,,259,1113,17,17,116,0,0
1789337895913,116,POST /documents,200,OK,Create Document - carga 1-6,text,true,,259,1113,17,17,116,0,0
1789337895922,107,POST /documents,200,OK,Create Document - carga 1-8,text,true,,259,1113,17,17,107,0,0
1789337895908,121,POST /documents,200,OK,Create Document - carga 1-1,text,true,,259,1113,17,17,121,0,0
1789337895930,118,POST /documents,200,OK,Create Document - carga 1-13,text,true,,259,1113,17,17,118,0,0
1789337895935,113,POST /documents,200,OK,Create Document - carga 1-14,text,true,,259,1113,17,17,113,0,0
1789337895949,106,POST /documents,200,OK,Create Document - carga 1-5,text,true,,259,1113,17,17,106,0,0
1789337895947,112,POST /documents,200,OK,Create Document - carga 1-11,text,true,,259,1113,17,17,112,0,0
1789337895974,145,POST /documents,200,OK,Create Document - carga 1-16,text,true,,259,1113,17,17,145,0,0
1789337896027,102,POST /documents,200,OK,Create Document - carga 1-12,text,true,,259,1113,17,17,102,0,0
1789337896042,99,POST /documents,200,OK,Create Document - carga 1-10,text,true,,259,1113,17,17,99,0,0
1789337896037,107,POST /documents,200,OK,Create Document - carga 1-15,text,true,,259,1113,17,17,107,0,0
1789337896061,106,POST /documents,200,OK,Create Document - carga 1-4,text,true,,259,1113,17,17,106,0,0
1789337896060,107,POST /documents,200,OK,Create Document - carga 1-9,text,true,,259,1113,17,17,107,0,0
1789337896066,103,POST /documents,200,OK,Create Document - carga 1-7,text,true,,259,1113,17,17,103,0,0
1789337896058,114,POST /documents,200,OK,Create Document - carga 1-2,text,true,,259,1113,17,17,114,0,0
1789337896064,109,POST /documents,200,OK,Create Document - carga 1-3,text,true,,259,1113,17,17,108,0,0
1789337896060,119,POST /documents,200,OK,Create Document - carga 1-1,text,true,,259,1113,17,17,119,0,0
1789337896066,117,POST /documents,200,OK,Create Document - carga 1-11,text,true,,259,1113,17,17,117,0,0
1789337895882,307,POST /documents,200,OK,Create Document - carga 1-17,text,true,,259,1113,17,17,307,0,190
1789337896088,102,POST /documents,200,OK,Create Document - carga 1-6,text,true,,259,1113,17,17,102,0,0
1789337896095,106,POST /documents,200,OK,Create Document - carga 1-5,text,true,,259,1113,17,17,106,0,0
1789337896105,100,POST /documents,200,OK,Create Document - carga 1-8,text,true,,259,1113,17,17,100,0,0
1789337896138,106,POST /documents,200,OK,Create Document - carga 1-13,text,true,,259,1113,17,17,106,0,0
1789337896145,111,POST /documents,200,OK,Create Document - carga 1-14,text,true,,259,1113,17,17,111,0,0
1789337896166,108,POST /documents,200,OK,Create Document - carga 1-16,text,true,,259,1113,17,17,108,0,0
1789337896179,110,POST /documents,200,OK,Create Document - carga 1-9,text,true,,259,1113,17,17,109,0,0
1789337896184,107,POST /documents,200,OK,Create Document - carga 1-7,text,true,,259,1113,17,17,107,0,0
1789337896184,108,POST /documents,200,OK,Create Document - carga 1-3,text,true,,259,1113,17,17,108,0,0
1789337896178,113,POST /documents,200,OK,Create Document - carga 1-4,text,true,,259,1113,17,17,113,0,0
1789337896187,110,POST /documents,200,OK,Create Document - carga 1-15,text,true,,259,1113,17,17,109,0,0
1789337896197,105,POST /documents,200,OK,Create Document - carga 1-12,text,true,,259,1113,17,17,105,0,0
1789337896202,121,POST /documents,200,OK,Create Document - carga 1-1,text,true,,259,1113,17,17,121,0,0
1789337896212,111,POST /documents,200,OK,Create Document - carga 1-8,text,true,,259,1113,17,17,111,0,0
1789337896229,101,POST /documents,200,OK,Create Document - carga 1-6,text,true,,259,1113,17,17,101,0,0
1789337896237,101,POST /documents,200,OK,Create Document - carga 1-10,text,true,,259,1113,17,17,101,0,0
1789337896248,119,POST /documents,200,OK,Create Document - carga 1-11,text,true,,259,1113,17,17,119,0,0
1789337896252,116,POST /documents,200,OK,Create Document - carga 1-5,text,true,,259,1113,17,17,116,0,0
1789337896257,111,POST /documents,200,OK,Create Document - carga 1-17,text,true,,259,1113,17,17,111,0,0
1789337896257,111,POST /documents,200,OK,Create Document - carga 1-13,text,true,,259,1113,17,17,111,0,0
1789337896270,110,POST /documents,200,OK,Create Document - carga 1-2,text,true,,259,1113,17,17,110,0,0
1789337896280,105,POST /documents,200,OK,Create Document - carga 1-16,text,true,,259,1113,17,17,105,0,0
1789337896302,108,POST /documents,200,OK,Create Document - carga 1-14,text,true,,259,1113,17,17,108,0,0
1789337896325,106,POST /documents,200,OK,Create Document - carga 1-15,text,true,,259,1113,17,17,105,0,0
1789337896341,112,POST /documents,200,OK,Create Document - carga 1-4,text,true,,259,1113,17,17,112,0,0
1789337896350,109,POST /documents,200,OK,Create Document - carga 1-7,text,true,,259,1113,17,17,109,0,0
1789337896351,111,POST /documents,200,OK,Create Document - carga 1-9,text,true,,259,1113,17,17,110,0,0
1789337896361,101,POST /documents,200,OK,Create Document - carga 1-3,text,true,,259,1113,17,17,101,0,0
1789337896366,102,POST /documents,200,OK,Create Document - carga 1-12,text,true,,259,1113,17,17,102,0,0
1789337896345,124,POST /documents,200,OK,Create Document - carga 1-1,text,true,,259,1113,17,17,124,0,0
1789337896370,102,POST /documents,200,OK,Create Document - carga 1-6,text,true,,259,1113,17,17,102,0,0
1789337896380,101,POST /documents,200,OK,Create Document - carga 1-10,text,true,,259,1113,17,17,101,0,0
1789337896392,103,POST /documents,200,OK,Create Document - carga 1-16,text,true,,259,1113,17,17,103,0,0
1789337896372,151,POST /documents,200,OK,Create Document - carga 1-8,text,true,,259,1113,17,17,151,0,0
1789337896420,103,POST /documents,200,OK,Create Document - carga 1-2,text,true,,259,1113,17,17,103,0,0
1789337896416,108,POST /documents,200,OK,Create Document - carga 1-17,text,true,,259,1113,17,17,108,0,0
1789337896429,100,POST /documents,200,OK,Create Document - carga 1-5,text,true,,259,1113,17,17,100,0,0
1789337896404,131,POST /documents,200,OK,Create Document - carga 1-13,text,true,,259,1113,17,17,131,0,0
1789337896435,107,POST /documents,200,OK,Create Document - carga 1-11,text,true,,259,1113,17,17,107,0,0
1789337896438,104,POST /documents,200,OK,Create Document - carga 1-14,text,true,,259,1113,17,17,104,0,0
1789337896481,101,POST /documents,200,OK,Create Document - carga 1-3,text,true,,259,1113,17,17,101,0,0
1789337896469,114,POST /documents,200,OK,Create Document - carga 1-1,text,true,,259,1113,17,17,114,0,0
1789337896495,105,POST /documents,200,OK,Create Document - carga 1-4,text,true,,259,1113,17,17,104,0,0
1789337896500,106,POST /documents,200,OK,Create Document - carga 1-15,text,true,,259,1113,17,17,106,0,0
1789337896510,103,POST /documents,200,OK,Create Document - carga 1-6,text,true,,259,1113,17,17,103,0,0
1789337896517,99,POST /documents,200,OK,Create Document - carga 1-7,text,true,,259,1113,17,17,99,0,0
1789337896520,104,POST /documents,200,OK,Create Document - carga 1-16,text,true,,259,1113,17,17,104,0,0
1789337896532,128,POST /documents,200,OK,Create Document - carga 1-10,text,true,,259,1113,17,17,128,0,0
1789337896529,131,POST /documents,200,OK,Create Document - carga 1-12,text,true,,259,1113,17,17,131,0,0
1789337896546,114,POST /documents,200,OK,Create Document - carga 1-5,text,true,,259,1113,17,17,114,0,0
1789337896544,116,POST /documents,200,OK,Create Document - carga 1-14,text,true,,259,1113,17,17,116,0,0
1789337896550,124,POST /documents,200,OK,Create Document - carga 1-9,text,true,,259,1113,17,17,124,0,0
1789337896565,109,POST /documents,200,OK,Create Document - carga 1-11,text,true,,259,1113,17,17,109,0,0
1789337896579,113,POST /documents,200,OK,Create Document - carga 1-13,text,true,,259,1113,17,17,113,0,0
1789337896587,106,POST /documents,200,OK,Create Document - carga 1-8,text,true,,259,1113,17,17,106,0,0
1789337896614,104,POST /documents,200,OK,Create Document - carga 1-2,text,true,,259,1113,17,17,104,0,0
1789337896613,106,POST /documents,200,OK,Create Document - carga 1-17,text,true,,259,1113,17,17,106,0,0
1789337896646,106,POST /documents,200,OK,Create Document - carga 1-4,text,true,,259,1113,17,17,106,0,0
1789337896659,109,POST /documents,200,OK,Create Document - carga 1-3,text,true,,259,1113,17,17,107,0,0
1789337896676,101,POST /documents,200,OK,Create Document - carga 1-6,text,true,,259,1113,17,17,101,0,0
1789337896681,108,POST /documents,200,OK,Create Document - carga 1-7,text,true,,259,1113,17,17,107,0,0
1789337896680,109,POST /documents,200,OK,Create Document - carga 1-11,text,true,,259,1113,17,17,109,0,0
1789337896687,103,POST /documents,200,OK,Create Document - carga 1-16,text,true,,259,1113,17,17,103,0,0
1789337896679,117,POST /documents,200,OK,Create Document - carga 1-1,text,true,,259,1113,17,17,117,0,0
1789337896699,105,POST /documents,200,OK,Create Document - carga 1-15,text,true,,259,1113,17,17,105,0,0
1789337896710,98,POST /documents,200,OK,Create Document - carga 1-10,text,true,,259,1113,17,17,98,0,0
1789337896732,104,POST /documents,200,OK,Create Document - carga 1-13,text,true,,259,1113,17,17,104,0,0
1789337896735,105,POST /documents,200,OK,Create Document - carga 1-9,text,true,,259,1113,17,17,105,0,0
1789337896739,106,POST /documents,200,OK,Create Document - carga 1-5,text,true,,259,1113,17,17,106,0,0
1789337896750,114,POST /documents,200,OK,Create Document - carga 1-14,text,true,,259,1113,17,17,114,0,0
1789337896753,111,POST /documents,200,OK,Create Document - carga 1-12,text,true,,259,1113,17,17,111,0,0
1789337896775,107,POST /documents,200,OK,Create Document - carga 1-4,text,true,,259,1113,17,17,107,0,0
1789337896792,98,POST /documents,200,OK,Create Document - carga 1-7,text,true,,259,1113,17,17,98,0,0
1789337896789,103,POST /documents,200,OK,Create Document - carga 1-2,text,true,,259,1113,17,17,103,0,0
1789337896792,107,POST /documents,200,OK,Create Document - carga 1-8,text,true,,259,1113,17,17,107,0,0
1789337896803,103,POST /documents,200,OK,Create Document - carga 1-17,text,true,,259,1113,17,17,103,0,0
1789337896847,102,POST /documents,200,OK,Create Document - carga 1-10,text,true,,259,1113,17,17,102,0,0
1789337896845,105,POST /documents,200,OK,Create Document - carga 1-15,text,true,,259,1113,17,17,105,0,0
1789337896858,107,POST /documents,200,OK,Create Document - carga 1-11,text,true,,259,1113,17,17,107,0,0
1789337896865,102,POST /documents,200,OK,Create Document - carga 1-6,text,true,,259,1113,17,17,102,0,0
1789337896858,110,POST /documents,200,OK,Create Document - carga 1-16,text,true,,259,1113,17,17,109,0,0
1789337896868,100,POST /documents,200,OK,Create Document - carga 1-3,text,true,,259,1113,17,17,100,0,0
1789337896860,111,POST /documents,200,OK,Create Document - carga 1-9,text,true,,259,1113,17,17,111,0,0
1789337896879,114,POST /documents,200,OK,Create Document - carga 1-1,text,true,,259,1113,17,17,114,0,0
1789337896897,105,POST /documents,200,OK,Create Document - carga 1-13,text,true,,259,1113,17,17,105,0,0
1789337896900,105,POST /documents,200,OK,Create Document - carga 1-5,text,true,,259,1113,17,17,105,0,0
1789337896915,104,POST /documents,200,OK,Create Document - carga 1-17,text,true,,259,1113,17,17,104,0,0
1789337896932,106,POST /documents,200,OK,Create Document - carga 1-14,text,true,,259,1113,17,17,106,0,0
1789337896934,108,POST /documents,200,OK,Create Document - carga 1-12,text,true,,259,1113,17,17,108,0,0
1789337896950,102,POST /documents,200,OK,Create Document - carga 1-7,text,true,,259,1113,17,17,102,0,0
1789337896957,101,POST /documents,200,OK,Create Document - carga 1-10,text,true,,259,1113,17,17,101,0,0
1789337896957,102,POST /documents,200,OK,Create Document - carga 1-2,text,true,,259,1113,17,17,102,0,0
1789337896953,120,POST /documents,200,OK,Create Document - carga 1-8,text,true,,259,1113,17,17,120,0,0
1789337896980,110,POST /documents,200,OK,Create Document - carga 1-4,text,true,,259,1113,17,17,110,0,0
1789337897003,101,POST /documents,200,OK,Create Document - carga 1-6,text,true,,259,1113,17,17,101,0,0
1789337897003,105,POST /documents,200,OK,Create Document - carga 1-16,text,true,,259,1113,17,17,105,0,0
1789337897005,110,POST /documents,200,OK,Create Document - carga 1-11,text,true,,259,1113,17,17,110,0,0
1789337897023,107,POST /documents,200,OK,Create Document - carga 1-15,text,true,,259,1113,17,17,107,0,0
1789337897038,103,POST /documents,200,OK,Create Document - carga 1-3,text,true,,259,1113,17,17,103,0,0
1789337897055,104,POST /documents,200,OK,Create Document - carga 1-9,text,true,,259,1113,17,17,104,0,0
1789337897057,103,POST /documents,200,OK,Create Document - carga 1-7,text,true,,259,1113,17,17,103,0,0
1789337897056,106,POST /documents,200,OK,Create Document - carga 1-5,text,true,,259,1113,17,17,106,0,0
1789337897086,104,POST /documents,200,OK,Create Document - carga 1-17,text,true,,259,1113,17,17,104,0,0
1789337897087,104,POST /documents,200,OK,Create Document - carga 1-10,text,true,,259,1113,17,17,104,0,0
1789337897097,98,POST /documents,200,OK,Create Document - carga 1-8,text,true,,259,1113,17,17,97,0,0
1789337897093,106,POST /documents,200,OK,Create Document - carga 1-13,text,true,,259,1113,17,17,106,0,0
1789337897085,115,POST /documents,200,OK,Create Document - carga 1-1,text,true,,259,1113,17,17,115,0,0
1789337897109,102,POST /documents,200,OK,Create Document - carga 1-12,text,true,,259,1113,17,17,102,0,0
1789337897109,106,POST /documents,200,OK,Create Document - carga 1-4,text,true,,259,1113,17,17,106,0,0
1789337897125,107,POST /documents,200,OK,Create Document - carga 1-14,text,true,,259,1113,17,17,107,0,0
1789337897133,103,POST /documents,200,OK,Create Document - carga 1-11,text,true,,259,1113,17,17,103,0,0
1789337897140,98,POST /documents,200,OK,Create Document - carga 1-6,text,true,,259,1113,17,17,98,0,0
1789337897138,100,POST /documents,200,OK,Create Document - carga 1-2,text,true,,259,1113,17,17,100,0,0
1789337897142,101,POST /documents,200,OK,Create Document - carga 1-3,text,true,,259,1113,17,17,101,0,0
1789337897161,103,POST /documents,200,OK,Create Document - carga 1-9,text,true,,259,1113,17,17,103,0,0
1789337897175,103,POST /documents,200,OK,Create Document - carga 1-15,text,true,,259,1113,17,17,103,0,0
1789337897172,107,POST /documents,200,OK,Create Document - carga 1-16,text,true,,259,1113,17,17,107,0,0
1789337897200,106,POST /documents,200,OK,Create Document - carga 1-13,text,true,,259,1113,17,17,106,0,0
1789337897205,102,POST /documents,200,OK,Create Document - carga 1-17,text,true,,259,1113,17,17,102,0,0
1789337897215,102,POST /documents,200,OK,Create Document - carga 1-12,text,true,,259,1113,17,17,102,0,0
1789337897228,112,POST /documents,200,OK,Create Document - carga 1-7,text,true,,259,1113,17,17,112,0,0
1789337897242,100,POST /documents,200,OK,Create Document - carga 1-6,text,true,,259,1113,17,17,100,0,0
1789337897251,149,POST /documents,200,OK,Create Document - carga 1-8,text,true,,259,1113,17,17,149,0,0
1789337897253,147,POST /documents,200,OK,Create Document - carga 1-5,text,true,,259,1113,17,17,147,0,0
1789337897253,147,POST /documents,200,OK,Create Document - carga 1-10,text,true,,259,1113,17,17,147,0,0
1789337897265,135,POST /documents,200,OK,Create Document - carga 1-14,text,true,,259,1113,17,17,135,0,0
1789337897272,128,POST /documents,200,OK,Create Document - carga 1-3,text,true,,259,1113,17,17,128,0,0
1789337897284,116,POST /documents,200,OK,Create Document - carga 1-4,text,true,,259,1113,17,17,116,0,0
1789337897261,139,POST /documents,200,OK,Create Document - carga 1-1,text,true,,259,1113,17,17,139,0,0
1789337897298,112,POST /documents,200,OK,Create Document - carga 1-11,text,true,,259,1113,17,17,112,0,0
1789337897315,107,POST /documents,200,OK,Create Document - carga 1-15,text,true,,259,1113,17,17,107,0,0
1789337897319,105,POST /documents,200,OK,Create Document - carga 1-17,text,true,,259,1113,17,17,105,0,0
1789337897328,104,POST /documents,200,OK,Create Document - carga 1-2,text,true,,259,1113,17,17,104,0,0
1789337897342,103,POST /documents,200,OK,Create Document - carga 1-9,text,true,,259,1113,17,17,103,0,0
1789337897348,104,POST /documents,200,OK,Create Document - carga 1-12,text,true,,259,1113,17,17,104,0,0
1789337897353,101,POST /documents,200,OK,Create Document - carga 1-6,text,true,,259,1113,17,17,100,0,0
1789337897352,108,POST /documents,200,OK,Create Document - carga 1-16,text,true,,259,1113,17,17,108,0,0
1789337897358,102,POST /documents,200,OK,Create Document - carga 1-7,text,true,,259,1113,17,17,102,0,0
1789337897364,106,POST /documents,200,OK,Create Document - carga 1-13,text,true,,259,1113,17,17,106,0,0
1789337897419,108,POST /documents,200,OK,Create Document - carga 1-5,text,true,,259,1113,17,17,108,0,0
1789337897433,101,POST /documents,200,OK,Create Document - carga 1-8,text,true,,259,1113,17,17,101,0,0
1789337897435,100,POST /documents,200,OK,Create Document - carga 1-3,text,true,,259,1113,17,17,100,0,0
1789337897441,102,POST /documents,200,OK,Create Document - carga 1-14,text,true,,259,1113,17,17,102,0,0
1789337897448,104,POST /documents,200,OK,Create Document - carga 1-2,text,true,,259,1113,17,17,104,0,0
1789337897460,107,POST /documents,200,OK,Create Document - carga 1-4,text,true,,259,1113,17,17,107,0,0
1789337897455,112,POST /documents,200,OK,Create Document - carga 1-11,text,true,,259,1113,17,17,112,0,0
1789337897474,115,POST /documents,200,OK,Create Document - carga 1-9,text,true,,259,1113,17,17,115,0,0
1789337897493,99,POST /documents,200,OK,Create Document - carga 1-10,text,true,,259,1113,17,17,99,0,0
1789337897488,113,POST /documents,200,OK,Create Document - carga 1-1,text,true,,259,1113,17,17,113,0,0
1789337897502,101,POST /documents,200,OK,Create Document - carga 1-6,text,true,,259,1113,17,17,101,0,0
1789337897510,103,POST /documents,200,OK,Create Document - carga 1-17,text,true,,259,1113,17,17,103,0,0
1789337897512,103,POST /documents,200,OK,Create Document - carga 1-15,text,true,,259,1113,17,17,102,0,0
1789337897531,101,POST /documents,200,OK,Create Document - carga 1-12,text,true,,259,1113,17,17,101,0,0
1789337897536,103,POST /documents,200,OK,Create Document - carga 1-16,text,true,,259,1113,17,17,103,0,0
1789337897550,101,POST /documents,200,OK,Create Document - carga 1-7,text,true,,259,1113,17,17,101,0,0
1789337897562,107,POST /documents,200,OK,Create Document - carga 1-13,text,true,,259,1113,17,17,107,0,0
1789337897578,108,POST /documents,200,OK,Create Document - carga 1-2,text,true,,259,1113,17,17,108,0,0
1789337897590,101,POST /documents,200,OK,Create Document - carga 1-3,text,true,,259,1113,17,17,101,0,0
1789337897586,106,POST /documents,200,OK,Create Document - carga 1-4,text,true,,259,1113,17,17,106,0,0
1789337897609,101,POST /documents,200,OK,Create Document - carga 1-8,text,true,,259,1113,17,17,101,0,0
1789337897617,100,POST /documents,200,OK,Create Document - carga 1-6,text,true,,259,1113,17,17,100,0,0
1789337897616,105,POST /documents,200,OK,Create Document - carga 1-14,text,true,,259,1113,17,17,105,0,0
1789337897615,109,POST /documents,200,OK,Create Document - carga 1-5,text,true,,259,1113,17,17,109,0,0
1789337897629,105,POST /documents,200,OK,Create Document - carga 1-17,text,true,,259,1113,17,17,105,0,0
1789337897646,101,POST /documents,200,OK,Create Document - carga 1-10,text,true,,259,1113,17,17,101,0,0
1789337897646,103,POST /documents,200,OK,Create Document - carga 1-11,text,true,,259,1113,17,17,102,0,0
1789337897658,103,POST /documents,200,OK,Create Document - carga 1-15,text,true,,259,1113,17,17,103,0,0
1789337897666,103,POST /documents,200,OK,Create Document - carga 1-16,text,true,,259,1113,17,17,103,0,0
1789337897669,117,POST /documents,200,OK,Create Document - carga 1-1,text,true,,259,1113,17,17,117,0,0
1789337897683,105,POST /documents,200,OK,Create Document - carga 1-13,text,true,,259,1113,17,17,105,0,0
1789337897689,105,POST /documents,200,OK,Create Document - carga 1-9,text,true,,259,1113,17,17,104,0,0
1789337897705,101,POST /documents,200,OK,Create Document - carga 1-12,text,true,,259,1113,17,17,101,0,0
1789337897705,102,POST /documents,200,OK,Create Document - carga 1-3,text,true,,259,1113,17,17,102,0,0
1789337897706,101,POST /documents,200,OK,Create Document - carga 1-2,text,true,,259,1113,17,17,101,0,0
1789337897717,105,POST /documents,200,OK,Create Document - carga 1-6,text,true,,259,1113,17,17,105,0,0
1789337897717,106,POST /documents,200,OK,Create Document - carga 1-4,text,true,,259,1113,17,17,106,0,0
1789337897724,105,POST /documents,200,OK,Create Document - carga 1-5,text,true,,259,1113,17,17,105,0,0
1789337897744,102,POST /documents,200,OK,Create Document - carga 1-17,text,true,,259,1113,17,17,102,0,0
1789337897748,102,POST /documents,200,OK,Create Document - carga 1-7,text,true,,259,1113,17,17,102,0,0
1789337897755,108,POST /documents,200,OK,Create Document - carga 1-10,text,true,,259,1113,17,17,108,0,0
1789337897765,106,POST /documents,200,OK,Create Document - carga 1-11,text,true,,259,1113,17,17,106,0,0
1789337897780,109,POST /documents,200,OK,Create Document - carga 1-8,text,true,,259,1113,17,17,109,0,0
1789337897805,106,POST /documents,200,OK,Create Document - carga 1-9,text,true,,259,1113,17,17,106,0,0
1789337897810,103,POST /documents,200,OK,Create Document - carga 1-2,text,true,,259,1113,17,17,103,0,0
1789337897811,105,POST /documents,200,OK,Create Document - carga 1-14,text,true,,259,1113,17,17,105,0,0
1789337897824,105,POST /documents,200,OK,Create Document - carga 1-16,text,true,,259,1113,17,17,105,0,0
1789337897822,110,POST /documents,200,OK,Create Document - carga 1-15,text,true,,259,1113,17,17,110,0,0
1789337897843,103,POST /documents,200,OK,Create Document - carga 1-4,text,true,,259,1113,17,17,103,0,0
1789337897871,102,POST /documents,200,OK,Create Document - carga 1-3,text,true,,259,1113,17,17,102,0,0
1789337897867,107,POST /documents,200,OK,Create Document - carga 1-13,text,true,,259,1113,17,17,107,0,0
1789337897875,103,POST /documents,200,OK,Create Document - carga 1-5,text,true,,259,1113,17,17,103,0,0
1789337897882,113,POST /documents,200,OK,Create Document - carga 1-1,text,true,,259,1113,17,17,113,0,0
1789337897896,101,POST /documents,200,OK,Create Document - carga 1-7,text,true,,259,1113,17,17,101,0,0
1789337897900,102,POST /documents,200,OK,Create Document - carga 1-12,text,true,,259,1113,17,17,102,0,0
1789337897912,101,POST /documents,200,OK,Create Document - carga 1-10,text,true,,259,1113,17,17,101,0,0
1789337897916,103,POST /documents,200,OK,Create Document - carga 1-17,text,true,,259,1113,17,17,103,0,0
1789337897915,106,POST /documents,200,OK,Create Document - carga 1-8,text,true,,259,1113,17,17,106,0,0
1789337897916,108,POST /documents,200,OK,Create Document - carga 1-6,text,true,,259,1113,17,17,108,0,0
1789337897919,109,POST /documents,200,OK,Create Document - carga 1-9,text,true,,259,1113,17,17,109,0,0
1789337897927,104,POST /documents,200,OK,Create Document - carga 1-2,text,true,,259,1113,17,17,104,0,0
1789337897964,104,POST /documents,200,OK,Create Document - carga 1-16,text,true,,259,1113,17,17,104,0,0
1789337897972,106,POST /documents,200,OK,Create Document - carga 1-11,text,true,,259,1113,17,17,106,0,0
1789337897976,105,POST /documents,200,OK,Create Document - carga 1-13,text,true,,259,1113,17,17,105,0,0
1789337898000,104,POST /documents,200,OK,Create Document - carga 1-3,text,true,,259,1113,17,17,104,0,0
1789337898005,107,POST /documents,200,OK,Create Document - carga 1-14,text,true,,259,1113,17,17,107,0,0
1789337898000,113,POST /documents,200,OK,Create Document - carga 1-1,text,true,,259,1113,17,17,113,0,0
1789337898026,101,POST /documents,200,OK,Create Document - carga 1-8,text,true,,259,1113,17,17,99,0,0
1789337898030,104,POST /documents,200,OK,Create Document - carga 1-4,text,true,,259,1113,17,17,104,0,0
1789337898033,104,POST /documents,200,OK,Create Document - carga 1-15,text,true,,259,1113,17,17,104,0,0
1789337898039,105,POST /documents,200,OK,Create Document - carga 1-17,text,true,,259,1113,17,17,105,0,0
1789337898059,103,POST /documents,200,OK,Create Document - carga 1-2,text,true,,259,1113,17,17,103,0,0
1789337898060,107,POST /documents,200,OK,Create Document - carga 1-6,text,true,,259,1113,17,17,107,0,0
1789337898070,111,POST /documents,200,OK,Create Document - carga 1-5,text,true,,259,1113,17,17,111,0,0
1789337898085,109,POST /documents,200,OK,Create Document - carga 1-7,text,true,,259,1113,17,17,109,0,0
1789337898104,105,POST /documents,200,OK,Create Document - carga 1-9,text,true,,259,1113,17,17,105,0,0
1789337898096,113,POST /documents,200,OK,Create Document - carga 1-12,text,true,,259,1113,17,17,113,0,0
1789337898111,103,POST /documents,200,OK,Create Document - carga 1-10,text,true,,259,1113,17,17,103,0,0
1789337898142,108,POST /documents,200,OK,Create Document - carga 1-4,text,true,,259,1113,17,17,108,0,0
1789337898140,111,POST /documents,200,OK,Create Document - carga 1-11,text,true,,259,1113,17,17,110,0,0
1789337898152,99,POST /documents,200,OK,Create Document - carga 1-3,text,true,,259,1113,17,17,99,0,0
1789337898147,105,POST /documents,200,OK,Create Document - carga 1-15,text,true,,259,1113,17,17,105,0,0
1789337898147,109,POST /documents,200,OK,Create Document - carga 1-14,text,true,,259,1113,17,17,108,0,0
1789337898152,105,POST /documents,200,OK,Create Document - carga 1-16,text,true,,259,1113,17,17,105,0,0
1789337898161,107,POST /documents,200,OK,Create Document - carga 1-13,text,true,,259,1113,18,18,107,0,0
1789337898175,105,POST /documents,200,OK,Create Document - carga 1-8,text,true,,259,1113,18,18,105,0,0
1789337898184,104,POST /documents,200,OK,Create Document - carga 1-2,text,true,,259,1113,18,18,104,0,0
1789337898190,120,POST /documents,200,OK,Create Document - carga 1-1,text,true,,259,1113,18,18,120,0,0
1789337898215,106,POST /documents,200,OK,Create Document - carga 1-5,text,true,,259,1113,18,18,106,0,0
1789337898231,102,POST /documents,200,OK,Create Document - carga 1-12,text,true,,259,1113,18,18,102,0,0
1789337898235,106,POST /documents,200,OK,Create Document - carga 1-9,text,true,,259,1113,18,18,106,0,0
1789337898238,109,POST /documents,200,OK,Create Document - carga 1-17,text,true,,259,1113,18,18,108,0,0
1789337898256,100,POST /documents,200,OK,Create Document - carga 1-7,text,true,,259,1113,18,18,100,0,0
1789337898256,102,POST /documents,200,OK,Create Document - carga 1-6,text,true,,259,1113,18,18,101,0,0
1789337898253,106,POST /documents,200,OK,Create Document - carga 1-4,text,true,,259,1113,18,18,104,0,0
1789337898266,106,POST /documents,200,OK,Create Document - carga 1-15,text,true,,259,1113,18,18,106,0,0
1789337898271,105,POST /documents,200,OK,Create Document - carga 1-10,text,true,,259,1113,18,18,105,0,0
1789337898277,111,POST /documents,200,OK,Create Document - carga 1-13,text,true,,259,1113,18,18,111,0,0
1789337898290,117,POST /documents,200,OK,Create Document - carga 1-3,text,true,,259,1113,18,18,117,0,0
1789337898294,113,POST /documents,200,OK,Create Document - carga 1-8,text,true,,259,1113,18,18,113,0,0
1789337898311,106,POST /documents,200,OK,Create Document - carga 1-16,text,true,,259,1113,18,18,106,0,0
1789337898323,108,POST /documents,200,OK,Create Document - carga 1-5,text,true,,259,1113,18,18,108,0,0
1789337898342,106,POST /documents,200,OK,Create Document - carga 1-11,text,true,,259,1113,18,18,106,0,0
1789337898348,105,POST /documents,200,OK,Create Document - carga 1-9,text,true,,259,1113,18,18,105,0,0
1789337898350,105,POST /documents,200,OK,Create Document - carga 1-14,text,true,,259,1113,18,18,105,0,0
1789337898371,105,POST /documents,200,OK,Create Document - carga 1-2,text,true,,259,1113,18,18,105,0,0
1789337898382,103,POST /documents,200,OK,Create Document - carga 1-12,text,true,,259,1113,18,18,103,0,0
1789337898383,106,POST /documents,200,OK,Create Document - carga 1-7,text,true,,259,1113,18,18,106,0,0
1789337898379,114,POST /documents,200,OK,Create Document - carga 1-1,text,true,,259,1113,18,18,114,0,0
1789337898387,116,POST /documents,200,OK,Create Document - carga 1-4,text,true,,259,1113,18,18,116,0,0
1789337898415,101,POST /documents,200,OK,Create Document - carga 1-6,text,true,,259,1113,18,18,101,0,0
1789337898422,104,POST /documents,200,OK,Create Document - carga 1-10,text,true,,259,1113,18,18,104,0,0
1789337898427,112,POST /documents,200,OK,Create Document - carga 1-17,text,true,,259,1113,18,18,112,0,0
1789337898454,99,POST /documents,200,OK,Create Document - carga 1-8,text,true,,259,1113,18,18,99,0,0
1789337898450,105,POST /documents,200,OK,Create Document - carga 1-15,text,true,,259,1113,18,18,105,0,0
1789337898455,103,POST /documents,200,OK,Create Document - carga 1-14,text,true,,259,1113,18,18,103,0,0
1789337898476,111,POST /documents,200,OK,Create Document - carga 1-9,text,true,,259,1113,18,18,111,0,0
1789337898476,114,POST /documents,200,OK,Create Document - carga 1-13,text,true,,259,1113,18,18,114,0,0
1789337898485,106,POST /documents,200,OK,Create Document - carga 1-5,text,true,,259,1113,18,18,106,0,0
1789337898499,103,POST /documents,200,OK,Create Document - carga 1-3,text,true,,259,1113,18,18,103,0,0
1789337898301,301,POST /documents,200,OK,Create Document - carga 1-18,text,true,,259,1113,18,18,301,0,192
1789337898506,104,POST /documents,200,OK,Create Document - carga 1-16,text,true,,259,1113,18,18,104,0,0
1789337898511,100,POST /documents,200,OK,Create Document - carga 1-7,text,true,,259,1113,18,18,100,0,0
1789337898524,106,POST /documents,200,OK,Create Document - carga 1-2,text,true,,259,1113,18,18,106,0,0
1789337898518,118,POST /documents,200,OK,Create Document - carga 1-1,text,true,,259,1113,18,18,118,0,0
1789337898539,107,POST /documents,200,OK,Create Document - carga 1-11,text,true,,259,1113,18,18,107,0,0
1789337898551,104,POST /documents,200,OK,Create Document - carga 1-6,text,true,,259,1113,18,18,104,0,0
1789337898572,100,POST /documents,200,OK,Create Document - carga 1-10,text,true,,259,1113,18,18,100,0,0
1789337898568,104,POST /documents,200,OK,Create Document - carga 1-4,text,true,,259,1113,18,18,104,0,0
1789337898572,101,POST /documents,200,OK,Create Document - carga 1-12,text,true,,259,1113,18,18,101,0,0
1789337898572,102,POST /documents,200,OK,Create Document - carga 1-17,text,true,,259,1113,18,18,101,0,0
1789337898587,108,POST /documents,200,OK,Create Document - carga 1-15,text,true,,259,1113,18,18,108,0,0
1789337898611,104,POST /documents,200,OK,Create Document - carga 1-7,text,true,,259,1113,18,18,104,0,0
1789337898610,105,POST /documents,200,OK,Create Document - carga 1-14,text,true,,259,1113,18,18,105,0,0
1789337898624,103,POST /documents,200,OK,Create Document - carga 1-18,text,true,,259,1113,18,18,103,0,0
1789337898625,102,POST /documents,200,OK,Create Document - carga 1-16,text,true,,259,1113,18,18,102,0,0
1789337898623,106,POST /documents,200,OK,Create Document - carga 1-9,text,true,,259,1113,18,18,106,0,0
1789337898636,107,POST /documents,200,OK,Create Document - carga 1-8,text,true,,259,1113,18,18,107,0,0
1789337898639,108,POST /documents,200,OK,Create Document - carga 1-3,text,true,,259,1113,18,18,108,0,0
1789337898650,105,POST /documents,200,OK,Create Document - carga 1-5,text,true,,259,1113,18,18,105,0,0
1789337898652,105,POST /documents,200,OK,Create Document - carga 1-11,text,true,,259,1113,18,18,105,0,0
1789337898686,104,POST /documents,200,OK,Create Document - carga 1-10,text,true,,259,1113,18,18,104,0,0
1789337898691,100,POST /documents,200,OK,Create Document - carga 1-6,text,true,,259,1113,18,18,100,0,0
1789337898687,104,POST /documents,200,OK,Create Document - carga 1-2,text,true,,259,1113,18,18,104,0,0
1789337898680,111,POST /documents,200,OK,Create Document - carga 1-13,text,true,,259,1113,18,18,111,0,0
1789337898697,102,POST /documents,200,OK,Create Document - carga 1-17,text,true,,259,1113,18,18,102,0,0
1789337898704,117,POST /documents,200,OK,Create Document - carga 1-1,text,true,,259,1113,18,18,117,0,0
1789337898737,101,POST /documents,200,OK,Create Document - carga 1-12,text,true,,259,1113,18,18,101,0,0
1789337898736,102,POST /documents,200,OK,Create Document - carga 1-18,text,true,,259,1113,18,18,102,0,0
1789337898750,108,POST /documents,200,OK,Create Document - carga 1-4,text,true,,259,1113,18,18,108,0,0
1789337898761,108,POST /documents,200,OK,Create Document - carga 1-15,text,true,,259,1113,18,18,108,0,0
1789337898761,109,POST /documents,200,OK,Create Document - carga 1-11,text,true,,259,1113,18,18,109,0,0
1789337898779,104,POST /documents,200,OK,Create Document - carga 1-3,text,true,,259,1113,18,18,104,0,0
1789337898792,109,POST /documents,200,OK,Create Document - carga 1-5,text,true,,259,1113,18,18,109,0,0
1789337898803,101,POST /documents,200,OK,Create Document - carga 1-8,text,true,,259,1113,18,18,101,0,0
1789337898799,106,POST /documents,200,OK,Create Document - carga 1-14,text,true,,259,1113,18,18,106,0,0
1789337898807,107,POST /documents,200,OK,Create Document - carga 1-7,text,true,,259,1113,18,18,107,0,0
1789337898829,108,POST /documents,200,OK,Create Document - carga 1-6,text,true,,259,1113,18,18,108,0,0
1789337898829,110,POST /documents,200,OK,Create Document - carga 1-9,text,true,,259,1113,18,18,110,0,0
1789337898842,101,POST /documents,200,OK,Create Document - carga 1-10,text,true,,259,1113,18,18,101,0,0
1789337898845,107,POST /documents,200,OK,Create Document - carga 1-13,text,true,,259,1113,18,18,107,0,0
1789337898843,115,POST /documents,200,OK,Create Document - carga 1-1,text,true,,259,1113,18,18,115,0,0
1789337898862,105,POST /documents,200,OK,Create Document - carga 1-17,text,true,,259,1113,18,18,105,0,0
1789337898867,106,POST /documents,200,OK,Create Document - carga 1-4,text,true,,259,1113,18,18,106,0,0
1789337898883,105,POST /documents,200,OK,Create Document - carga 1-2,text,true,,259,1113,18,18,105,0,0
1789337898894,101,POST /documents,200,OK,Create Document - carga 1-3,text,true,,259,1113,18,18,101,0,0
1789337898905,109,POST /documents,200,OK,Create Document - carga 1-14,text,true,,259,1113,18,18,109,0,0
1789337898925,104,POST /documents,200,OK,Create Document - carga 1-7,text,true,,259,1113,18,18,104,0,0
1789337898933,105,POST /documents,200,OK,Create Document - carga 1-11,text,true,,259,1113,18,18,105,0,0
1789337898934,104,POST /documents,200,OK,Create Document - carga 1-18,text,true,,259,1113,18,18,104,0,0
1789337898933,110,POST /documents,200,OK,Create Document - carga 1-12,text,true,,259,1113,18,18,110,0,0
1789337898934,117,POST /documents,200,OK,Create Document - carga 1-5,text,true,,259,1113,18,18,117,0,0
1789337898951,107,POST /documents,200,OK,Create Document - carga 1-10,text,true,,259,1113,18,18,106,0,0
1789337898951,107,POST /documents,200,OK,Create Document - carga 1-9,text,true,,259,1113,18,18,107,0,0
1789337898962,100,POST /documents,200,OK,Create Document - carga 1-6,text,true,,259,1113,18,18,100,0,0
1789337898961,106,POST /documents,200,OK,Create Document - carga 1-15,text,true,,259,1113,18,18,106,0,0
1789337898968,113,POST /documents,200,OK,Create Document - carga 1-1,text,true,,259,1113,18,18,113,0,0
1789337898978,108,POST /documents,200,OK,Create Document - carga 1-8,text,true,,259,1113,18,18,108,0,0
1789337898995,133,POST /documents,200,OK,Create Document - carga 1-13,text,true,,259,1113,18,18,133,0,0
1789337899034,111,POST /documents,200,OK,Create Document - carga 1-2,text,true,,259,1113,18,18,111,0,0
1789337899044,115,POST /documents,200,OK,Create Document - carga 1-17,text,true,,259,1113,18,18,115,0,0
1789337899059,103,POST /documents,200,OK,Create Document - carga 1-5,text,true,,259,1113,18,18,103,0,0
1789337899061,103,POST /documents,200,OK,Create Document - carga 1-4,text,true,,259,1113,18,18,103,0,0
1789337899064,100,POST /documents,200,OK,Create Document - carga 1-18,text,true,,259,1113,18,18,100,0,0
1789337899091,107,POST /documents,200,OK,Create Document - carga 1-3,text,true,,259,1113,18,18,106,0,0
1789337899093,106,POST /documents,200,OK,Create Document - carga 1-7,text,true,,259,1113,18,18,106,0,0
1789337899093,110,POST /documents,200,OK,Create Document - carga 1-14,text,true,,259,1113,18,18,110,0,0
1789337898787,434,POST /documents,200,OK,Create Document - carga 1-16,text,true,,259,1113,18,18,434,0,0
1789337899126,100,POST /documents,200,OK,Create Document - carga 1-10,text,true,,259,1113,18,18,100,0,0
1789337899127,100,POST /documents,200,OK,Create Document - carga 1-11,text,true,,259,1113,18,18,100,0,0
1789337899129,99,POST /documents,200,OK,Create Document - carga 1-6,text,true,,259,1113,18,18,99,0,0
1789337899130,104,POST /documents,200,OK,Create Document - carga 1-8,text,true,,259,1113,18,18,104,0,0
1789337899120,114,POST /documents,200,OK,Create Document - carga 1-1,text,true,,259,1113,18,18,114,0,0
1789337899134,100,POST /documents,200,OK,Create Document - carga 1-12,text,true,,259,1113,18,18,100,0,0
1789337899140,106,POST /documents,200,OK,Create Document - carga 1-15,text,true,,259,1113,18,18,106,0,0
1789337899143,103,POST /documents,200,OK,Create Document - carga 1-9,text,true,,259,1113,18,18,103,0,0
1789337899169,107,POST /documents,200,OK,Create Document - carga 1-13,text,true,,259,1113,18,18,107,0,0
1789337899187,104,POST /documents,200,OK,Create Document - carga 1-2,text,true,,259,1113,18,18,104,0,0
1789337899196,109,POST /documents,200,OK,Create Document - carga 1-17,text,true,,259,1113,18,18,109,0,0
1789337899203,102,POST /documents,200,OK,Create Document - carga 1-18,text,true,,259,1113,18,18,102,0,0
1789337899222,104,POST /documents,200,OK,Create Document - carga 1-7,text,true,,259,1113,18,18,104,0,0
1789337899224,105,POST /documents,200,OK,Create Document - carga 1-3,text,true,,259,1113,18,18,105,0,0
1789337899221,115,POST /documents,200,OK,Create Document - carga 1-16,text,true,,259,1113,18,18,115,0,0
1789337899260,104,POST /documents,200,OK,Create Document - carga 1-10,text,true,,259,1113,18,18,104,0,0
1789337899245,121,POST /documents,200,OK,Create Document - carga 1-4,text,true,,259,1113,18,18,120,0,0
1789337899267,104,POST /documents,200,OK,Create Document - carga 1-8,text,true,,259,1113,18,18,104,0,0
1789337899257,110,POST /documents,200,OK,Create Document - carga 1-5,text,true,,259,1113,18,18,109,0,0
1789337899267,104,POST /documents,200,OK,Create Document - carga 1-14,text,true,,259,1113,18,18,104,0,0
1789337899264,107,POST /documents,200,OK,Create Document - carga 1-12,text,true,,259,1113,18,18,107,0,0
1789337899285,100,POST /documents,200,OK,Create Document - carga 1-6,text,true,,259,1113,18,18,100,0,0
1789337899292,104,POST /documents,200,OK,Create Document - carga 1-9,text,true,,259,1113,18,18,104,0,0
1789337899309,104,POST /documents,200,OK,Create Document - carga 1-11,text,true,,259,1113,18,18,104,0,0
1789337899332,102,POST /documents,200,OK,Create Document - carga 1-7,text,true,,259,1113,18,18,102,0,0
1789337899303,131,POST /documents,200,OK,Create Document - carga 1-1,text,true,,259,1113,18,18,131,0,0
1789337899333,111,POST /documents,200,OK,Create Document - carga 1-15,text,true,,259,1113,18,18,111,0,0
1789337899337,107,POST /documents,200,OK,Create Document - carga 1-17,text,true,,259,1113,18,18,107,0,0
1789337899338,107,POST /documents,200,OK,Create Document - carga 1-13,text,true,,259,1113,18,18,106,0,0
1789337899348,99,POST /documents,200,OK,Create Document - carga 1-3,text,true,,259,1113,18,18,99,0,0
1789337899353,109,POST /documents,200,OK,Create Document - carga 1-2,text,true,,259,1113,18,18,109,0,0
1789337899359,105,POST /documents,200,OK,Create Document - carga 1-16,text,true,,259,1113,18,18,105,0,0
1789337899382,100,POST /documents,200,OK,Create Document - carga 1-18,text,true,,259,1113,18,18,100,0,0
1789337899377,106,POST /documents,200,OK,Create Document - carga 1-10,text,true,,259,1113,18,18,106,0,0
1789337899396,100,POST /documents,200,OK,Create Document - carga 1-6,text,true,,259,1113,18,18,99,0,0
1789337899405,100,POST /documents,200,OK,Create Document - carga 1-12,text,true,,259,1113,18,18,100,0,0
1789337899404,107,POST /documents,200,OK,Create Document - carga 1-5,text,true,,259,1113,18,18,107,0,0
1789337899414,101,POST /documents,200,OK,Create Document - carga 1-14,text,true,,259,1113,18,18,101,0,0
1789337899428,106,POST /documents,200,OK,Create Document - carga 1-4,text,true,,259,1113,18,18,106,0,0
1789337899417,117,POST /documents,200,OK,Create Document - carga 1-8,text,true,,259,1113,18,18,117,0,0
1789337899435,105,POST /documents,200,OK,Create Document - carga 1-9,text,true,,259,1113,18,18,105,0,0
1789337899441,105,POST /documents,200,OK,Create Document - carga 1-7,text,true,,259,1113,18,18,105,0,0
1789337899470,105,POST /documents,200,OK,Create Document - carga 1-2,text,true,,259,1113,18,18,105,0,0
1789337899481,110,POST /documents,200,OK,Create Document - carga 1-17,text,true,,259,1113,18,18,110,0,0
1789337899494,107,POST /documents,200,OK,Create Document - carga 1-13,text,true,,259,1113,18,18,106,0,0
1789337899508,105,POST /documents,200,OK,Create Document - carga 1-10,text,true,,259,1113,18,18,105,0,0
1789337899513,105,POST /documents,200,OK,Create Document - carga 1-11,text,true,,259,1113,18,18,105,0,0
1789337899522,105,POST /documents,200,OK,Create Document - carga 1-14,text,true,,259,1113,18,18,105,0,0
1789337899519,108,POST /documents,200,OK,Create Document - carga 1-15,text,true,,259,1113,18,18,108,0,0
1789337899525,103,POST /documents,200,OK,Create Document - carga 1-12,text,true,,259,1113,18,18,103,0,0
1789337899524,107,POST /documents,200,OK,Create Document - carga 1-3,text,true,,259,1113,18,18,107,0,0
1789337899529,103,POST /documents,200,OK,Create Document - carga 1-16,text,true,,259,1113,18,18,103,0,0
1789337899538,99,POST /documents,200,OK,Create Document - carga 1-8,text,true,,259,1113,18,18,99,0,0
1789337899533,106,POST /documents,200,OK,Create Document - carga 1-18,text,true,,259,1113,18,18,106,0,0
1789337899525,118,POST /documents,200,OK,Create Document - carga 1-1,text,true,,259,1113,18,18,118,0,0
1789337899544,108,POST /documents,200,OK,Create Document - carga 1-4,text,true,,259,1113,18,18,108,0,0
1789337899556,109,POST /documents,200,OK,Create Document - carga 1-5,text,true,,259,1113,18,18,109,0,0
1789337899589,101,POST /documents,200,OK,Create Document - carga 1-6,text,true,,259,1113,18,18,101,0,0
1789337899605,105,POST /documents,200,OK,Create Document - carga 1-7,text,true,,259,1113,18,18,105,0,0
1789337899608,104,POST /documents,200,OK,Create Document - carga 1-9,text,true,,259,1113,18,18,104,0,0
1789337899604,110,POST /documents,200,OK,Create Document - carga 1-17,text,true,,259,1113,18,18,109,0,0
1789337899624,109,POST /documents,200,OK,Create Document - carga 1-11,text,true,,259,1113,18,18,109,0,0
1789337899638,101,POST /documents,200,OK,Create Document - carga 1-10,text,true,,259,1113,18,18,101,0,0
1789337899639,106,POST /documents,200,OK,Create Document - carga 1-3,text,true,,259,1113,18,18,106,0,0
1789337899640,105,POST /documents,200,OK,Create Document - carga 1-2,text,true,,259,1113,18,18,105,0,0
1789337899646,104,POST /documents,200,OK,Create Document - carga 1-16,text,true,,259,1113,18,18,104,0,0
1789337899653,103,POST /documents,200,OK,Create Document - carga 1-14,text,true,,259,1113,18,18,103,0,0
1789337899657,102,POST /documents,200,OK,Create Document - carga 1-15,text,true,,259,1113,18,18,102,0,0
1789337899662,103,POST /documents,200,OK,Create Document - carga 1-12,text,true,,259,1113,18,18,103,0,0
1789337899673,107,POST /documents,200,OK,Create Document - carga 1-13,text,true,,259,1113,18,18,107,0,0
1789337899703,107,POST /documents,200,OK,Create Document - carga 1-5,text,true,,259,1113,18,18,107,0,0
1789337899695,117,POST /documents,200,OK,Create Document - carga 1-1,text,true,,259,1113,18,18,117,0,0
1789337899714,104,POST /documents,200,OK,Create Document - carga 1-4,text,true,,259,1113,18,18,103,0,0
1789337899720,111,POST /documents,200,OK,Create Document - carga 1-18,text,true,,259,1113,18,18,111,0,0
1789337899728,103,POST /documents,200,OK,Create Document - carga 1-8,text,true,,259,1113,18,18,103,0,0
1789337899748,112,POST /documents,200,OK,Create Document - carga 1-10,text,true,,259,1113,18,18,112,0,0
1789337899764,106,POST /documents,200,OK,Create Document - carga 1-14,text,true,,259,1113,18,18,106,0,0
1789337899759,112,POST /documents,200,OK,Create Document - carga 1-6,text,true,,259,1113,18,18,112,0,0
1789337899775,104,POST /documents,200,OK,Create Document - carga 1-9,text,true,,259,1113,18,18,104,0,0
1789337899782,107,POST /documents,200,OK,Create Document - carga 1-16,text,true,,259,1113,18,18,107,0,0
1789337899789,108,POST /documents,200,OK,Create Document - carga 1-7,text,true,,259,1113,18,18,108,0,0
1789337899792,107,POST /documents,200,OK,Create Document - carga 1-13,text,true,,259,1113,18,18,107,0,0
1789337899792,111,POST /documents,200,OK,Create Document - carga 1-17,text,true,,259,1113,18,18,111,0,0
1789337899798,109,POST /documents,200,OK,Create Document - carga 1-2,text,true,,259,1113,18,18,109,0,0
1789337899804,106,POST /documents,200,OK,Create Document - carga 1-11,text,true,,259,1113,18,18,106,0,0
1789337899804,108,POST /documents,200,OK,Create Document - carga 1-15,text,true,,259,1113,18,18,108,0,0
1789337899823,104,POST /documents,200,OK,Create Document - carga 1-3,text,true,,259,1113,18,18,104,0,0
1789337899838,102,POST /documents,200,OK,Create Document - carga 1-8,text,true,,259,1113,18,18,102,0,0
1789337899843,101,POST /documents,200,OK,Create Document - carga 1-12,text,true,,259,1113,18,18,101,0,0
1789337899845,111,POST /documents,200,OK,Create Document - carga 1-1,text,true,,259,1113,18,18,111,0,0
1789337899853,107,POST /documents,200,OK,Create Document - carga 1-4,text,true,,259,1113,18,18,107,0,0
1789337899889,102,POST /documents,200,OK,Create Document - carga 1-10,text,true,,259,1113,18,18,102,0,0
1789337899892,101,POST /documents,200,OK,Create Document - carga 1-18,text,true,,259,1113,18,18,101,0,0
1789337899891,102,POST /documents,200,OK,Create Document - carga 1-5,text,true,,259,1113,18,18,102,0,0
1789337899911,103,POST /documents,200,OK,Create Document - carga 1-6,text,true,,259,1113,18,18,103,0,0
1789337899916,106,POST /documents,200,OK,Create Document - carga 1-2,text,true,,259,1113,18,18,106,0,0
1789337899934,105,POST /documents,200,OK,Create Document - carga 1-17,text,true,,259,1113,18,18,105,0,0
1789337899926,114,POST /documents,200,OK,Create Document - carga 1-9,text,true,,259,1113,18,18,114,0,0
1789337899944,102,POST /documents,200,OK,Create Document - carga 1-11,text,true,,259,1113,18,18,102,0,0
1789337899946,103,POST /documents,200,OK,Create Document - carga 1-13,text,true,,259,1113,18,18,103,0,0
1789337899947,103,POST /documents,200,OK,Create Document - carga 1-14,text,true,,259,1113,18,18,103,0,0
1789337899964,102,POST /documents,200,OK,Create Document - carga 1-7,text,true,,259,1113,18,18,102,0,0
1789337899970,110,POST /documents,200,OK,Create Document - carga 1-15,text,true,,259,1113,18,18,109,0,0
1789337899981,106,POST /documents,200,OK,Create Document - carga 1-16,text,true,,259,1113,18,18,106,0,0
1789337899997,107,POST /documents,200,OK,Create Document - carga 1-8,text,true,,259,1113,18,18,107,0,0
1789337900001,103,POST /documents,200,OK,Create Document - carga 1-3,text,true,,259,1113,18,18,103,0,0
1789337900011,113,POST /documents,200,OK,Create Document - carga 1-1,text,true,,259,1113,18,18,113,0,0
1789337900026,100,POST /documents,200,OK,Create Document - carga 1-12,text,true,,259,1113,18,18,100,0,0
1789337900025,106,POST /documents,200,OK,Create Document - carga 1-4,text,true,,259,1113,18,18,106,0,0
1789337900041,101,POST /documents,200,OK,Create Document - carga 1-6,text,true,,259,1113,18,18,101,0,0
1789337900072,104,POST /documents,200,OK,Create Document - carga 1-10,text,true,,259,1113,18,18,104,0,0
1789337900083,102,POST /documents,200,OK,Create Document - carga 1-18,text,true,,259,1113,18,18,102,0,0
1789337900083,103,POST /documents,200,OK,Create Document - carga 1-9,text,true,,259,1113,18,18,103,0,0
1789337900089,101,POST /documents,200,OK,Create Document - carga 1-5,text,true,,259,1113,18,18,101,0,0
1789337900087,103,POST /documents,200,OK,Create Document - carga 1-13,text,true,,259,1113,18,18,103,0,0
1789337900089,107,POST /documents,200,OK,Create Document - carga 1-17,text,true,,259,1113,18,18,107,0,0
1789337900094,103,POST /documents,200,OK,Create Document - carga 1-14,text,true,,259,1113,18,18,103,0,0
1789337900102,103,POST /documents,200,OK,Create Document - carga 1-7,text,true,,259,1113,18,18,103,0,0
1789337900108,108,POST /documents,200,OK,Create Document - carga 1-2,text,true,,259,1113,18,18,108,0,0
1789337900116,105,POST /documents,200,OK,Create Document - carga 1-16,text,true,,259,1113,17,17,105,0,0
1789337900125,141,POST /documents,200,OK,Create Document - carga 1-11,text,true,,259,1113,17,17,141,0,0
1789337900130,136,POST /documents,200,OK,Create Document - carga 1-3,text,true,,259,1113,17,17,136,0,0
1789337900150,117,POST /documents,200,OK,Create Document - carga 1-4,text,true,,259,1113,17,17,117,0,0
1789337900161,106,POST /documents,200,OK,Create Document - carga 1-12,text,true,,259,1113,17,17,106,0,0
1789337900174,103,POST /documents,200,OK,Create Document - carga 1-8,text,true,,259,1113,17,17,103,0,0
1789337900172,106,POST /documents,200,OK,Create Document - carga 1-15,text,true,,259,1113,17,17,106,0,0
1789337900183,106,POST /documents,200,OK,Create Document - carga 1-10,text,true,,259,1113,17,17,106,0,0
1789337900187,111,POST /documents,200,OK,Create Document - carga 1-1,text,true,,259,1113,17,17,111,0,0
1789337900200,101,POST /documents,200,OK,Create Document - carga 1-18,text,true,,259,1113,16,16,101,0,0
1789337900211,103,POST /documents,200,OK,Create Document - carga 1-5,text,true,,259,1113,16,16,103,0,0
1789337900237,110,POST /documents,200,OK,Create Document - carga 1-14,text,true,,259,1113,16,16,110,0,0
1789337900240,107,POST /documents,200,OK,Create Document - carga 1-6,text,true,,259,1113,16,16,107,0,0
1789337900247,109,POST /documents,200,OK,Create Document - carga 1-17,text,true,,259,1113,16,16,109,0,0
1789337900269,108,POST /documents,200,OK,Create Document - carga 1-7,text,true,,259,1113,16,16,108,0,0
1789337900278,100,POST /documents,200,OK,Create Document - carga 1-8,text,true,,259,1113,16,16,100,0,0
1789337900278,106,POST /documents,200,OK,Create Document - carga 1-12,text,true,,259,1113,16,16,106,0,0
1789337900280,104,POST /documents,200,OK,Create Document - carga 1-11,text,true,,259,1113,16,16,104,0,0
1789337900288,100,POST /documents,200,OK,Create Document - carga 1-9,text,true,,259,1113,16,16,100,0,0
1789337900288,102,POST /documents,200,OK,Create Document - carga 1-13,text,true,,259,1113,16,16,101,0,0
1789337900298,100,POST /documents,200,OK,Create Document - carga 1-10,text,true,,259,1113,16,16,100,0,0
1789337900295,104,POST /documents,200,OK,Create Document - carga 1-16,text,true,,259,1113,16,16,104,0,0
1789337900300,111,POST /documents,200,OK,Create Document - carga 1-4,text,true,,259,1113,16,16,111,0,0
1789337900304,107,POST /documents,200,OK,Create Document - carga 1-18,text,true,,259,1113,16,16,107,0,0
1789337900344,136,POST /documents,200,OK,Create Document - carga 1-3,text,true,,259,1113,16,16,136,0,0
1789337900330,150,POST /documents,200,OK,Create Document - carga 1-15,text,true,,259,1113,16,16,150,0,0
1789337900371,110,POST /documents,200,OK,Create Document - carga 1-14,text,true,,259,1113,16,16,110,0,0
1789337900380,107,POST /documents,200,OK,Create Document - carga 1-7,text,true,,259,1113,16,16,103,0,0
1789337900388,100,POST /documents,200,OK,Create Document - carga 1-6,text,true,,259,1113,16,16,100,0,0
1789337900393,101,POST /documents,200,OK,Create Document - carga 1-5,text,true,,259,1113,16,16,101,0,0
1789337900400,102,POST /documents,200,OK,Create Document - carga 1-17,text,true,,259,1113,16,16,102,0,0
1789337900397,106,POST /documents,200,OK,Create Document - carga 1-13,text,true,,259,1113,16,16,105,0,0
1789337900446,130,POST /documents,200,OK,Create Document - carga 1-11,text,true,,259,1113,16,16,130,0,0
1789337900438,138,POST /documents,200,OK,Create Document - carga 1-9,text,true,,259,1113,16,16,138,0,0
1789337900474,102,POST /documents,200,OK,Create Document - carga 1-8,text,true,,259,1113,16,16,102,0,0
1789337900460,116,POST /documents,200,OK,Create Document - carga 1-10,text,true,,259,1113,16,16,116,0,0
1789337900474,102,POST /documents,200,OK,Create Document - carga 1-18,text,true,,259,1113,16,16,102,0,0
1789337900474,102,POST /documents,200,OK,Create Document - carga 1-12,text,true,,259,1113,16,16,102,0,0
1789337900471,108,POST /documents,200,OK,Create Document - carga 1-16,text,true,,259,1113,16,16,108,0,0
1789337900480,107,POST /documents,200,OK,Create Document - carga 1-3,text,true,,259,1113,16,16,107,0,0
1789337900482,110,POST /documents,200,OK,Create Document - carga 1-4,text,true,,259,1113,15,15,110,0,0
1789337900495,101,POST /documents,200,OK,Create Document - carga 1-15,text,true,,259,1113,15,15,101,0,0
1789337900531,104,POST /documents,200,OK,Create Document - carga 1-14,text,true,,259,1113,15,15,104,0,0
1789337900532,103,POST /documents,200,OK,Create Document - carga 1-17,text,true,,259,1113,15,15,103,0,0
1789337900542,109,POST /documents,200,OK,Create Document - carga 1-5,text,true,,259,1113,15,15,109,0,0
1789337900547,104,POST /documents,200,OK,Create Document - carga 1-6,text,true,,259,1113,15,15,104,0,0
1789337900579,103,POST /documents,200,OK,Create Document - carga 1-7,text,true,,259,1113,16,16,103,0,0
1789337900576,108,POST /documents,200,OK,Create Document - carga 1-13,text,true,,259,1113,16,16,108,0,0
1789337900584,106,POST /documents,200,OK,Create Document - carga 1-16,text,true,,259,1113,16,16,105,0,0
1789337900595,105,POST /documents,200,OK,Create Document - carga 1-9,text,true,,259,1113,16,16,105,0,0
1789337900600,102,POST /documents,200,OK,Create Document - carga 1-8,text,true,,259,1113,16,16,98,0,0
1789337900600,103,POST /documents,200,OK,Create Document - carga 1-12,text,true,,259,1113,16,16,103,0,0
1789337900613,103,POST /documents,200,OK,Create Document - carga 1-18,text,true,,259,1113,16,16,100,0,0
1789337900611,111,POST /documents,200,OK,Create Document - carga 1-11,text,true,,259,1113,16,16,111,0,0
1789337900628,99,POST /documents,200,OK,Create Document - carga 1-10,text,true,,259,1113,16,16,99,0,0
1789337900651,107,POST /documents,200,OK,Create Document - carga 1-5,text,true,,259,1113,16,16,107,0,0
1789337900649,110,POST /documents,200,OK,Create Document - carga 1-15,text,true,,259,1113,16,16,109,0,0
1789337900680,110,POST /documents,200,OK,Create Document - carga 1-4,text,true,,259,1113,16,16,110,0,0
1789337900705,106,POST /documents,200,OK,Create Document - carga 1-16,text,true,,259,1113,16,16,106,0,0
1789337900717,105,POST /documents,200,OK,Create Document - carga 1-14,text,true,,259,1113,16,16,105,0,0
1789337900713,109,POST /documents,200,OK,Create Document - carga 1-6,text,true,,259,1113,16,16,109,0,0
1789337900714,108,POST /documents,200,OK,Create Document - carga 1-17,text,true,,259,1113,16,16,108,0,0
1789337900721,102,POST /documents,200,OK,Create Document - carga 1-12,text,true,,259,1113,16,16,101,0,0
1789337900728,109,POST /documents,200,OK,Create Document - carga 1-9,text,true,,259,1113,16,16,109,0,0
1789337900737,101,POST /documents,200,OK,Create Document - carga 1-8,text,true,,259,1113,16,16,101,0,0
1789337900755,105,POST /documents,200,OK,Create Document - carga 1-13,text,true,,259,1113,16,16,105,0,0
1789337900761,104,POST /documents,200,OK,Create Document - carga 1-7,text,true,,259,1113,16,16,104,0,0
1789337900763,104,POST /documents,200,OK,Create Document - carga 1-18,text,true,,259,1113,16,16,104,0,0
1789337900790,109,POST /documents,200,OK,Create Document - carga 1-5,text,true,,259,1113,16,16,109,0,0
1789337900810,105,POST /documents,200,OK,Create Document - carga 1-15,text,true,,259,1113,16,16,105,0,0
1789337900812,105,POST /documents,200,OK,Create Document - carga 1-10,text,true,,259,1113,16,16,104,0,0
1789337900818,108,POST /documents,200,OK,Create Document - carga 1-11,text,true,,259,1113,16,16,108,0,0
1789337900838,110,POST /documents,200,OK,Create Document - carga 1-14,text,true,,259,1113,16,16,110,0,0
1789337900848,113,POST /documents,200,OK,Create Document - carga 1-16,text,true,,259,1113,16,16,112,0,0
1789337900862,103,POST /documents,200,OK,Create Document - carga 1-6,text,true,,259,1113,16,16,103,0,0
1789337900871,107,POST /documents,200,OK,Create Document - carga 1-4,text,true,,259,1113,16,16,107,0,0
1789337900895,108,POST /documents,200,OK,Create Document - carga 1-12,text,true,,259,1113,16,16,108,0,0
1789337900889,114,POST /documents,200,OK,Create Document - carga 1-13,text,true,,259,1113,16,16,114,0,0
1789337900895,108,POST /documents,200,OK,Create Document - carga 1-8,text,true,,259,1113,16,16,108,0,0
1789337900900,104,POST /documents,200,OK,Create Document - carga 1-9,text,true,,259,1113,16,16,104,0,0
1789337900699,305,POST /documents,200,OK,Create Document - carga 1-19,text,true,,259,1113,16,16,305,0,197
1789337900905,106,POST /documents,200,OK,Create Document - carga 1-17,text,true,,259,1113,16,16,105,0,0
1789337900913,101,POST /documents,200,OK,Create Document - carga 1-18,text,true,,259,1113,16,16,101,0,0
1789337900942,103,POST /documents,200,OK,Create Document - carga 1-7,text,true,,259,1113,16,16,103,0,0
1789337900948,106,POST /documents,200,OK,Create Document - carga 1-5,text,true,,259,1113,16,16,106,0,0
1789337900947,117,POST /documents,200,OK,Create Document - carga 1-15,text,true,,259,1113,16,16,117,0,0
1789337900973,104,POST /documents,200,OK,Create Document - carga 1-14,text,true,,259,1113,16,16,104,0,0
1789337900979,107,POST /documents,200,OK,Create Document - carga 1-10,text,true,,259,1113,16,16,107,0,0
1789337900979,107,POST /documents,200,OK,Create Document - carga 1-11,text,true,,259,1113,16,16,107,0,0
1789337901010,104,POST /documents,200,OK,Create Document - carga 1-6,text,true,,259,1113,16,16,104,0,0
1789337901017,100,POST /documents,200,OK,Create Document - carga 1-18,text,true,,259,1113,16,16,100,0,0
1789337901021,107,POST /documents,200,OK,Create Document - carga 1-19,text,true,,259,1113,16,16,107,0,0
1789337901042,122,POST /documents,200,OK,Create Document - carga 1-16,text,true,,259,1113,16,16,122,0,0
1789337901055,117,POST /documents,200,OK,Create Document - carga 1-17,text,true,,259,1113,16,16,109,0,0
1789337901058,114,POST /documents,200,OK,Create Document - carga 1-4,text,true,,259,1113,16,16,114,0,0
1789337901074,107,POST /documents,200,OK,Create Document - carga 1-8,text,true,,259,1113,16,16,107,0,0
1789337901083,105,POST /documents,200,OK,Create Document - carga 1-12,text,true,,259,1113,16,16,105,0,0
1789337901092,105,POST /documents,200,OK,Create Document - carga 1-9,text,true,,259,1113,16,16,105,0,0
1789337901092,105,POST /documents,200,OK,Create Document - carga 1-11,text,true,,259,1113,16,16,105,0,0
1789337901100,108,POST /documents,200,OK,Create Document - carga 1-7,text,true,,259,1113,16,16,108,0,0
1789337901101,108,POST /documents,200,OK,Create Document - carga 1-13,text,true,,259,1113,16,16,108,0,0
1789337901128,103,POST /documents,200,OK,Create Document - carga 1-6,text,true,,259,1113,16,16,102,0,0
1789337901129,106,POST /documents,200,OK,Create Document - carga 1-5,text,true,,259,1113,16,16,106,0,0
1789337901131,106,POST /documents,200,OK,Create Document - carga 1-14,text,true,,259,1113,16,16,106,0,0
1789337901136,105,POST /documents,200,OK,Create Document - carga 1-10,text,true,,259,1113,16,16,105,0,0
1789337901136,105,POST /documents,200,OK,Create Document - carga 1-15,text,true,,259,1113,16,16,105,0,0
1789337901170,115,POST /documents,200,OK,Create Document - carga 1-16,text,true,,259,1113,16,16,115,0,0
1789337901183,111,POST /documents,200,OK,Create Document - carga 1-17,text,true,,259,1113,16,16,111,0,0
1789337901209,104,POST /documents,200,OK,Create Document - carga 1-18,text,true,,259,1113,16,16,104,0,0
1789337901217,103,POST /documents,200,OK,Create Document - carga 1-12,text,true,,259,1113,16,16,103,0,0
1789337901216,107,POST /documents,200,OK,Create Document - carga 1-19,text,true,,259,1113,16,16,107,0,0
1789337901213,110,POST /documents,200,OK,Create Document - carga 1-4,text,true,,259,1113,16,16,110,0,0
1789337901212,111,POST /documents,200,OK,Create Document - carga 1-13,text,true,,259,1113,16,16,108,0,0
1789337901240,105,POST /documents,200,OK,Create Document - carga 1-8,text,true,,259,1113,16,16,104,0,0
1789337901244,102,POST /documents,200,OK,Create Document - carga 1-7,text,true,,259,1113,16,16,102,0,0
1789337901263,106,POST /documents,200,OK,Create Document - carga 1-6,text,true,,259,1113,16,16,106,0,0
1789337901267,103,POST /documents,200,OK,Create Document - carga 1-5,text,true,,259,1113,16,16,103,0,0
1789337901274,104,POST /documents,200,OK,Create Document - carga 1-14,text,true,,259,1113,16,16,104,0,0
1789337901273,107,POST /documents,200,OK,Create Document - carga 1-9,text,true,,259,1113,16,16,107,0,0
1789337901282,103,POST /documents,200,OK,Create Document - carga 1-10,text,true,,259,1113,16,16,103,0,0
1789337901289,102,POST /documents,200,OK,Create Document - carga 1-11,text,true,,259,1113,16,16,102,0,0
1789337901313,106,POST /documents,200,OK,Create Document - carga 1-15,text,true,,259,1113,16,16,106,0,0
1789337901331,105,POST /documents,200,OK,Create Document - carga 1-19,text,true,,259,1113,16,16,105,0,0
1789337901352,104,POST /documents,200,OK,Create Document - carga 1-16,text,true,,259,1113,16,16,104,0,0
1789337901380,105,POST /documents,200,OK,Create Document - carga 1-18,text,true,,259,1113,16,16,105,0,0
1789337901355,130,POST /documents,200,OK,Create Document - carga 1-12,text,true,,259,1113,16,16,130,0,0
1789337901357,128,POST /documents,200,OK,Create Document - carga 1-4,text,true,,259,1113,16,16,128,0,0
1789337901391,102,POST /documents,200,OK,Create Document - carga 1-17,text,true,,259,1113,16,16,102,0,0
1789337901398,99,POST /documents,200,OK,Create Document - carga 1-6,text,true,,259,1113,16,16,99,0,0
1789337901398,107,POST /documents,200,OK,Create Document - carga 1-10,text,true,,259,1113,16,16,107,0,0
1789337901399,108,POST /documents,200,OK,Create Document - carga 1-9,text,true,,259,1113,16,16,108,0,0
1789337901409,102,POST /documents,200,OK,Create Document - carga 1-13,text,true,,259,1113,16,16,102,0,0
1789337901410,102,POST /documents,200,OK,Create Document - carga 1-5,text,true,,259,1113,16,16,102,0,0
1789337901425,105,POST /documents,200,OK,Create Document - carga 1-7,text,true,,259,1113,16,16,105,0,0
1789337901435,103,POST /documents,200,OK,Create Document - carga 1-11,text,true,,259,1113,16,16,103,0,0
1789337901441,99,POST /documents,200,OK,Create Document - carga 1-8,text,true,,259,1113,16,16,99,0,0
1789337901451,106,POST /documents,200,OK,Create Document - carga 1-14,text,true,,259,1113,16,16,106,0,0
1789337901464,118,POST /documents,200,OK,Create Document - carga 1-19,text,true,,259,1113,16,16,117,0,0
1789337901467,115,POST /documents,200,OK,Create Document - carga 1-16,text,true,,259,1113,16,16,115,0,0
1789337901481,110,POST /documents,200,OK,Create Document - carga 1-15,text,true,,259,1113,16,16,109,0,0
1789337901494,102,POST /documents,200,OK,Create Document - carga 1-18,text,true,,259,1113,16,16,102,0,0
1789337901531,102,POST /documents,200,OK,Create Document - carga 1-12,text,true,,259,1113,16,16,102,0,0
1789337901535,107,POST /documents,200,OK,Create Document - carga 1-17,text,true,,259,1113,16,16,107,0,0
1789337901534,114,POST /documents,200,OK,Create Document - carga 1-5,text,true,,259,1113,16,16,114,0,0
1789337901563,105,POST /documents,200,OK,Create Document - carga 1-11,text,true,,259,1113,16,16,105,0,0
1789337901571,124,POST /documents,200,OK,Create Document - carga 1-10,text,true,,259,1113,16,16,124,0,0
1789337901568,127,POST /documents,200,OK,Create Document - carga 1-6,text,true,,259,1113,16,16,127,0,0
1789337901579,116,POST /documents,200,OK,Create Document - carga 1-14,text,true,,259,1113,16,16,116,0,0
1789337901568,127,POST /documents,200,OK,Create Document - carga 1-4,text,true,,259,1113,16,16,127,0,0
1789337901574,121,POST /documents,200,OK,Create Document - carga 1-13,text,true,,259,1113,16,16,121,0,0
1789337901591,112,POST /documents,200,OK,Create Document - carga 1-8,text,true,,259,1113,16,16,112,0,0
1789337901594,113,POST /documents,200,OK,Create Document - carga 1-15,text,true,,259,1113,16,16,113,0,0
1789337901604,105,POST /documents,200,OK,Create Document - carga 1-19,text,true,,259,1113,16,16,105,0,0
1789337901605,113,POST /documents,200,OK,Create Document - carga 1-9,text,true,,259,1113,16,16,113,0,0
1789337901620,104,POST /documents,200,OK,Create Document - carga 1-7,text,true,,259,1113,16,16,103,0,0
1789337901652,104,POST /documents,200,OK,Create Document - carga 1-18,text,true,,259,1113,16,16,104,0,0
1789337901674,110,POST /documents,200,OK,Create Document - carga 1-16,text,true,,259,1113,16,16,110,0,0
1789337901696,103,POST /documents,200,OK,Create Document - carga 1-12,text,true,,259,1113,16,16,103,0,0
1789337901711,110,POST /documents,200,OK,Create Document - carga 1-13,text,true,,259,1113,16,16,109,0,0
1789337901723,110,POST /documents,200,OK,Create Document - carga 1-15,text,true,,259,1113,16,16,110,0,0
1789337901730,106,POST /documents,200,OK,Create Document - carga 1-4,text,true,,259,1113,16,16,106,0,0
1789337901738,107,POST /documents,200,OK,Create Document - carga 1-17,text,true,,259,1113,16,16,107,0,0
1789337901740,107,POST /documents,200,OK,Create Document - carga 1-5,text,true,,259,1113,16,16,107,0,0
1789337901746,105,POST /documents,200,OK,Create Document - carga 1-6,text,true,,259,1113,16,16,105,0,0
1789337901747,104,POST /documents,200,OK,Create Document - carga 1-7,text,true,,259,1113,16,16,104,0,0
1789337901749,104,POST /documents,200,OK,Create Document - carga 1-11,text,true,,259,1113,16,16,104,0,0
1789337901759,105,POST /documents,200,OK,Create Document - carga 1-19,text,true,,259,1113,16,16,105,0,0
1789337901768,103,POST /documents,200,OK,Create Document - carga 1-14,text,true,,259,1113,16,16,103,0,0
1789337901778,104,POST /documents,200,OK,Create Document - carga 1-10,text,true,,259,1113,16,16,104,0,0
1789337901787,101,POST /documents,200,OK,Create Document - carga 1-8,text,true,,259,1113,16,16,101,0,0
1789337901808,106,POST /documents,200,OK,Create Document - carga 1-9,text,true,,259,1113,16,16,106,0,0
1789337901829,102,POST /documents,200,OK,Create Document - carga 1-12,text,true,,259,1113,16,16,102,0,0
1789337901834,103,POST /documents,200,OK,Create Document - carga 1-16,text,true,,259,1113,16,16,103,0,0
1789337901845,109,POST /documents,200,OK,Create Document - carga 1-18,text,true,,259,1113,16,16,109,0,0
1789337901875,109,POST /documents,200,OK,Create Document - carga 1-13,text,true,,259,1113,16,16,109,0,0
1789337901876,109,POST /documents,200,OK,Create Document - carga 1-15,text,true,,259,1113,16,16,109,0,0
1789337901884,102,POST /documents,200,OK,Create Document - carga 1-11,text,true,,259,1113,16,16,102,0,0
1789337901886,103,POST /documents,200,OK,Create Document - carga 1-17,text,true,,259,1113,16,16,103,0,0
1789337901893,100,POST /documents,200,OK,Create Document - carga 1-8,text,true,,259,1113,16,16,100,0,0
1789337901906,103,POST /documents,200,OK,Create Document - carga 1-6,text,true,,259,1113,16,16,103,0,0
1789337901911,101,POST /documents,200,OK,Create Document - carga 1-7,text,true,,259,1113,16,16,101,0,0
1789337901915,110,POST /documents,200,OK,Create Document - carga 1-4,text,true,,259,1113,16,16,110,0,0
1789337901931,105,POST /documents,200,OK,Create Document - carga 1-5,text,true,,259,1113,16,16,105,0,0
1789337901967,108,POST /documents,200,OK,Create Document - carga 1-9,text,true,,259,1113,16,16,108,0,0
1789337901918,169,POST /documents,200,OK,Create Document - carga 1-14,text,true,,259,1113,16,16,169,0,0
1789337901956,137,POST /documents,200,OK,Create Document - carga 1-18,text,true,,259,1113,16,16,137,0,0
1789337901972,121,POST /documents,200,OK,Create Document - carga 1-10,text,true,,259,1113,16,16,121,0,0
1789337901938,155,POST /documents,200,OK,Create Document - carga 1-19,text,true,,259,1113,16,16,155,0,0
1789337902008,100,POST /documents,200,OK,Create Document - carga 1-17,text,true,,259,1113,16,16,100,0,0
1789337901977,158,POST /documents,200,OK,Create Document - carga 1-12,text,true,,259,1113,16,16,158,0,0
1789337902017,120,POST /documents,200,OK,Create Document - carga 1-16,text,true,,259,1113,16,16,120,0,0
1789337902051,106,POST /documents,200,OK,Create Document - carga 1-11,text,true,,259,1113,16,16,106,0,0
1789337902078,113,POST /documents,200,OK,Create Document - carga 1-8,text,true,,259,1113,16,16,113,0,0
1789337902077,116,POST /documents,200,OK,Create Document - carga 1-15,text,true,,259,1113,16,16,116,0,0
1789337902031,163,POST /documents,200,OK,Create Document - carga 1-7,text,true,,259,1113,16,16,163,0,0
1789337902090,114,POST /documents,200,OK,Create Document - carga 1-6,text,true,,259,1113,16,16,114,0,0
1789337902052,173,POST /documents,200,OK,Create Document - carga 1-13,text,true,,259,1113,16,16,173,0,0
1789337902105,128,POST /documents,200,OK,Create Document - carga 1-18,text,true,,259,1113,16,16,128,0,0
1789337902110,128,POST /documents,200,OK,Create Document - carga 1-14,text,true,,259,1113,16,16,128,0,0
1789337902104,134,POST /documents,200,OK,Create Document - carga 1-5,text,true,,259,1113,16,16,134,0,0
1789337902097,199,POST /documents,200,OK,Create Document - carga 1-4,text,true,,259,1113,16,16,199,0,0
1789337902180,116,POST /documents,200,OK,Create Document - carga 1-12,text,true,,259,1113,16,16,116,0,0
1789337902178,119,POST /documents,200,OK,Create Document - carga 1-10,text,true,,259,1113,16,16,118,0,0
1789337902155,174,POST /documents,200,OK,Create Document - carga 1-9,text,true,,259,1113,16,16,174,0,0
1789337902180,153,POST /documents,200,OK,Create Document - carga 1-17,text,true,,259,1113,16,16,153,0,0
1789337902221,115,POST /documents,200,OK,Create Document - carga 1-15,text,true,,259,1113,16,16,115,0,0
1789337902182,157,POST /documents,200,OK,Create Document - carga 1-19,text,true,,259,1113,16,16,157,0,0
1789337902225,114,POST /documents,200,OK,Create Document - carga 1-11,text,true,,259,1113,16,16,114,0,0
1789337902247,103,POST /documents,200,OK,Create Document - carga 1-5,text,true,,259,1113,16,16,103,0,0
1789337902221,164,POST /documents,200,OK,Create Document - carga 1-16,text,true,,259,1113,16,16,162,0,0
1789337902272,189,POST /documents,200,OK,Create Document - carga 1-14,text,true,,259,1113,16,16,188,0,0
1789337902292,169,POST /documents,200,OK,Create Document - carga 1-13,text,true,,259,1113,16,16,169,0,0
1789337902230,231,POST /documents,200,OK,Create Document - carga 1-6,text,true,,259,1113,16,16,231,0,0
1789337902235,226,POST /documents,200,OK,Create Document - carga 1-7,text,true,,259,1113,16,16,226,0,0
1789337902275,186,POST /documents,200,OK,Create Document - carga 1-8,text,true,,259,1113,16,16,186,0,0
1789337902319,143,POST /documents,200,OK,Create Document - carga 1-18,text,true,,259,1113,16,16,143,0,0
1789337902353,113,POST /documents,200,OK,Create Document - carga 1-12,text,true,,259,1113,16,16,113,0,0
1789337902344,122,POST /documents,200,OK,Create Document - carga 1-17,text,true,,259,1113,16,16,122,0,0
1789337902384,128,POST /documents,200,OK,Create Document - carga 1-19,text,true,,259,1113,16,16,128,0,0
1789337902342,171,POST /documents,200,OK,Create Document - carga 1-15,text,true,,259,1113,16,16,171,0,0
1789337902349,163,POST /documents,200,OK,Create Document - carga 1-4,text,true,,259,1113,16,16,163,0,0
1789337902397,116,POST /documents,200,OK,Create Document - carga 1-5,text,true,,259,1113,16,16,116,0,0
1789337902345,167,POST /documents,200,OK,Create Document - carga 1-9,text,true,,259,1113,16,16,167,0,0
1789337902430,107,POST /documents,200,OK,Create Document - carga 1-16,text,true,,259,1113,16,16,107,0,0
1789337902397,144,POST /documents,200,OK,Create Document - carga 1-11,text,true,,259,1113,16,16,144,0,0
1789337902382,159,POST /documents,200,OK,Create Document - carga 1-10,text,true,,259,1113,16,16,159,0,0
1789337902476,127,POST /documents,200,OK,Create Document - carga 1-6,text,true,,259,1113,16,16,127,0,0
1789337902489,114,POST /documents,200,OK,Create Document - carga 1-8,text,true,,259,1113,16,16,114,0,0
1789337902493,115,POST /documents,200,OK,Create Document - carga 1-18,text,true,,259,1113,16,16,115,0,0
1789337902465,174,POST /documents,200,OK,Create Document - carga 1-7,text,true,,259,1113,16,16,174,0,0
1789337902518,121,POST /documents,200,OK,Create Document - carga 1-17,text,true,,259,1113,16,16,121,0,0
1789337902537,102,POST /documents,200,OK,Create Document - carga 1-12,text,true,,259,1113,16,16,102,0,0
1789337902498,141,POST /documents,200,OK,Create Document - carga 1-14,text,true,,259,1113,16,16,141,0,0
1789337902514,126,POST /documents,200,OK,Create Document - carga 1-9,text,true,,259,1113,16,16,126,0,0
1789337902556,101,POST /documents,200,OK,Create Document - carga 1-10,text,true,,259,1113,16,16,101,0,0
1789337902532,158,POST /documents,200,OK,Create Document - carga 1-13,text,true,,259,1113,16,16,158,0,0
1789337902530,163,POST /documents,200,OK,Create Document - carga 1-19,text,true,,259,1113,16,16,163,0,0
1789337902544,150,POST /documents,200,OK,Create Document - carga 1-5,text,true,,259,1113,16,16,150,0,0
1789337902544,161,POST /documents,200,OK,Create Document - carga 1-4,text,true,,259,1113,16,16,161,0,0
1789337902572,169,POST /documents,200,OK,Create Document - carga 1-15,text,true,,259,1113,16,16,169,0,0
1789337902617,124,POST /documents,200,OK,Create Document - carga 1-11,text,true,,259,1113,16,16,124,0,0
1789337902649,107,POST /documents,200,OK,Create Document - carga 1-9,text,true,,259,1113,16,16,107,0,0
1789337902660,126,POST /documents,200,OK,Create Document - carga 1-8,text,true,,259,1113,16,16,126,0,0
1789337902655,132,POST /documents,200,OK,Create Document - carga 1-12,text,true,,259,1113,16,16,132,0,0
1789337902633,157,POST /documents,200,OK,Create Document - carga 1-16,text,true,,259,1113,16,16,157,0,0
1789337902698,116,POST /documents,200,OK,Create Document - carga 1-6,text,true,,259,1113,16,16,116,0,0
1789337902696,118,POST /documents,200,OK,Create Document - carga 1-14,text,true,,259,1113,16,16,118,0,0
1789337902676,193,POST /documents,200,OK,Create Document - carga 1-18,text,true,,259,1113,16,16,193,0,0
1789337902704,166,POST /documents,200,OK,Create Document - carga 1-5,text,true,,259,1113,16,16,166,0,0
1789337902714,156,POST /documents,200,OK,Create Document - carga 1-19,text,true,,259,1113,16,16,156,0,0
1789337902753,117,POST /documents,200,OK,Create Document - carga 1-13,text,true,,259,1113,16,16,117,0,0
1789337902715,172,POST /documents,200,OK,Create Document - carga 1-7,text,true,,259,1113,16,16,172,0,0
1789337902739,151,POST /documents,200,OK,Create Document - carga 1-10,text,true,,259,1113,16,16,150,0,0
1789337902775,116,POST /documents,200,OK,Create Document - carga 1-4,text,true,,259,1113,16,16,116,0,0
1789337902738,153,POST /documents,200,OK,Create Document - carga 1-17,text,true,,259,1113,16,16,153,0,0
1789337902826,102,POST /documents,200,OK,Create Document - carga 1-6,text,true,,259,1113,16,16,101,0,0
1789337902817,111,POST /documents,200,OK,Create Document - carga 1-16,text,true,,259,1113,16,16,111,0,0
1789337902814,122,POST /documents,200,OK,Create Document - carga 1-12,text,true,,259,1113,16,16,122,0,0
1789337902813,127,POST /documents,200,OK,Create Document - carga 1-9,text,true,,259,1113,16,16,127,0,0
1789337902822,121,POST /documents,200,OK,Create Document - carga 1-11,text,true,,259,1113,16,16,121,0,0
1789337902851,104,POST /documents,200,OK,Create Document - carga 1-8,text,true,,259,1113,16,16,104,0,0
1789337902823,136,POST /documents,200,OK,Create Document - carga 1-15,text,true,,259,1113,16,16,136,0,0
1789337902908,104,POST /documents,200,OK,Create Document - carga 1-7,text,true,,259,1113,16,16,104,0,0
1789337902929,103,POST /documents,200,OK,Create Document - carga 1-17,text,true,,259,1113,16,16,103,0,0
1789337902881,155,POST /documents,200,OK,Create Document - carga 1-13,text,true,,259,1113,16,16,155,0,0
1789337902902,136,POST /documents,200,OK,Create Document - carga 1-14,text,true,,259,1113,16,16,136,0,0
1789337902937,101,POST /documents,200,OK,Create Document - carga 1-18,text,true,,259,1113,16,16,101,0,0
1789337902932,107,POST /documents,200,OK,Create Document - carga 1-4,text,true,,259,1113,16,16,107,0,0
1789337902904,135,POST /documents,200,OK,Create Document - carga 1-5,text,true,,259,1113,16,16,135,0,0
1789337902948,106,POST /documents,200,OK,Create Document - carga 1-9,text,true,,259,1113,16,16,106,0,0
1789337902951,108,POST /documents,200,OK,Create Document - carga 1-19,text,true,,259,1113,16,16,108,0,0
1789337902965,109,POST /documents,200,OK,Create Document - carga 1-12,text,true,,259,1113,17,17,109,0,0
1789337902975,99,POST /documents,200,OK,Create Document - carga 1-8,text,true,,259,1113,17,17,99,0,0
1789337902986,108,POST /documents,200,OK,Create Document - carga 1-16,text,true,,259,1113,17,17,108,0,0
1789337903010,105,POST /documents,200,OK,Create Document - carga 1-11,text,true,,259,1113,17,17,105,0,0
1789337902979,174,POST /documents,200,OK,Create Document - carga 1-10,text,true,,259,1113,17,17,173,0,0
1789337902981,172,POST /documents,200,OK,Create Document - carga 1-6,text,true,,259,1113,17,17,172,0,0
1789337903039,114,POST /documents,200,OK,Create Document - carga 1-4,text,true,,259,1113,17,17,114,0,0
1789337903056,104,POST /documents,200,OK,Create Document - carga 1-7,text,true,,259,1113,17,17,104,0,0
1789337903062,102,POST /documents,200,OK,Create Document - carga 1-5,text,true,,259,1113,17,17,102,0,0
1789337903055,109,POST /documents,200,OK,Create Document - carga 1-15,text,true,,259,1113,17,17,109,0,0
1789337903091,103,POST /documents,200,OK,Create Document - carga 1-12,text,true,,259,1113,17,17,103,0,0
1789337903120,123,POST /documents,200,OK,Create Document - carga 1-11,text,true,,259,1113,17,17,123,0,0
1789337903074,170,POST /documents,200,OK,Create Document - carga 1-19,text,true,,259,1113,17,17,170,0,0
1789337903103,142,POST /documents,200,OK,Create Document - carga 1-13,text,true,,259,1113,17,17,142,0,0
1789337903138,107,POST /documents,200,OK,Create Document - carga 1-18,text,true,,259,1113,17,17,107,0,0
1789337903147,172,POST /documents,200,OK,Create Document - carga 1-8,text,true,,259,1113,17,17,172,0,0
1789337903125,194,POST /documents,200,OK,Create Document - carga 1-17,text,true,,259,1113,17,17,194,0,0
1789337903118,201,POST /documents,200,OK,Create Document - carga 1-14,text,true,,259,1113,17,17,201,0,0
1789337903162,158,POST /documents,200,OK,Create Document - carga 1-16,text,true,,259,1113,17,17,158,0,0
1789337903189,131,POST /documents,200,OK,Create Document - carga 1-4,text,true,,259,1113,17,17,131,0,0
1789337903150,184,POST /documents,200,OK,Create Document - carga 1-9,text,true,,259,1113,17,17,182,0,0
1789337903165,173,POST /documents,200,OK,Create Document - carga 1-10,text,true,,259,1113,17,17,173,0,0
1789337903187,153,POST /documents,200,OK,Create Document - carga 1-7,text,true,,259,1113,17,17,153,0,0
1789337903245,102,POST /documents,200,OK,Create Document - carga 1-6,text,true,,259,1113,17,17,101,0,0
1789337903240,110,POST /documents,200,OK,Create Document - carga 1-15,text,true,,259,1113,17,17,109,0,0
1789337903259,111,POST /documents,200,OK,Create Document - carga 1-5,text,true,,259,1113,17,17,110,0,0
1789337903272,111,POST /documents,200,OK,Create Document - carga 1-13,text,true,,259,1113,17,17,111,0,0
1789337903294,102,POST /documents,200,OK,Create Document - carga 1-18,text,true,,259,1113,17,17,102,0,0
1789337903324,105,POST /documents,200,OK,Create Document - carga 1-19,text,true,,259,1113,17,17,105,0,0
1789337903275,164,POST /documents,200,OK,Create Document - carga 1-12,text,true,,259,1113,17,17,164,0,0
1789337903309,133,POST /documents,200,OK,Create Document - carga 1-11,text,true,,259,1113,17,17,133,0,0
1789337903331,111,POST /documents,200,OK,Create Document - carga 1-17,text,true,,259,1113,17,17,111,0,0
1789337903119,333,POST /documents,200,OK,Create Document - carga 1-20,text,true,,259,1113,17,17,333,0,212
1789337903365,105,POST /documents,200,OK,Create Document - carga 1-16,text,true,,259,1113,17,17,105,0,0
1789337903370,109,POST /documents,200,OK,Create Document - carga 1-14,text,true,,259,1113,17,17,109,0,0
1789337903388,110,POST /documents,200,OK,Create Document - carga 1-15,text,true,,259,1113,17,17,110,0,0
1789337903395,107,POST /documents,200,OK,Create Document - carga 1-13,text,true,,259,1113,17,17,107,0,0
1789337903411,101,POST /documents,200,OK,Create Document - carga 1-6,text,true,,259,1113,17,17,101,0,0
1789337903350,184,POST /documents,200,OK,Create Document - carga 1-9,text,true,,259,1113,17,17,184,0,0
1789337903424,110,POST /documents,200,OK,Create Document - carga 1-5,text,true,,259,1113,17,17,110,0,0
1789337903416,118,POST /documents,200,OK,Create Document - carga 1-8,text,true,,259,1113,17,17,118,0,0
1789337903403,140,POST /documents,200,OK,Create Document - carga 1-18,text,true,,259,1113,17,17,140,0,0
1789337903414,133,POST /documents,200,OK,Create Document - carga 1-7,text,true,,259,1113,17,17,133,0,0
1789337903394,153,POST /documents,200,OK,Create Document - carga 1-4,text,true,,259,1113,17,17,153,0,0
1789337903370,179,POST /documents,200,OK,Create Document - carga 1-10,text,true,,259,1113,17,17,177,0,0
1789337903465,110,POST /documents,200,OK,Create Document - carga 1-12,text,true,,259,1113,17,17,110,0,0
1789337903490,112,POST /documents,200,OK,Create Document - carga 1-20,text,true,,259,1113,17,17,112,0,0
1789337903478,159,POST /documents,200,OK,Create Document - carga 1-17,text,true,,259,1113,17,17,159,0,0
1789337903510,128,POST /documents,200,OK,Create Document - carga 1-11,text,true,,259,1113,17,17,128,0,0
1789337903485,153,POST /documents,200,OK,Create Document - carga 1-14,text,true,,259,1113,17,17,153,0,0
1789337903535,103,POST /documents,200,OK,Create Document - carga 1-16,text,true,,259,1113,17,17,103,0,0
1789337903505,133,POST /documents,200,OK,Create Document - carga 1-19,text,true,,259,1113,17,17,133,0,0
1789337903538,101,POST /documents,200,OK,Create Document - carga 1-13,text,true,,259,1113,17,17,101,0,0
1789337903544,106,POST /documents,200,OK,Create Document - carga 1-15,text,true,,259,1113,17,17,106,0,0
1789337903548,105,POST /documents,200,OK,Create Document - carga 1-18,text,true,,259,1113,17,17,105,0,0
1789337903553,105,POST /documents,200,OK,Create Document - carga 1-6,text,true,,259,1113,17,17,104,0,0
1789337903598,104,POST /documents,200,OK,Create Document - carga 1-4,text,true,,259,1113,17,17,104,0,0
1789337903561,169,POST /documents,200,OK,Create Document - carga 1-5,text,true,,259,1113,17,17,168,0,0
1789337903615,116,POST /documents,200,OK,Create Document - carga 1-7,text,true,,259,1113,17,17,116,0,0
1789337903626,105,POST /documents,200,OK,Create Document - carga 1-8,text,true,,259,1113,17,17,105,0,0
1789337903580,154,POST /documents,200,OK,Create Document - carga 1-12,text,true,,259,1113,17,17,154,0,0
1789337903584,154,POST /documents,200,OK,Create Document - carga 1-9,text,true,,259,1113,17,17,154,0,0
1789337903644,104,POST /documents,200,OK,Create Document - carga 1-10,text,true,,259,1113,17,17,104,0,0
1789337903622,128,POST /documents,200,OK,Create Document - carga 1-20,text,true,,259,1113,17,17,128,0,0
1789337903649,104,POST /documents,200,OK,Create Document - carga 1-16,text,true,,259,1113,17,17,104,0,0
1789337903670,109,POST /documents,200,OK,Create Document - carga 1-14,text,true,,259,1113,17,17,109,0,0
1789337903705,99,POST /documents,200,OK,Create Document - carga 1-6,text,true,,259,1113,17,17,98,0,0
1789337903694,111,POST /documents,200,OK,Create Document - carga 1-17,text,true,,259,1113,17,17,111,0,0
1789337903652,181,POST /documents,200,OK,Create Document - carga 1-11,text,true,,259,1113,17,17,181,0,0
1789337903717,116,POST /documents,200,OK,Create Document - carga 1-15,text,true,,259,1113,17,17,116,0,0
1789337903713,124,POST /documents,200,OK,Create Document - carga 1-18,text,true,,259,1113,17,17,124,0,0
1789337903729,109,POST /documents,200,OK,Create Document - carga 1-19,text,true,,259,1113,17,17,109,0,0
1789337903675,165,POST /documents,200,OK,Create Document - carga 1-13,text,true,,259,1113,17,17,165,0,0
1789337903732,112,POST /documents,200,OK,Create Document - carga 1-4,text,true,,259,1113,17,17,112,0,0
1789337903741,103,POST /documents,200,OK,Create Document - carga 1-7,text,true,,259,1113,17,17,103,0,0
1789337903743,137,POST /documents,200,OK,Create Document - carga 1-8,text,true,,259,1113,17,17,137,0,0
1789337903765,130,POST /documents,200,OK,Create Document - carga 1-12,text,true,,259,1113,17,17,130,0,0
1789337903780,115,POST /documents,200,OK,Create Document - carga 1-16,text,true,,259,1113,17,17,115,0,0
1789337903746,151,POST /documents,200,OK,Create Document - carga 1-5,text,true,,259,1113,17,17,151,0,0
1789337903794,138,POST /documents,200,OK,Create Document - carga 1-10,text,true,,259,1113,17,17,138,0,0
1789337903820,115,POST /documents,200,OK,Create Document - carga 1-6,text,true,,259,1113,17,17,115,0,0
1789337903758,178,POST /documents,200,OK,Create Document - carga 1-9,text,true,,259,1113,17,17,178,0,0
1789337903840,102,POST /documents,200,OK,Create Document - carga 1-13,text,true,,259,1113,17,17,102,0,0
1789337903840,104,POST /documents,200,OK,Create Document - carga 1-11,text,true,,259,1113,17,17,104,0,0
1789337903840,104,POST /documents,200,OK,Create Document - carga 1-19,text,true,,259,1113,17,17,104,0,0
1789337903838,110,POST /documents,200,OK,Create Document - carga 1-15,text,true,,259,1113,17,17,110,0,0
1789337903806,145,POST /documents,200,OK,Create Document - carga 1-20,text,true,,259,1113,17,17,145,0,0
1789337903852,118,POST /documents,200,OK,Create Document - carga 1-14,text,true,,259,1113,17,17,118,0,0
1789337903876,104,POST /documents,200,OK,Create Document - carga 1-17,text,true,,259,1113,17,17,103,0,0
1789337903898,100,POST /documents,200,OK,Create Document - carga 1-8,text,true,,259,1113,17,17,100,0,0
1789337903901,99,POST /documents,200,OK,Create Document - carga 1-12,text,true,,259,1113,17,17,99,0,0
1789337903903,100,POST /documents,200,OK,Create Document - carga 1-18,text,true,,259,1113,17,17,100,0,0
1789337903905,102,POST /documents,200,OK,Create Document - carga 1-7,text,true,,259,1113,17,17,102,0,0
1789337903905,102,POST /documents,200,OK,Create Document - carga 1-4,text,true,,259,1113,17,17,102,0,0
1789337903913,105,POST /documents,200,OK,Create Document - carga 1-16,text,true,,259,1113,17,17,105,0,0
1789337903979,102,POST /documents,200,OK,Create Document - carga 1-9,text,true,,259,1113,17,17,102,0,0
1789337903981,102,POST /documents,200,OK,Create Document - carga 1-13,text,true,,259,1113,17,17,102,0,0
1789337903987,99,POST /documents,200,OK,Create Document - carga 1-10,text,true,,259,1113,17,17,99,0,0
1789337903980,110,POST /documents,200,OK,Create Document - carga 1-5,text,true,,259,1113,17,17,110,0,0
1789337903993,108,POST /documents,200,OK,Create Document - carga 1-11,text,true,,259,1113,17,17,108,0,0
1789337904001,105,POST /documents,200,OK,Create Document - carga 1-19,text,true,,259,1113,17,17,105,0,0
1789337904013,113,POST /documents,200,OK,Create Document - carga 1-8,text,true,,259,1113,17,17,113,0,0
1789337904014,112,POST /documents,200,OK,Create Document - carga 1-6,text,true,,259,1113,17,17,112,0,0
1789337904023,115,POST /documents,200,OK,Create Document - carga 1-18,text,true,,259,1113,17,17,115,0,0
1789337904033,127,POST /documents,200,OK,Create Document - carga 1-15,text,true,,259,1113,17,17,127,0,0
1789337904030,130,POST /documents,200,OK,Create Document - carga 1-20,text,true,,259,1113,17,17,130,0,0
1789337904043,117,POST /documents,200,OK,Create Document - carga 1-16,text,true,,259,1113,17,17,117,0,0
1789337904056,135,POST /documents,200,OK,Create Document - carga 1-7,text,true,,259,1113,17,17,135,0,0
1789337904060,131,POST /documents,200,OK,Create Document - carga 1-12,text,true,,259,1113,17,17,131,0,0
1789337904067,134,POST /documents,200,OK,Create Document - carga 1-14,text,true,,259,1113,17,17,134,0,0
1789337904095,120,POST /documents,200,OK,Create Document - carga 1-9,text,true,,259,1113,17,17,120,0,0
1789337904079,136,POST /documents,200,OK,Create Document - carga 1-17,text,true,,259,1113,17,17,136,0,0
1789337904104,124,POST /documents,200,OK,Create Document - carga 1-4,text,true,,259,1113,17,17,124,0,0
1789337904109,119,POST /documents,200,OK,Create Document - carga 1-19,text,true,,259,1113,17,17,119,0,0
1789337904111,117,POST /documents,200,OK,Create Document - carga 1-5,text,true,,259,1113,17,17,117,0,0
1789337904156,109,POST /documents,200,OK,Create Document - carga 1-13,text,true,,259,1113,16,16,109,0,0
1789337904153,114,POST /documents,200,OK,Create Document - carga 1-11,text,true,,259,1113,16,16,114,0,0
1789337904160,109,POST /documents,200,OK,Create Document - carga 1-10,text,true,,259,1113,16,16,109,0,0
1789337904173,103,POST /documents,200,OK,Create Document - carga 1-6,text,true,,259,1113,16,16,103,0,0
1789337904176,103,POST /documents,200,OK,Create Document - carga 1-15,text,true,,259,1113,16,16,103,0,0
1789337904176,103,POST /documents,200,OK,Create Document - carga 1-18,text,true,,259,1113,16,16,103,0,0
1789337904179,104,POST /documents,200,OK,Create Document - carga 1-16,text,true,,259,1113,16,16,104,0,0
1789337904181,125,POST /documents,200,OK,Create Document - carga 1-8,text,true,,259,1113,16,16,125,0,0
1789337904199,131,POST /documents,200,OK,Create Document - carga 1-7,text,true,,259,1113,16,16,131,0,0
1789337904231,119,POST /documents,200,OK,Create Document - carga 1-14,text,true,,259,1113,16,16,119,0,0
1789337904215,135,POST /documents,200,OK,Create Document - carga 1-20,text,true,,259,1113,16,16,135,0,0
1789337904266,110,POST /documents,200,OK,Create Document - carga 1-12,text,true,,259,1113,16,16,110,0,0
1789337904273,146,POST /documents,200,OK,Create Document - carga 1-11,text,true,,259,1113,16,16,146,0,0
1789337904275,144,POST /documents,200,OK,Create Document - carga 1-17,text,true,,259,1113,16,16,144,0,0
1789337904296,132,POST /documents,200,OK,Create Document - carga 1-9,text,true,,259,1113,16,16,132,0,0
1789337904301,127,POST /documents,200,OK,Create Document - carga 1-6,text,true,,259,1113,16,16,127,0,0
1789337904308,120,POST /documents,200,OK,Create Document - carga 1-18,text,true,,259,1113,16,16,120,0,0
1789337904318,110,POST /documents,200,OK,Create Document - carga 1-8,text,true,,259,1113,16,16,110,0,0
1789337904313,115,POST /documents,200,OK,Create Document - carga 1-19,text,true,,259,1113,16,16,115,0,0
1789337904294,134,POST /documents,200,OK,Create Document - carga 1-10,text,true,,259,1113,16,16,134,0,0
1789337904286,142,POST /documents,200,OK,Create Document - carga 1-5,text,true,,259,1113,16,16,142,0,0
1789337904319,123,POST /documents,200,OK,Create Document - carga 1-16,text,true,,259,1113,16,16,123,0,0
1789337904335,122,POST /documents,200,OK,Create Document - carga 1-13,text,true,,259,1113,16,16,122,0,0
1789337904359,129,POST /documents,200,OK,Create Document - carga 1-20,text,true,,259,1113,16,16,129,0,0
1789337904375,113,POST /documents,200,OK,Create Document - carga 1-7,text,true,,259,1113,16,16,113,0,0
1789337904380,108,POST /documents,200,OK,Create Document - carga 1-15,text,true,,259,1113,16,16,108,0,0
1789337904389,109,POST /documents,200,OK,Create Document - carga 1-12,text,true,,259,1113,16,16,109,0,0
1789337904402,123,POST /documents,200,OK,Create Document - carga 1-14,text,true,,259,1113,16,16,123,0,0
1789337904439,109,POST /documents,200,OK,Create Document - carga 1-18,text,true,,259,1113,16,16,109,0,0
1789337904445,108,POST /documents,200,OK,Create Document - carga 1-10,text,true,,259,1113,16,16,108,0,0
1789337904446,119,POST /documents,200,OK,Create Document - carga 1-16,text,true,,259,1113,16,16,119,0,0
1789337904468,115,POST /documents,200,OK,Create Document - carga 1-13,text,true,,259,1113,16,16,115,0,0
1789337904483,106,POST /documents,200,OK,Create Document - carga 1-11,text,true,,259,1113,16,16,106,0,0
1789337904485,105,POST /documents,200,OK,Create Document - carga 1-17,text,true,,259,1113,16,16,105,0,0
1789337904484,108,POST /documents,200,OK,Create Document - carga 1-6,text,true,,259,1113,16,16,108,0,0
1789337904490,107,POST /documents,200,OK,Create Document - carga 1-9,text,true,,259,1113,16,16,107,0,0
1789337904497,107,POST /documents,200,OK,Create Document - carga 1-5,text,true,,259,1113,16,16,107,0,0
1789337904521,100,POST /documents,200,OK,Create Document - carga 1-8,text,true,,259,1113,16,16,100,0,0
1789337904516,106,POST /documents,200,OK,Create Document - carga 1-19,text,true,,259,1113,16,16,106,0,0
1789337904534,102,POST /documents,200,OK,Create Document - carga 1-12,text,true,,259,1113,16,16,102,0,0
1789337904553,102,POST /documents,200,OK,Create Document - carga 1-10,text,true,,259,1113,16,16,102,0,0
1789337904559,102,POST /documents,200,OK,Create Document - carga 1-7,text,true,,259,1113,16,16,102,0,0
1789337904571,106,POST /documents,200,OK,Create Document - carga 1-15,text,true,,259,1113,16,16,106,0,0
1789337904566,111,POST /documents,200,OK,Create Document - carga 1-20,text,true,,259,1113,16,16,111,0,0
1789337904583,105,POST /documents,200,OK,Create Document - carga 1-13,text,true,,259,1113,16,16,105,0,0
1789337904601,103,POST /documents,200,OK,Create Document - carga 1-17,text,true,,259,1113,16,16,103,0,0
1789337904612,103,POST /documents,200,OK,Create Document - carga 1-5,text,true,,259,1113,16,16,103,0,0
1789337904619,106,POST /documents,200,OK,Create Document - carga 1-16,text,true,,259,1113,16,16,106,0,0
1789337904624,102,POST /documents,200,OK,Create Document - carga 1-14,text,true,,259,1113,16,16,102,0,0
1789337904624,103,POST /documents,200,OK,Create Document - carga 1-18,text,true,,259,1113,16,16,103,0,0
1789337904631,105,POST /documents,200,OK,Create Document - carga 1-9,text,true,,259,1113,16,16,104,0,0
1789337904639,110,POST /documents,200,OK,Create Document - carga 1-12,text,true,,259,1113,16,16,110,0,0
1789337904650,101,POST /documents,200,OK,Create Document - carga 1-6,text,true,,259,1113,16,16,101,0,0
1789337904667,105,POST /documents,200,OK,Create Document - carga 1-8,text,true,,259,1113,16,16,105,0,0
1789337904672,106,POST /documents,200,OK,Create Document - carga 1-7,text,true,,259,1113,16,16,106,0,0
1789337904682,106,POST /documents,200,OK,Create Document - carga 1-19,text,true,,259,1113,16,16,106,0,0
1789337904686,109,POST /documents,200,OK,Create Document - carga 1-11,text,true,,259,1113,16,16,109,0,0
1789337904694,103,POST /documents,200,OK,Create Document - carga 1-13,text,true,,259,1113,16,16,103,0,0
1789337904710,98,POST /documents,200,OK,Create Document - carga 1-10,text,true,,259,1113,16,16,98,0,0
1789337904722,112,POST /documents,200,OK,Create Document - carga 1-20,text,true,,259,1113,16,16,112,0,0
1789337904732,109,POST /documents,200,OK,Create Document - carga 1-14,text,true,,259,1113,16,16,109,0,0
1789337904741,111,POST /documents,200,OK,Create Document - carga 1-15,text,true,,259,1113,16,16,111,0,0
1789337904757,106,POST /documents,200,OK,Create Document - carga 1-16,text,true,,259,1113,16,16,105,0,0
1789337904782,103,POST /documents,200,OK,Create Document - carga 1-17,text,true,,259,1113,16,16,103,0,0
1789337904787,109,POST /documents,200,OK,Create Document - carga 1-5,text,true,,259,1113,16,16,109,0,0
1789337904790,106,POST /documents,200,OK,Create Document - carga 1-6,text,true,,259,1113,16,16,106,0,0
1789337904791,106,POST /documents,200,OK,Create Document - carga 1-12,text,true,,259,1113,16,16,106,0,0
1789337904797,105,POST /documents,200,OK,Create Document - carga 1-9,text,true,,259,1113,16,16,105,0,0
1789337904821,102,POST /documents,200,OK,Create Document - carga 1-18,text,true,,259,1113,16,16,102,0,0
1789337904825,104,POST /documents,200,OK,Create Document - carga 1-11,text,true,,259,1113,16,16,104,0,0
1789337904841,103,POST /documents,200,OK,Create Document - carga 1-13,text,true,,259,1113,16,16,103,0,0
1789337904847,107,POST /documents,200,OK,Create Document - carga 1-8,text,true,,259,1113,16,16,107,0,0
1789337904848,106,POST /documents,200,OK,Create Document - carga 1-19,text,true,,259,1113,16,16,106,0,0
1789337904856,101,POST /documents,200,OK,Create Document - carga 1-7,text,true,,259,1113,16,16,101,0,0
1789337904862,104,POST /documents,200,OK,Create Document - carga 1-10,text,true,,259,1113,16,16,104,0,0
1789337904858,110,POST /documents,200,OK,Create Document - carga 1-20,text,true,,259,1113,16,16,110,0,0
1789337904910,104,POST /documents,200,OK,Create Document - carga 1-16,text,true,,259,1113,16,16,104,0,0
1789337904908,112,POST /documents,200,OK,Create Document - carga 1-14,text,true,,259,1113,16,16,112,0,0
1789337904917,106,POST /documents,200,OK,Create Document - carga 1-15,text,true,,259,1113,16,16,106,0,0
1789337904924,101,POST /documents,200,OK,Create Document - carga 1-12,text,true,,259,1113,16,16,101,0,0
1789337904933,104,POST /documents,200,OK,Create Document - carga 1-17,text,true,,259,1113,16,16,104,0,0
1789337904936,107,POST /documents,200,OK,Create Document - carga 1-11,text,true,,259,1113,16,16,107,0,0
1789337904983,108,POST /documents,200,OK,Create Document - carga 1-8,text,true,,259,1113,16,16,108,0,0
1789337904980,111,POST /documents,200,OK,Create Document - carga 1-9,text,true,,259,1113,16,16,111,0,0
1789337904966,125,POST /documents,200,OK,Create Document - carga 1-7,text,true,,259,1113,16,16,125,0,0
1789337904984,107,POST /documents,200,OK,Create Document - carga 1-13,text,true,,259,1113,16,16,107,0,0
1789337904983,109,POST /documents,200,OK,Create Document - carga 1-6,text,true,,259,1113,16,16,109,0,0
1789337904983,109,POST /documents,200,OK,Create Document - carga 1-18,text,true,,259,1113,16,16,109,0,0
1789337904991,102,POST /documents,200,OK,Create Document - carga 1-5,text,true,,259,1113,16,16,102,0,0
1789337904997,104,POST /documents,200,OK,Create Document - carga 1-19,text,true,,259,1113,16,16,104,0,0
1789337904986,115,POST /documents,200,OK,Create Document - carga 1-20,text,true,,259,1113,16,16,115,0,0
1789337905006,109,POST /documents,200,OK,Create Document - carga 1-10,text,true,,259,1113,16,16,109,0,0
1789337905022,104,POST /documents,200,OK,Create Document - carga 1-14,text,true,,259,1113,16,16,104,0,0
1789337905076,120,POST /documents,200,OK,Create Document - carga 1-17,text,true,,259,1113,16,16,120,0,0
1789337905066,130,POST /documents,200,OK,Create Document - carga 1-11,text,true,,259,1113,16,16,130,0,0
1789337905063,133,POST /documents,200,OK,Create Document - carga 1-16,text,true,,259,1113,16,16,133,0,0
1789337905093,107,POST /documents,200,OK,Create Document - carga 1-8,text,true,,259,1113,16,16,107,0,0
1789337905105,104,POST /documents,200,OK,Create Document - carga 1-6,text,true,,259,1113,16,16,104,0,0
1789337905114,104,POST /documents,200,OK,Create Document - carga 1-12,text,true,,259,1113,16,16,103,0,0
1789337905122,108,POST /documents,200,OK,Create Document - carga 1-7,text,true,,259,1113,16,16,108,0,0
1789337905117,114,POST /documents,200,OK,Create Document - carga 1-15,text,true,,259,1113,16,16,114,0,0
1789337905127,108,POST /documents,200,OK,Create Document - carga 1-19,text,true,,259,1113,16,16,108,0,0
1789337905133,106,POST /documents,200,OK,Create Document - carga 1-14,text,true,,259,1113,16,16,106,0,0
1789337905148,116,POST /documents,200,OK,Create Document - carga 1-9,text,true,,259,1113,16,16,116,0,0
1789337905150,114,POST /documents,200,OK,Create Document - carga 1-5,text,true,,259,1113,16,16,114,0,0
1789337905155,110,POST /documents,200,OK,Create Document - carga 1-10,text,true,,259,1113,16,16,110,0,0
1789337905181,117,POST /documents,200,OK,Create Document - carga 1-18,text,true,,259,1113,16,16,117,0,0
1789337905183,115,POST /documents,200,OK,Create Document - carga 1-13,text,true,,259,1113,16,16,115,0,0
1789337905210,103,POST /documents,200,OK,Create Document - carga 1-6,text,true,,259,1113,16,16,103,0,0
1789337905199,115,POST /documents,200,OK,Create Document - carga 1-20,text,true,,259,1113,16,16,114,0,0
1789337905217,106,POST /documents,200,OK,Create Document - carga 1-17,text,true,,259,1113,16,16,106,0,0
1789337905249,106,POST /documents,200,OK,Create Document - carga 1-11,text,true,,259,1113,16,16,106,0,0
1789337905254,109,POST /documents,200,OK,Create Document - carga 1-16,text,true,,259,1113,16,16,109,0,0
1789337905267,129,POST /documents,200,OK,Create Document - carga 1-9,text,true,,259,1113,16,16,129,0,0
1789337905268,128,POST /documents,200,OK,Create Document - carga 1-5,text,true,,259,1113,16,16,127,0,0
1789337905292,104,POST /documents,200,OK,Create Document - carga 1-14,text,true,,259,1113,16,16,104,0,0
1789337905285,111,POST /documents,200,OK,Create Document - carga 1-12,text,true,,259,1113,16,16,111,0,0
1789337905291,105,POST /documents,200,OK,Create Document - carga 1-8,text,true,,259,1113,16,16,105,0,0
1789337905284,112,POST /documents,200,OK,Create Document - carga 1-15,text,true,,259,1113,16,16,112,0,0
1789337905286,110,POST /documents,200,OK,Create Document - carga 1-7,text,true,,259,1113,16,16,110,0,0
1789337905300,104,POST /documents,200,OK,Create Document - carga 1-19,text,true,,259,1113,16,16,104,0,0
1789337905320,100,POST /documents,200,OK,Create Document - carga 1-10,text,true,,259,1113,16,16,100,0,0
1789337905359,106,POST /documents,200,OK,Create Document - carga 1-18,text,true,,259,1113,17,17,106,0,0
1789337905345,120,POST /documents,200,OK,Create Document - carga 1-20,text,true,,259,1113,17,17,120,0,0
1789337905356,109,POST /documents,200,OK,Create Document - carga 1-6,text,true,,259,1113,17,17,109,0,0
1789337905370,108,POST /documents,200,OK,Create Document - carga 1-13,text,true,,259,1113,17,17,108,0,0
1789337905409,104,POST /documents,200,OK,Create Document - carga 1-12,text,true,,259,1113,17,17,104,0,0
1789337905409,113,POST /documents,200,OK,Create Document - carga 1-17,text,true,,259,1113,17,17,113,0,0
1789337905417,106,POST /documents,200,OK,Create Document - carga 1-9,text,true,,259,1113,17,17,106,0,0
1789337905425,106,POST /documents,200,OK,Create Document - carga 1-16,text,true,,259,1113,17,17,106,0,0
1789337905430,105,POST /documents,200,OK,Create Document - carga 1-15,text,true,,259,1113,17,17,105,0,0
1789337905444,98,POST /documents,200,OK,Create Document - carga 1-8,text,true,,259,1113,17,17,98,0,0
1789337905446,103,POST /documents,200,OK,Create Document - carga 1-11,text,true,,259,1113,17,17,103,0,0
1789337905455,103,POST /documents,200,OK,Create Document - carga 1-7,text,true,,259,1113,17,17,103,0,0
1789337905452,108,POST /documents,200,OK,Create Document - carga 1-14,text,true,,259,1113,17,17,108,0,0
1789337905457,121,POST /documents,200,OK,Create Document - carga 1-5,text,true,,259,1113,17,17,121,0,0
1789337905472,127,POST /documents,200,OK,Create Document - carga 1-19,text,true,,259,1113,17,17,126,0,0
1789337905482,116,POST /documents,200,OK,Create Document - carga 1-20,text,true,,259,1113,17,17,116,0,0
1789337905503,104,POST /documents,200,OK,Create Document - carga 1-10,text,true,,259,1113,17,17,104,0,0
1789337905526,108,POST /documents,200,OK,Create Document - carga 1-6,text,true,,259,1113,17,17,108,0,0
1789337905532,104,POST /documents,200,OK,Create Document - carga 1-17,text,true,,259,1113,17,17,104,0,0
1789337905544,103,POST /documents,200,OK,Create Document - carga 1-18,text,true,,259,1113,17,17,103,0,0
1789337905550,102,POST /documents,200,OK,Create Document - carga 1-12,text,true,,259,1113,17,17,101,0,0
1789337905571,105,POST /documents,200,OK,Create Document - carga 1-13,text,true,,259,1113,17,17,105,0,0
1789337905594,105,POST /documents,200,OK,Create Document - carga 1-11,text,true,,259,1113,17,17,105,0,0
1789337905602,106,POST /documents,200,OK,Create Document - carga 1-15,text,true,,259,1113,17,17,106,0,0
1789337905608,103,POST /documents,200,OK,Create Document - carga 1-16,text,true,,259,1113,17,17,102,0,0
1789337905609,104,POST /documents,200,OK,Create Document - carga 1-7,text,true,,259,1113,17,17,104,0,0
1789337905609,107,POST /documents,200,OK,Create Document - carga 1-9,text,true,,259,1113,17,17,107,0,0
1789337905630,99,POST /documents,200,OK,Create Document - carga 1-8,text,true,,259,1113,17,17,99,0,0
1789337905635,104,POST /documents,200,OK,Create Document - carga 1-5,text,true,,259,1113,17,17,104,0,0
1789337905645,105,POST /documents,200,OK,Create Document - carga 1-14,text,true,,259,1113,17,17,105,0,0
1789337905641,114,POST /documents,200,OK,Create Document - carga 1-20,text,true,,259,1113,17,17,114,0,0
1789337905668,104,POST /documents,200,OK,Create Document - carga 1-18,text,true,,259,1113,17,17,104,0,0
1789337905677,112,POST /documents,200,OK,Create Document - carga 1-6,text,true,,259,1113,17,17,112,0,0
1789337905681,108,POST /documents,200,OK,Create Document - carga 1-19,text,true,,259,1113,17,17,108,0,0
1789337905511,286,POST /documents,200,OK,Create Document - carga 1-21,text,true,,259,1113,17,17,286,0,185
1789337905696,102,POST /documents,200,OK,Create Document - carga 1-17,text,true,,259,1113,17,17,102,0,0
1789337905701,101,POST /documents,200,OK,Create Document - carga 1-10,text,true,,259,1113,17,17,101,0,0
1789337905704,105,POST /documents,200,OK,Create Document - carga 1-11,text,true,,259,1113,17,17,105,0,0
1789337905713,100,POST /documents,200,OK,Create Document - carga 1-12,text,true,,259,1113,17,17,100,0,0
1789337905717,102,POST /documents,200,OK,Create Document - carga 1-7,text,true,,259,1113,17,17,102,0,0
1789337905745,102,POST /documents,200,OK,Create Document - carga 1-8,text,true,,259,1113,17,17,102,0,0
1789337905758,107,POST /documents,200,OK,Create Document - carga 1-9,text,true,,259,1113,17,17,107,0,0
1789337905775,108,POST /documents,200,OK,Create Document - carga 1-13,text,true,,259,1113,17,17,108,0,0
1789337905781,107,POST /documents,200,OK,Create Document - carga 1-16,text,true,,259,1113,17,17,107,0,0
1789337905790,106,POST /documents,200,OK,Create Document - carga 1-15,text,true,,259,1113,17,17,106,0,0
1789337905782,119,POST /documents,200,OK,Create Document - carga 1-20,text,true,,259,1113,17,17,119,0,0
1789337905813,103,POST /documents,200,OK,Create Document - carga 1-21,text,true,,259,1113,17,17,103,0,0
1789337905813,103,POST /documents,200,OK,Create Document - carga 1-12,text,true,,259,1113,17,17,103,0,0
1789337905817,102,POST /documents,200,OK,Create Document - carga 1-11,text,true,,259,1113,17,17,102,0,0
1789337905820,102,POST /documents,200,OK,Create Document - carga 1-18,text,true,,259,1113,17,17,102,0,0
1789337905817,106,POST /documents,200,OK,Create Document - carga 1-14,text,true,,259,1113,17,17,106,0,0
1789337905823,104,POST /documents,200,OK,Create Document - carga 1-19,text,true,,259,1113,17,17,104,0,0
1789337905834,110,POST /documents,200,OK,Create Document - carga 1-5,text,true,,259,1113,17,17,110,0,0
1789337905846,103,POST /documents,200,OK,Create Document - carga 1-10,text,true,,259,1113,17,17,103,0,0
1789337905858,101,POST /documents,200,OK,Create Document - carga 1-7,text,true,,259,1113,17,17,101,0,0
1789337905875,108,POST /documents,200,OK,Create Document - carga 1-8,text,true,,259,1113,17,17,108,0,0
1789337905879,104,POST /documents,200,OK,Create Document - carga 1-6,text,true,,259,1113,17,17,104,0,0
1789337905880,105,POST /documents,200,OK,Create Document - carga 1-17,text,true,,259,1113,17,17,105,0,0
1789337905891,106,POST /documents,200,OK,Create Document - carga 1-16,text,true,,259,1113,17,17,106,0,0
1789337905927,104,POST /documents,200,OK,Create Document - carga 1-13,text,true,,259,1113,17,17,104,0,0
1789337905929,104,POST /documents,200,OK,Create Document - carga 1-15,text,true,,259,1113,17,17,104,0,0
1789337905943,106,POST /documents,200,OK,Create Document - carga 1-14,text,true,,259,1113,17,17,106,0,0
1789337905956,114,POST /documents,200,OK,Create Document - carga 1-9,text,true,,259,1113,17,17,114,0,0
1789337905970,110,POST /documents,200,OK,Create Document - carga 1-21,text,true,,259,1113,17,17,110,0,0
1789337905981,105,POST /documents,200,OK,Create Document - carga 1-12,text,true,,259,1113,17,17,105,0,0
1789337905985,101,POST /documents,200,OK,Create Document - carga 1-11,text,true,,259,1113,17,17,101,0,0
1789337905991,113,POST /documents,200,OK,Create Document - carga 1-10,text,true,,259,1113,17,17,113,0,0
1789337905991,113,POST /documents,200,OK,Create Document - carga 1-18,text,true,,259,1113,17,17,113,0,0
1789337906006,104,POST /documents,200,OK,Create Document - carga 1-7,text,true,,259,1113,17,17,104,0,0
1789337905995,115,POST /documents,200,OK,Create Document - carga 1-20,text,true,,259,1113,17,17,115,0,0
1789337906009,105,POST /documents,200,OK,Create Document - carga 1-19,text,true,,259,1113,17,17,105,0,0
1789337906009,107,POST /documents,200,OK,Create Document - carga 1-5,text,true,,259,1113,17,17,107,0,0
1789337906024,103,POST /documents,200,OK,Create Document - carga 1-6,text,true,,259,1113,17,17,103,0,0
1789337906041,100,POST /documents,200,OK,Create Document - carga 1-8,text,true,,259,1113,17,17,100,0,0
1789337906056,129,POST /documents,200,OK,Create Document - carga 1-14,text,true,,259,1113,17,17,129,0,0
1789337906068,117,POST /documents,200,OK,Create Document - carga 1-16,text,true,,259,1113,17,17,117,0,0
1789337906077,108,POST /documents,200,OK,Create Document - carga 1-17,text,true,,259,1113,17,17,108,0,0
1789337906078,108,POST /documents,200,OK,Create Document - carga 1-9,text,true,,259,1113,17,17,108,0,0
1789337906104,108,POST /documents,200,OK,Create Document - carga 1-11,text,true,,259,1113,17,17,108,0,0
1789337906112,107,POST /documents,200,OK,Create Document - carga 1-13,text,true,,259,1113,17,17,107,0,0
1789337906132,104,POST /documents,200,OK,Create Document - carga 1-7,text,true,,259,1113,17,17,104,0,0
1789337906133,103,POST /documents,200,OK,Create Document - carga 1-21,text,true,,259,1113,17,17,103,0,0
1789337906144,105,POST /documents,200,OK,Create Document - carga 1-12,text,true,,259,1113,17,17,105,0,0
1789337906114,174,POST /documents,200,OK,Create Document - carga 1-15,text,true,,259,1113,17,17,172,0,0
1789337906135,153,POST /documents,200,OK,Create Document - carga 1-5,text,true,,259,1113,17,17,153,0,0
1789337906194,112,POST /documents,200,OK,Create Document - carga 1-16,text,true,,259,1113,17,17,112,0,0
1789337906207,108,POST /documents,200,OK,Create Document - carga 1-9,text,true,,259,1113,17,17,108,0,0
1789337906217,109,POST /documents,200,OK,Create Document - carga 1-14,text,true,,259,1113,17,17,109,0,0
1789337906155,198,POST /documents,200,OK,Create Document - carga 1-6,text,true,,259,1113,17,17,198,0,0
1789337906253,101,POST /documents,200,OK,Create Document - carga 1-21,text,true,,259,1113,17,17,101,0,0
1789337906262,100,POST /documents,200,OK,Create Document - carga 1-13,text,true,,259,1113,17,17,100,0,0
1789337906266,102,POST /documents,200,OK,Create Document - carga 1-11,text,true,,259,1113,17,17,102,0,0
1789337906278,109,POST /documents,200,OK,Create Document - carga 1-17,text,true,,259,1113,17,17,109,0,0
1789337906178,231,POST /documents,200,OK,Create Document - carga 1-20,text,true,,259,1113,17,17,231,0,0
1789337906304,105,POST /documents,200,OK,Create Document - carga 1-7,text,true,,259,1113,17,17,105,0,0
1789337906137,319,POST /documents,200,OK,Create Document - carga 1-10,text,true,,259,1113,17,17,319,0,0
1789337906198,280,POST /documents,200,OK,Create Document - carga 1-18,text,true,,259,1113,17,17,280,0,0
1789337906391,107,POST /documents,200,OK,Create Document - carga 1-16,text,true,,259,1113,17,17,107,0,0
1789337906412,110,POST /documents,200,OK,Create Document - carga 1-13,text,true,,259,1113,17,17,110,0,0
1789337906450,109,POST /documents,200,OK,Create Document - carga 1-6,text,true,,259,1113,17,17,108,0,0
1789337906459,103,POST /documents,200,OK,Create Document - carga 1-7,text,true,,259,1113,17,17,103,0,0
1789337906459,114,POST /documents,200,OK,Create Document - carga 1-20,text,true,,259,1113,17,17,114,0,0
1789337906213,368,POST /documents,200,OK,Create Document - carga 1-19,text,true,,259,1113,17,17,368,0,0
1789337906521,103,POST /documents,200,OK,Create Document - carga 1-18,text,true,,259,1113,17,17,103,0,0
1789337906519,106,POST /documents,200,OK,Create Document - carga 1-16,text,true,,259,1113,17,17,106,0,0
1789337906595,105,POST /documents,200,OK,Create Document - carga 1-19,text,true,,259,1113,17,17,104,0,0
1789337906683,113,POST /documents,200,OK,Create Document - carga 1-18,text,true,,259,1113,17,17,113,0,0
1789337906705,111,POST /documents,200,OK,Create Document - carga 1-19,text,true,,259,1113,17,17,111,0,0
1789337906205,781,POST /documents,200,OK,Create Document - carga 1-8,text,true,,259,1113,17,17,781,0,0
1789337906276,778,POST /documents,200,OK,Create Document - carga 1-12,text,true,,259,1113,17,17,778,0,0
1789337906337,745,POST /documents,200,OK,Create Document - carga 1-5,text,true,,259,1113,17,17,744,0,0
1789337907034,105,POST /documents,200,OK,Create Document - carga 1-8,text,true,,259,1113,16,16,105,0,0
1789337906543,637,POST /documents,200,OK,Create Document - carga 1-10,text,true,,259,1113,16,16,637,0,0
1789337906362,824,POST /documents,200,OK,Create Document - carga 1-15,text,true,,259,1113,16,16,824,0,0
1789337907126,110,POST /documents,200,OK,Create Document - carga 1-12,text,true,,259,1113,16,16,109,0,0
1789337906569,687,POST /documents,200,OK,Create Document - carga 1-7,text,true,,259,1113,16,16,687,0,0
1789337907234,112,POST /documents,200,OK,Create Document - carga 1-10,text,true,,259,1113,16,16,112,0,0
1789337907151,223,POST /documents,200,OK,Create Document - carga 1-8,text,true,,259,1113,16,16,223,0,0
1789337906400,979,POST /documents,200,OK,Create Document - carga 1-21,text,true,,259,1113,16,16,979,0,0
1789337906428,957,POST /documents,200,OK,Create Document - carga 1-11,text,true,,259,1113,16,16,957,0,0
1789337907293,106,POST /documents,200,OK,Create Document - carga 1-7,text,true,,259,1113,16,16,106,0,0
1789337906660,743,POST /documents,200,OK,Create Document - carga 1-20,text,true,,259,1113,16,16,743,0,0
1789337907309,105,POST /documents,200,OK,Create Document - carga 1-12,text,true,,259,1113,16,16,105,0,0
1789337906342,1113,POST /documents,200,OK,Create Document - carga 1-14,text,true,,259,1113,16,16,1113,0,0
1789337906603,856,POST /documents,200,OK,Create Document - carga 1-6,text,true,,259,1113,16,16,853,0,0
1789337906562,898,POST /documents,200,OK,Create Document - carga 1-13,text,true,,259,1113,16,16,898,0,0
1789337906344,1135,POST /documents,200,OK,Create Document - carga 1-9,text,true,,259,1113,16,16,1135,0,0
1789337906835,652,POST /documents,200,OK,Create Document - carga 1-19,text,true,,259,1113,16,16,652,0,0
1789337907403,108,POST /documents,200,OK,Create Document - carga 1-11,text,true,,259,1113,16,16,108,0,0
1789337907415,101,POST /documents,200,OK,Create Document - carga 1-21,text,true,,259,1113,16,16,101,0,0
1789337907414,114,POST /documents,200,OK,Create Document - carga 1-20,text,true,,259,1113,16,16,114,0,0
1789337906631,926,POST /documents,200,OK,Create Document - carga 1-16,text,true,,259,1113,16,16,926,0,0
1789337906867,694,POST /documents,200,OK,Create Document - carga 1-18,text,true,,259,1113,16,16,694,0,0
1789337906471,1092,POST /documents,200,OK,Create Document - carga 1-17,text,true,,259,1113,16,16,1092,0,0
1789337907462,106,POST /documents,200,OK,Create Document - carga 1-13,text,true,,259,1113,16,16,106,0,0
1789337907424,147,POST /documents,200,OK,Create Document - carga 1-12,text,true,,259,1113,16,16,147,0,0
1789337907430,148,POST /documents,200,OK,Create Document - carga 1-8,text,true,,259,1113,16,16,148,0,0
1789337907415,168,POST /documents,200,OK,Create Document - carga 1-10,text,true,,259,1113,16,16,168,0,0
1789337907475,114,POST /documents,200,OK,Create Document - carga 1-7,text,true,,259,1113,16,16,114,0,0
1789337907499,109,POST /documents,200,OK,Create Document - carga 1-9,text,true,,259,1113,16,16,109,0,0
1789337907536,120,POST /documents,200,OK,Create Document - carga 1-20,text,true,,259,1113,16,16,120,0,0
1789337907208,448,POST /documents,200,OK,Create Document - carga 1-15,text,true,,259,1113,16,16,448,0,0
1789337907493,189,POST /documents,200,OK,Create Document - carga 1-14,text,true,,259,1113,16,16,189,0,0
1789337907575,166,POST /documents,200,OK,Create Document - carga 1-11,text,true,,259,1113,16,16,166,0,0
1789337907585,167,POST /documents,200,OK,Create Document - carga 1-21,text,true,,259,1113,16,16,167,0,0
1789337907522,230,POST /documents,200,OK,Create Document - carga 1-6,text,true,,259,1113,16,16,230,0,0
1789337907503,252,POST /documents,200,OK,Create Document - carga 1-19,text,true,,259,1113,16,16,251,0,0
1789337907609,160,POST /documents,200,OK,Create Document - carga 1-18,text,true,,259,1113,16,16,160,0,0
1789337907604,169,POST /documents,200,OK,Create Document - carga 1-17,text,true,,259,1113,16,16,169,0,0
1789337907614,166,POST /documents,200,OK,Create Document - carga 1-9,text,true,,259,1113,16,16,166,0,0
1789337907706,112,POST /documents,200,OK,Create Document - carga 1-15,text,true,,259,1113,16,16,111,0,0
1789337907586,242,POST /documents,200,OK,Create Document - carga 1-16,text,true,,259,1113,16,16,242,0,0
1789337907606,225,POST /documents,200,OK,Create Document - carga 1-13,text,true,,259,1113,16,16,225,0,0
1789337907609,229,POST /documents,200,OK,Create Document - carga 1-10,text,true,,259,1113,16,16,229,0,0
1789337907637,204,POST /documents,200,OK,Create Document - carga 1-12,text,true,,259,1113,16,16,204,0,0
1789337907731,112,POST /documents,200,OK,Create Document - carga 1-20,text,true,,259,1113,16,16,112,0,0
1789337907778,109,POST /documents,200,OK,Create Document - carga 1-11,text,true,,259,1113,17,17,108,0,0
1789337907778,110,POST /documents,200,OK,Create Document - carga 1-19,text,true,,259,1113,17,17,110,0,0
1789337907639,291,POST /documents,200,OK,Create Document - carga 1-7,text,true,,259,1113,17,17,291,0,0
1789337907831,109,POST /documents,200,OK,Create Document - carga 1-18,text,true,,259,1113,17,17,109,0,0
1789337907849,104,POST /documents,200,OK,Create Document - carga 1-10,text,true,,259,1113,17,17,104,0,0
1789337907870,111,POST /documents,200,OK,Create Document - carga 1-20,text,true,,259,1113,17,17,111,0,0
1789337907904,105,POST /documents,200,OK,Create Document - carga 1-16,text,true,,259,1113,17,17,105,0,0
1789337907908,103,POST /documents,200,OK,Create Document - carga 1-15,text,true,,259,1113,17,17,103,0,0
1789337907673,351,POST /documents,200,OK,Create Document - carga 1-8,text,true,,259,1113,17,17,350,0,0
1789337907954,108,POST /documents,200,OK,Create Document - carga 1-11,text,true,,259,1113,17,17,108,0,0
1789337907970,103,POST /documents,200,OK,Create Document - carga 1-18,text,true,,259,1113,17,17,102,0,0
1789337908008,102,POST /documents,200,OK,Create Document - carga 1-10,text,true,,259,1113,17,17,102,0,0
1789337907736,390,POST /documents,200,OK,Create Document - carga 1-14,text,true,,259,1113,17,17,390,0,0
1789337908026,104,POST /documents,200,OK,Create Document - carga 1-7,text,true,,259,1113,17,17,104,0,0
1789337907830,300,POST /documents,200,OK,Create Document - carga 1-6,text,true,,259,1113,17,17,300,0,0
1789337908040,109,POST /documents,200,OK,Create Document - carga 1-8,text,true,,259,1113,17,17,109,0,0
1789337907784,456,POST /documents,200,OK,Create Document - carga 1-17,text,true,,259,1113,17,17,456,0,0
1789337907938,303,POST /documents,200,OK,Create Document - carga 1-22,text,true,,259,1113,17,17,303,0,189
1789337908159,108,POST /documents,200,OK,Create Document - carga 1-18,text,true,,259,1113,17,17,108,0,0
1789337908193,112,POST /documents,200,OK,Create Document - carga 1-14,text,true,,259,1113,17,17,112,0,0
1789337908197,111,POST /documents,200,OK,Create Document - carga 1-8,text,true,,259,1113,17,17,111,0,0
1789337908032,292,POST /documents,200,OK,Create Document - carga 1-16,text,true,,259,1113,17,17,292,0,0
1789337907874,456,POST /documents,200,OK,Create Document - carga 1-9,text,true,,259,1113,17,17,456,0,0
1789337907922,416,POST /documents,200,OK,Create Document - carga 1-12,text,true,,259,1113,17,17,415,0,0
1789337907899,440,POST /documents,200,OK,Create Document - carga 1-13,text,true,,259,1113,17,17,440,0,0
1789337907837,505,POST /documents,200,OK,Create Document - carga 1-21,text,true,,259,1113,17,17,505,0,0
1789337908298,119,POST /documents,200,OK,Create Document - carga 1-22,text,true,,259,1113,17,17,119,0,0
1789337907911,512,POST /documents,200,OK,Create Document - carga 1-19,text,true,,259,1113,17,17,512,0,0
1789337908171,263,POST /documents,200,OK,Create Document - carga 1-6,text,true,,259,1113,17,17,263,0,0
1789337908333,106,POST /documents,200,OK,Create Document - carga 1-17,text,true,,259,1113,17,17,106,0,0
1789337908093,351,POST /documents,200,OK,Create Document - carga 1-11,text,true,,259,1113,17,17,351,0,0
1789337908345,99,POST /documents,200,OK,Create Document - carga 1-8,text,true,,259,1113,17,17,99,0,0
1789337908214,235,POST /documents,200,OK,Create Document - carga 1-7,text,true,,259,1113,17,17,235,0,0
1789337908070,389,POST /documents,200,OK,Create Document - carga 1-20,text,true,,259,1113,17,17,389,0,0
1789337908311,148,POST /documents,200,OK,Create Document - carga 1-14,text,true,,259,1113,17,17,148,0,0
1789337908128,391,POST /documents,200,OK,Create Document - carga 1-10,text,true,,259,1113,17,17,391,0,0
1789337908407,114,POST /documents,200,OK,Create Document - carga 1-12,text,true,,259,1113,17,17,113,0,0
1789337908410,112,POST /documents,200,OK,Create Document - carga 1-9,text,true,,259,1113,17,17,112,0,0
1789337908028,494,POST /documents,200,OK,Create Document - carga 1-15,text,true,,259,1113,17,17,494,0,0
1789337908296,241,POST /documents,200,OK,Create Document - carga 1-18,text,true,,259,1113,17,17,241,0,0
1789337908371,166,POST /documents,200,OK,Create Document - carga 1-13,text,true,,259,1113,17,17,166,0,0
1789337908358,179,POST /documents,200,OK,Create Document - carga 1-21,text,true,,259,1113,17,17,179,0,0
1789337908342,205,POST /documents,200,OK,Create Document - carga 1-16,text,true,,259,1113,17,17,205,0,0
1789337908418,132,POST /documents,200,OK,Create Document - carga 1-22,text,true,,259,1113,17,17,132,0,0
1789337908477,126,POST /documents,200,OK,Create Document - carga 1-19,text,true,,259,1113,17,17,126,0,0
1789337908503,108,POST /documents,200,OK,Create Document - carga 1-11,text,true,,259,1113,17,17,108,0,0
1789337908515,110,POST /documents,200,OK,Create Document - carga 1-14,text,true,,259,1113,17,17,109,0,0
1789337908524,104,POST /documents,200,OK,Create Document - carga 1-7,text,true,,259,1113,17,17,104,0,0
1789337908527,108,POST /documents,200,OK,Create Document - carga 1-6,text,true,,259,1113,17,17,108,0,0
1789337908487,148,POST /documents,200,OK,Create Document - carga 1-8,text,true,,259,1113,17,17,148,0,0
1789337908487,156,POST /documents,200,OK,Create Document - carga 1-17,text,true,,259,1113,17,17,156,0,0
1789337908530,113,POST /documents,200,OK,Create Document - carga 1-15,text,true,,259,1113,17,17,113,0,0
1789337908526,126,POST /documents,200,OK,Create Document - carga 1-20,text,true,,259,1113,17,17,126,0,0
1789337908541,111,POST /documents,200,OK,Create Document - carga 1-10,text,true,,259,1113,17,17,111,0,0
1789337908550,103,POST /documents,200,OK,Create Document - carga 1-9,text,true,,259,1113,17,17,103,0,0
1789337908565,103,POST /documents,200,OK,Create Document - carga 1-13,text,true,,259,1113,17,17,103,0,0
1789337908579,103,POST /documents,200,OK,Create Document - carga 1-16,text,true,,259,1113,17,17,103,0,0
1789337908593,103,POST /documents,200,OK,Create Document - carga 1-22,text,true,,259,1113,17,17,103,0,0
1789337908574,160,POST /documents,200,OK,Create Document - carga 1-21,text,true,,259,1113,17,17,160,0,0
1789337908571,167,POST /documents,200,OK,Create Document - carga 1-12,text,true,,259,1113,17,17,167,0,0
1789337908564,174,POST /documents,200,OK,Create Document - carga 1-18,text,true,,259,1113,17,17,174,0,0
1789337908677,106,POST /documents,200,OK,Create Document - carga 1-13,text,true,,259,1113,17,17,104,0,0
1789337908681,105,POST /documents,200,OK,Create Document - carga 1-19,text,true,,259,1113,17,17,105,0,0
1789337908692,106,POST /documents,200,OK,Create Document - carga 1-11,text,true,,259,1113,17,17,106,0,0
1789337908692,106,POST /documents,200,OK,Create Document - carga 1-17,text,true,,259,1113,17,17,106,0,0
1789337908716,103,POST /documents,200,OK,Create Document - carga 1-14,text,true,,259,1113,17,17,103,0,0
1789337908644,178,POST /documents,200,OK,Create Document - carga 1-6,text,true,,259,1113,17,17,178,0,0
1789337908639,188,POST /documents,200,OK,Create Document - carga 1-7,text,true,,259,1113,17,17,188,0,0
1789337908723,104,POST /documents,200,OK,Create Document - carga 1-16,text,true,,259,1113,17,17,104,0,0
1789337908726,111,POST /documents,200,OK,Create Document - carga 1-8,text,true,,259,1113,17,17,111,0,0
1789337908678,162,POST /documents,200,OK,Create Document - carga 1-9,text,true,,259,1113,17,17,162,0,0
1789337908686,154,POST /documents,200,OK,Create Document - carga 1-15,text,true,,259,1113,17,17,154,0,0
1789337908742,111,POST /documents,200,OK,Create Document - carga 1-18,text,true,,259,1113,17,17,110,0,0
1789337908720,133,POST /documents,200,OK,Create Document - carga 1-20,text,true,,259,1113,17,17,133,0,0
1789337908685,169,POST /documents,200,OK,Create Document - carga 1-10,text,true,,259,1113,17,17,169,0,0
1789337908768,108,POST /documents,200,OK,Create Document - carga 1-12,text,true,,259,1113,17,17,108,0,0
1789337908787,105,POST /documents,200,OK,Create Document - carga 1-21,text,true,,259,1113,17,17,105,0,0
1789337908803,133,POST /documents,200,OK,Create Document - carga 1-19,text,true,,259,1113,17,17,133,0,0
1789337908792,144,POST /documents,200,OK,Create Document - carga 1-22,text,true,,259,1113,17,17,144,0,0
1789337908843,114,POST /documents,200,OK,Create Document - carga 1-6,text,true,,259,1113,17,17,114,0,0
1789337908852,105,POST /documents,200,OK,Create Document - carga 1-7,text,true,,259,1113,17,17,105,0,0
1789337908840,117,POST /documents,200,OK,Create Document - carga 1-11,text,true,,259,1113,17,17,117,0,0
1789337908837,125,POST /documents,200,OK,Create Document - carga 1-16,text,true,,259,1113,17,17,125,0,0
1789337908884,106,POST /documents,200,OK,Create Document - carga 1-17,text,true,,259,1113,17,17,106,0,0
1789337908882,108,POST /documents,200,OK,Create Document - carga 1-9,text,true,,259,1113,17,17,108,0,0
1789337908919,106,POST /documents,200,OK,Create Document - carga 1-14,text,true,,259,1113,17,17,106,0,0
1789337908926,100,POST /documents,200,OK,Create Document - carga 1-10,text,true,,259,1113,17,17,100,0,0
1789337908927,100,POST /documents,200,OK,Create Document - carga 1-18,text,true,,259,1113,17,17,100,0,0
1789337908868,172,POST /documents,200,OK,Create Document - carga 1-8,text,true,,259,1113,17,17,172,0,0
1789337908921,119,POST /documents,200,OK,Create Document - carga 1-21,text,true,,259,1113,17,17,119,0,0
1789337908870,178,POST /documents,200,OK,Create Document - carga 1-13,text,true,,259,1113,17,17,178,0,0
1789337908934,123,POST /documents,200,OK,Create Document - carga 1-15,text,true,,259,1113,17,17,123,0,0
1789337908962,106,POST /documents,200,OK,Create Document - carga 1-22,text,true,,259,1113,17,17,106,0,0
1789337908999,107,POST /documents,200,OK,Create Document - carga 1-17,text,true,,259,1113,17,17,107,0,0
1789337909004,105,POST /documents,200,OK,Create Document - carga 1-11,text,true,,259,1113,17,17,105,0,0
1789337908914,218,POST /documents,200,OK,Create Document - carga 1-12,text,true,,259,1113,17,17,218,0,0
1789337908966,170,POST /documents,200,OK,Create Document - carga 1-6,text,true,,259,1113,17,17,170,0,0
1789337909028,111,POST /documents,200,OK,Create Document - carga 1-19,text,true,,259,1113,17,17,111,0,0
1789337908996,144,POST /documents,200,OK,Create Document - carga 1-16,text,true,,259,1113,17,17,143,0,0
1789337908938,208,POST /documents,200,OK,Create Document - carga 1-20,text,true,,259,1113,17,17,208,0,0
1789337909042,117,POST /documents,200,OK,Create Document - carga 1-8,text,true,,259,1113,17,17,117,0,0
1789337909040,119,POST /documents,200,OK,Create Document - carga 1-9,text,true,,259,1113,17,17,119,0,0
1789337909043,117,POST /documents,200,OK,Create Document - carga 1-7,text,true,,259,1113,17,17,117,0,0
1789337909050,110,POST /documents,200,OK,Create Document - carga 1-14,text,true,,259,1113,17,17,110,0,0
1789337909059,101,POST /documents,200,OK,Create Document - carga 1-10,text,true,,259,1113,17,17,101,0,0
1789337909101,102,POST /documents,200,OK,Create Document - carga 1-21,text,true,,259,1113,17,17,102,0,0
1789337909112,108,POST /documents,200,OK,Create Document - carga 1-13,text,true,,259,1113,17,17,108,0,0
1789337909112,121,POST /documents,200,OK,Create Document - carga 1-18,text,true,,259,1113,17,17,121,0,0
1789337909118,119,POST /documents,200,OK,Create Document - carga 1-22,text,true,,259,1113,17,17,119,0,0
1789337909153,107,POST /documents,200,OK,Create Document - carga 1-15,text,true,,259,1113,17,17,107,0,0
1789337909159,106,POST /documents,200,OK,Create Document - carga 1-11,text,true,,259,1113,17,17,106,0,0
1789337909181,105,POST /documents,200,OK,Create Document - carga 1-19,text,true,,259,1113,17,17,105,0,0
1789337909181,105,POST /documents,200,OK,Create Document - carga 1-10,text,true,,259,1113,17,17,105,0,0
1789337909182,108,POST /documents,200,OK,Create Document - carga 1-14,text,true,,259,1113,17,17,108,0,0
1789337909187,106,POST /documents,200,OK,Create Document - carga 1-17,text,true,,259,1113,17,17,106,0,0
1789337909213,103,POST /documents,200,OK,Create Document - carga 1-6,text,true,,259,1113,17,17,102,0,0
1789337909210,111,POST /documents,200,OK,Create Document - carga 1-20,text,true,,259,1113,17,17,111,0,0
1789337909219,107,POST /documents,200,OK,Create Document - carga 1-8,text,true,,259,1113,17,17,107,0,0
1789337909219,107,POST /documents,200,OK,Create Document - carga 1-12,text,true,,259,1113,17,17,107,0,0
1789337909221,110,POST /documents,200,OK,Create Document - carga 1-16,text,true,,259,1113,17,17,110,0,0
1789337909231,100,POST /documents,200,OK,Create Document - carga 1-21,text,true,,259,1113,17,17,100,0,0
1789337909246,144,POST /documents,200,OK,Create Document - carga 1-9,text,true,,259,1113,17,17,144,0,0
1789337909229,161,POST /documents,200,OK,Create Document - carga 1-7,text,true,,259,1113,17,17,161,0,0
1789337909237,154,POST /documents,200,OK,Create Document - carga 1-18,text,true,,259,1113,17,17,154,0,0
1789337909285,106,POST /documents,200,OK,Create Document - carga 1-13,text,true,,259,1113,17,17,106,0,0
1789337909300,116,POST /documents,200,OK,Create Document - carga 1-19,text,true,,259,1113,17,17,116,0,0
1789337909339,113,POST /documents,200,OK,Create Document - carga 1-20,text,true,,259,1113,17,17,113,0,0
1789337909352,112,POST /documents,200,OK,Create Document - carga 1-15,text,true,,259,1113,17,17,112,0,0
1789337909367,107,POST /documents,200,OK,Create Document - carga 1-11,text,true,,259,1113,17,17,106,0,0
1789337909352,134,POST /documents,200,OK,Create Document - carga 1-8,text,true,,259,1113,17,17,134,0,0
1789337909344,146,POST /documents,200,OK,Create Document - carga 1-12,text,true,,259,1113,17,17,146,0,0
1789337909385,105,POST /documents,200,OK,Create Document - carga 1-10,text,true,,259,1113,17,17,105,0,0
1789337909355,135,POST /documents,200,OK,Create Document - carga 1-17,text,true,,259,1113,17,17,135,0,0
1789337909318,173,POST /documents,200,OK,Create Document - carga 1-22,text,true,,259,1113,17,17,173,0,0
1789337909391,112,POST /documents,200,OK,Create Document - carga 1-14,text,true,,259,1113,17,17,112,0,0
1789337909413,117,POST /documents,200,OK,Create Document - carga 1-16,text,true,,259,1113,17,17,117,0,0
1789337909428,109,POST /documents,200,OK,Create Document - carga 1-13,text,true,,259,1113,17,17,109,0,0
1789337909440,104,POST /documents,200,OK,Create Document - carga 1-19,text,true,,259,1113,17,17,104,0,0
1789337909400,182,POST /documents,200,OK,Create Document - carga 1-21,text,true,,259,1113,17,17,181,0,0
1789337909411,181,POST /documents,200,OK,Create Document - carga 1-6,text,true,,259,1113,17,17,180,0,0
1789337909440,152,POST /documents,200,OK,Create Document - carga 1-18,text,true,,259,1113,17,17,152,0,0
1789337909476,116,POST /documents,200,OK,Create Document - carga 1-7,text,true,,259,1113,17,17,116,0,0
1789337909427,165,POST /documents,200,OK,Create Document - carga 1-9,text,true,,259,1113,17,17,165,0,0
1789337909495,111,POST /documents,200,OK,Create Document - carga 1-11,text,true,,259,1113,17,17,111,0,0
1789337909478,128,POST /documents,200,OK,Create Document - carga 1-20,text,true,,259,1113,17,17,128,0,0
1789337909495,111,POST /documents,200,OK,Create Document - carga 1-17,text,true,,259,1113,17,17,111,0,0
1789337909537,109,POST /documents,200,OK,Create Document - carga 1-15,text,true,,259,1113,17,17,109,0,0
1789337909547,107,POST /documents,200,OK,Create Document - carga 1-16,text,true,,259,1113,17,17,107,0,0
1789337909544,144,POST /documents,200,OK,Create Document - carga 1-8,text,true,,259,1113,17,17,144,0,0
1789337909524,164,POST /documents,200,OK,Create Document - carga 1-12,text,true,,259,1113,17,17,164,0,0
1789337909591,115,POST /documents,200,OK,Create Document - carga 1-13,text,true,,259,1113,17,17,115,0,0
1789337909555,151,POST /documents,200,OK,Create Document - carga 1-14,text,true,,259,1113,17,17,151,0,0
1789337909517,189,POST /documents,200,OK,Create Document - carga 1-22,text,true,,259,1113,17,17,189,0,0
1789337909584,122,POST /documents,200,OK,Create Document - carga 1-10,text,true,,259,1113,17,17,122,0,0
1789337909602,105,POST /documents,200,OK,Create Document - carga 1-21,text,true,,259,1113,17,17,105,0,0
1789337909601,106,POST /documents,200,OK,Create Document - carga 1-18,text,true,,259,1113,17,17,106,0,0
1789337909605,105,POST /documents,200,OK,Create Document - carga 1-6,text,true,,259,1113,17,17,105,0,0
1789337909640,107,POST /documents,200,OK,Create Document - carga 1-9,text,true,,259,1113,16,16,107,0,0
1789337909682,113,POST /documents,200,OK,Create Document - carga 1-16,text,true,,259,1113,16,16,113,0,0
1789337909639,156,POST /documents,200,OK,Create Document - carga 1-19,text,true,,259,1113,16,16,156,0,0
1789337909666,129,POST /documents,200,OK,Create Document - carga 1-11,text,true,,259,1113,16,16,129,0,0
1789337909632,164,POST /documents,200,OK,Create Document - carga 1-7,text,true,,259,1113,16,16,164,0,0
1789337909703,105,POST /documents,200,OK,Create Document - carga 1-12,text,true,,259,1113,16,16,105,0,0
1789337909707,102,POST /documents,200,OK,Create Document - carga 1-22,text,true,,259,1113,16,16,102,0,0
1789337909691,118,POST /documents,200,OK,Create Document - carga 1-20,text,true,,259,1113,16,16,118,0,0
1789337909730,109,POST /documents,200,OK,Create Document - carga 1-15,text,true,,259,1113,16,16,109,0,0
1789337909739,103,POST /documents,200,OK,Create Document - carga 1-8,text,true,,259,1113,16,16,103,0,0
1789337909699,189,POST /documents,200,OK,Create Document - carga 1-17,text,true,,259,1113,16,16,189,0,0
1789337909772,116,POST /documents,200,OK,Create Document - carga 1-21,text,true,,259,1113,16,16,116,0,0
1789337909716,172,POST /documents,200,OK,Create Document - carga 1-14,text,true,,259,1113,16,16,172,0,0
1789337909720,172,POST /documents,200,OK,Create Document - carga 1-18,text,true,,259,1113,16,16,172,0,0
1789337909755,139,POST /documents,200,OK,Create Document - carga 1-13,text,true,,259,1113,16,16,139,0,0
1789337909823,115,POST /documents,200,OK,Create Document - carga 1-12,text,true,,259,1113,16,16,115,0,0
1789337909824,121,POST /documents,200,OK,Create Document - carga 1-9,text,true,,259,1113,16,16,121,0,0
1789337909804,141,POST /documents,200,OK,Create Document - carga 1-10,text,true,,259,1113,16,16,141,0,0
1789337909813,178,POST /documents,200,OK,Create Document - carga 1-19,text,true,,259,1113,16,16,178,0,0
1789337909868,123,POST /documents,200,OK,Create Document - carga 1-15,text,true,,259,1113,16,16,123,0,0
1789337909844,149,POST /documents,200,OK,Create Document - carga 1-11,text,true,,259,1113,16,16,149,0,0
1789337909837,156,POST /documents,200,OK,Create Document - carga 1-16,text,true,,259,1113,16,16,156,0,0
1789337909907,130,POST /documents,200,OK,Create Document - carga 1-21,text,true,,259,1113,16,16,130,0,0
1789337909883,157,POST /documents,200,OK,Create Document - carga 1-7,text,true,,259,1113,16,16,157,0,0
1789337909887,153,POST /documents,200,OK,Create Document - carga 1-22,text,true,,259,1113,16,16,153,0,0
1789337909942,109,POST /documents,200,OK,Create Document - carga 1-12,text,true,,259,1113,16,16,109,0,0
1789337909953,101,POST /documents,200,OK,Create Document - carga 1-18,text,true,,259,1113,16,16,101,0,0
1789337909898,166,POST /documents,200,OK,Create Document - carga 1-20,text,true,,259,1113,16,16,166,0,0
1789337909926,155,POST /documents,200,OK,Create Document - carga 1-8,text,true,,259,1113,16,16,155,0,0
1789337909950,138,POST /documents,200,OK,Create Document - carga 1-17,text,true,,259,1113,16,16,138,0,0
1789337909942,146,POST /documents,200,OK,Create Document - carga 1-14,text,true,,259,1113,16,16,146,0,0
1789337909978,115,POST /documents,200,OK,Create Document - carga 1-13,text,true,,259,1113,16,16,115,0,0
1789337910033,106,POST /documents,200,OK,Create Document - carga 1-10,text,true,,259,1113,16,16,106,0,0
1789337910000,139,POST /documents,200,OK,Create Document - carga 1-9,text,true,,259,1113,16,16,139,0,0
1789337910008,175,POST /documents,200,OK,Create Document - carga 1-19,text,true,,259,1113,16,16,175,0,0
1789337910049,137,POST /documents,200,OK,Create Document - carga 1-16,text,true,,259,1113,16,16,137,0,0
1789337910064,127,POST /documents,200,OK,Create Document - carga 1-11,text,true,,259,1113,16,16,127,0,0
1789337910131,114,POST /documents,200,OK,Create Document - carga 1-17,text,true,,259,1113,16,16,114,0,0
1789337910066,180,POST /documents,200,OK,Create Document - carga 1-15,text,true,,259,1113,16,16,180,0,0
1789337910103,178,POST /documents,200,OK,Create Document - carga 1-12,text,true,,259,1113,17,17,177,0,0
1789337910109,180,POST /documents,200,OK,Create Document - carga 1-7,text,true,,259,1113,17,17,180,0,0
1789337910120,179,POST /documents,200,OK,Create Document - carga 1-14,text,true,,259,1113,17,17,179,0,0
1789337910083,236,POST /documents,200,OK,Create Document - carga 1-21,text,true,,259,1113,17,17,236,0,0
1789337910137,200,POST /documents,200,OK,Create Document - carga 1-22,text,true,,259,1113,17,17,200,0,0
1789337910141,202,POST /documents,200,OK,Create Document - carga 1-18,text,true,,259,1113,17,17,202,0,0
1789337910108,235,POST /documents,200,OK,Create Document - carga 1-20,text,true,,259,1113,17,17,235,0,0
1789337910179,168,POST /documents,200,OK,Create Document - carga 1-10,text,true,,259,1113,17,17,168,0,0
1789337910166,185,POST /documents,200,OK,Create Document - carga 1-8,text,true,,259,1113,17,17,185,0,0
1789337910134,248,POST /documents,200,OK,Create Document - carga 1-13,text,true,,259,1113,17,17,248,0,0
1789337910206,185,POST /documents,200,OK,Create Document - carga 1-11,text,true,,259,1113,17,17,185,0,0
1789337910255,136,POST /documents,200,OK,Create Document - carga 1-17,text,true,,259,1113,17,17,136,0,0
1789337910214,177,POST /documents,200,OK,Create Document - carga 1-9,text,true,,259,1113,17,17,177,0,0
1789337910251,182,POST /documents,200,OK,Create Document - carga 1-19,text,true,,259,1113,17,17,181,0,0
1789337910292,145,POST /documents,200,OK,Create Document - carga 1-15,text,true,,259,1113,17,17,145,0,0
1789337910269,214,POST /documents,200,OK,Create Document - carga 1-16,text,true,,259,1113,17,17,214,0,0
1789337910355,130,POST /documents,200,OK,Create Document - carga 1-18,text,true,,259,1113,17,17,130,0,0
1789337910399,121,POST /documents,200,OK,Create Document - carga 1-20,text,true,,259,1113,17,17,120,0,0
1789337910410,110,POST /documents,200,OK,Create Document - carga 1-10,text,true,,259,1113,17,17,110,0,0
1789337910354,177,POST /documents,200,OK,Create Document - carga 1-7,text,true,,259,1113,17,17,177,0,0
1789337910361,177,POST /documents,200,OK,Create Document - carga 1-21,text,true,,259,1113,17,17,177,0,0
1789337910369,169,POST /documents,200,OK,Create Document - carga 1-12,text,true,,259,1113,17,17,169,0,0
1789337910379,160,POST /documents,200,OK,Create Document - carga 1-14,text,true,,259,1113,17,17,160,0,0
1789337910431,112,POST /documents,200,OK,Create Document - carga 1-8,text,true,,259,1113,17,17,112,0,0
1789337910424,138,POST /documents,200,OK,Create Document - carga 1-13,text,true,,259,1113,17,17,137,0,0
1789337910428,160,POST /documents,200,OK,Create Document - carga 1-11,text,true,,259,1113,17,17,160,0,0
1789337910432,156,POST /documents,200,OK,Create Document - carga 1-9,text,true,,259,1113,17,17,156,0,0
1789337910262,326,POST /documents,200,OK,Create Document - carga 1-23,text,true,,259,1113,17,17,326,0,203
1789337910386,257,POST /documents,200,OK,Create Document - carga 1-22,text,true,,259,1113,17,17,257,0,0
1789337910528,115,POST /documents,200,OK,Create Document - carga 1-18,text,true,,259,1113,17,17,115,0,0
1789337910493,150,POST /documents,200,OK,Create Document - carga 1-19,text,true,,259,1113,17,17,150,0,0
1789337910449,194,POST /documents,200,OK,Create Document - carga 1-17,text,true,,259,1113,17,17,194,0,0
1789337910475,168,POST /documents,200,OK,Create Document - carga 1-15,text,true,,259,1113,17,17,168,0,0
1789337910544,109,POST /documents,200,OK,Create Document - carga 1-21,text,true,,259,1113,17,17,109,0,0
1789337910551,108,POST /documents,200,OK,Create Document - carga 1-7,text,true,,259,1113,17,17,108,0,0
1789337910586,111,POST /documents,200,OK,Create Document - carga 1-13,text,true,,259,1113,17,17,111,0,0
1789337910608,105,POST /documents,200,OK,Create Document - carga 1-10,text,true,,259,1113,17,17,105,0,0
1789337910624,111,POST /documents,200,OK,Create Document - carga 1-14,text,true,,259,1113,17,17,111,0,0
1789337910648,106,POST /documents,200,OK,Create Document - carga 1-22,text,true,,259,1113,17,17,106,0,0
1789337910654,101,POST /documents,200,OK,Create Document - carga 1-15,text,true,,259,1113,17,17,101,0,0
1789337910678,111,POST /documents,200,OK,Create Document - carga 1-19,text,true,,259,1113,17,17,111,0,0
1789337910686,107,POST /documents,200,OK,Create Document - carga 1-9,text,true,,259,1113,17,17,107,0,0
1789337910554,267,POST /documents,200,OK,Create Document - carga 1-12,text,true,,259,1113,17,17,267,0,0
1789337910724,103,POST /documents,200,OK,Create Document - carga 1-18,text,true,,259,1113,17,17,103,0,0
1789337910565,266,POST /documents,200,OK,Create Document - carga 1-16,text,true,,259,1113,17,17,266,0,0
1789337910551,281,POST /documents,200,OK,Create Document - carga 1-20,text,true,,259,1113,17,17,194,0,0
1789337910611,224,POST /documents,200,OK,Create Document - carga 1-8,text,true,,259,1113,17,17,223,0,0
1789337910635,202,POST /documents,200,OK,Create Document - carga 1-11,text,true,,259,1113,17,17,202,0,0
1789337910615,224,POST /documents,200,OK,Create Document - carga 1-23,text,true,,259,1113,17,17,224,0,0
1789337910681,166,POST /documents,200,OK,Create Document - carga 1-21,text,true,,259,1113,17,17,166,0,0
1789337910710,138,POST /documents,200,OK,Create Document - carga 1-7,text,true,,259,1113,17,17,138,0,0
1789337910779,128,POST /documents,200,OK,Create Document - carga 1-15,text,true,,259,1113,17,17,128,0,0
1789337910678,246,POST /documents,200,OK,Create Document - carga 1-17,text,true,,259,1113,17,17,246,0,0
1789337910821,107,POST /documents,200,OK,Create Document - carga 1-9,text,true,,259,1113,17,17,107,0,0
1789337910747,187,POST /documents,200,OK,Create Document - carga 1-13,text,true,,259,1113,17,17,187,0,0
1789337910773,165,POST /documents,200,OK,Create Document - carga 1-14,text,true,,259,1113,17,17,164,0,0
1789337910780,162,POST /documents,200,OK,Create Document - carga 1-22,text,true,,259,1113,17,17,162,0,0
1789337910794,148,POST /documents,200,OK,Create Document - carga 1-10,text,true,,259,1113,17,17,148,0,0
1789337910859,103,POST /documents,200,OK,Create Document - carga 1-12,text,true,,259,1113,17,17,103,0,0
1789337910854,109,POST /documents,200,OK,Create Document - carga 1-19,text,true,,259,1113,17,17,109,0,0
1789337910871,103,POST /documents,200,OK,Create Document - carga 1-21,text,true,,259,1113,17,17,103,0,0
1789337910881,100,POST /documents,200,OK,Create Document - carga 1-7,text,true,,259,1113,17,17,100,0,0
1789337910909,105,POST /documents,200,OK,Create Document - carga 1-11,text,true,,259,1113,17,17,104,0,0
1789337910891,124,POST /documents,200,OK,Create Document - carga 1-20,text,true,,259,1113,17,17,124,0,0
1789337910918,101,POST /documents,200,OK,Create Document - carga 1-18,text,true,,259,1113,17,17,101,0,0
1789337910921,111,POST /documents,200,OK,Create Document - carga 1-16,text,true,,259,1113,17,17,111,0,0
1789337910858,174,POST /documents,200,OK,Create Document - carga 1-23,text,true,,259,1113,17,17,174,0,0
1789337910915,121,POST /documents,200,OK,Create Document - carga 1-15,text,true,,259,1113,17,17,121,0,0
1789337910892,145,POST /documents,200,OK,Create Document - carga 1-8,text,true,,259,1113,17,17,145,0,0
1789337910941,109,POST /documents,200,OK,Create Document - carga 1-13,text,true,,259,1113,17,17,108,0,0
1789337911005,121,POST /documents,200,OK,Create Document - carga 1-17,text,true,,259,1113,17,17,121,0,0
1789337911013,114,POST /documents,200,OK,Create Document - carga 1-10,text,true,,259,1113,17,17,114,0,0
1789337910957,179,POST /documents,200,OK,Create Document - carga 1-9,text,true,,259,1113,17,17,179,0,0
1789337910988,149,POST /documents,200,OK,Create Document - carga 1-22,text,true,,259,1113,17,17,149,0,0
1789337911007,130,POST /documents,200,OK,Create Document - carga 1-14,text,true,,259,1113,17,17,130,0,0
1789337911044,101,POST /documents,200,OK,Create Document - carga 1-7,text,true,,259,1113,17,17,101,0,0
1789337911047,102,POST /documents,200,OK,Create Document - carga 1-21,text,true,,259,1113,17,17,102,0,0
1789337911052,105,POST /documents,200,OK,Create Document - carga 1-12,text,true,,259,1113,17,17,105,0,0
1789337911055,108,POST /documents,200,OK,Create Document - carga 1-19,text,true,,259,1113,17,17,108,0,0
1789337911053,110,POST /documents,200,OK,Create Document - carga 1-11,text,true,,259,1113,17,17,110,0,0
1789337911063,113,POST /documents,200,OK,Create Document - carga 1-18,text,true,,259,1113,17,17,113,0,0
1789337911078,120,POST /documents,200,OK,Create Document - carga 1-20,text,true,,259,1113,17,17,120,0,0
1789337911115,125,POST /documents,200,OK,Create Document - carga 1-13,text,true,,259,1113,17,17,125,0,0
1789337911113,127,POST /documents,200,OK,Create Document - carga 1-8,text,true,,259,1113,17,17,127,0,0
1789337911115,126,POST /documents,200,OK,Create Document - carga 1-15,text,true,,259,1113,17,17,126,0,0
1789337911115,126,POST /documents,200,OK,Create Document - carga 1-23,text,true,,259,1113,17,17,126,0,0
1789337911122,119,POST /documents,200,OK,Create Document - carga 1-16,text,true,,259,1113,17,17,119,0,0
1789337911163,107,POST /documents,200,OK,Create Document - carga 1-21,text,true,,259,1113,17,17,106,0,0
1789337911173,101,POST /documents,200,OK,Create Document - carga 1-12,text,true,,259,1113,17,17,101,0,0
1789337911181,101,POST /documents,200,OK,Create Document - carga 1-10,text,true,,259,1113,17,17,100,0,0
1789337911178,111,POST /documents,200,OK,Create Document - carga 1-22,text,true,,259,1113,17,17,111,0,0
1789337911182,107,POST /documents,200,OK,Create Document - carga 1-14,text,true,,259,1113,17,17,107,0,0
1789337911180,109,POST /documents,200,OK,Create Document - carga 1-17,text,true,,259,1113,17,17,109,0,0
1789337911191,111,POST /documents,200,OK,Create Document - carga 1-9,text,true,,259,1113,17,17,111,0,0
1789337911219,100,POST /documents,200,OK,Create Document - carga 1-7,text,true,,259,1113,17,17,100,0,0
1789337911222,116,POST /documents,200,OK,Create Document - carga 1-20,text,true,,259,1113,17,17,116,0,0
1789337911234,104,POST /documents,200,OK,Create Document - carga 1-18,text,true,,259,1113,17,17,104,0,0
1789337911236,111,POST /documents,200,OK,Create Document - carga 1-11,text,true,,259,1113,17,17,111,0,0
1789337911250,102,POST /documents,200,OK,Create Document - carga 1-19,text,true,,259,1113,17,17,102,0,0
1789337911281,97,POST /documents,200,OK,Create Document - carga 1-8,text,true,,259,1113,17,17,97,0,0
1789337911278,106,POST /documents,200,OK,Create Document - carga 1-16,text,true,,259,1113,17,17,106,0,0
1789337911280,104,POST /documents,200,OK,Create Document - carga 1-15,text,true,,259,1113,17,17,104,0,0
1789337911300,117,POST /documents,200,OK,Create Document - carga 1-23,text,true,,259,1113,17,17,117,0,0
1789337911325,103,POST /documents,200,OK,Create Document - carga 1-13,text,true,,259,1113,17,17,103,0,0
1789337911334,108,POST /documents,200,OK,Create Document - carga 1-12,text,true,,259,1113,17,17,108,0,0
1789337911338,108,POST /documents,200,OK,Create Document - carga 1-7,text,true,,259,1113,17,17,108,0,0
1789337911346,101,POST /documents,200,OK,Create Document - carga 1-21,text,true,,259,1113,17,17,101,0,0
1789337911338,109,POST /documents,200,OK,Create Document - carga 1-10,text,true,,259,1113,17,17,109,0,0
1789337911347,111,POST /documents,200,OK,Create Document - carga 1-17,text,true,,259,1113,17,17,111,0,0
1789337911358,104,POST /documents,200,OK,Create Document - carga 1-11,text,true,,259,1113,17,17,104,0,0
1789337911362,107,POST /documents,200,OK,Create Document - carga 1-9,text,true,,259,1113,17,17,107,0,0
1789337911369,110,POST /documents,200,OK,Create Document - carga 1-22,text,true,,259,1113,17,17,110,0,0
1789337911379,100,POST /documents,200,OK,Create Document - carga 1-18,text,true,,259,1113,17,17,100,0,0
1789337911384,101,POST /documents,200,OK,Create Document - carga 1-14,text,true,,259,1113,17,17,101,0,0
1789337911415,105,POST /documents,200,OK,Create Document - carga 1-16,text,true,,259,1113,17,17,105,0,0
1789337911427,126,POST /documents,200,OK,Create Document - carga 1-23,text,true,,259,1113,17,17,126,0,0
1789337911423,131,POST /documents,200,OK,Create Document - carga 1-19,text,true,,259,1113,17,17,131,0,0
1789337911379,175,POST /documents,200,OK,Create Document - carga 1-20,text,true,,259,1113,17,17,175,0,0
1789337911455,106,POST /documents,200,OK,Create Document - carga 1-8,text,true,,259,1113,17,17,106,0,0
1789337911467,113,POST /documents,200,OK,Create Document - carga 1-15,text,true,,259,1113,17,17,113,0,0
1789337911502,109,POST /documents,200,OK,Create Document - carga 1-21,text,true,,259,1113,17,17,109,0,0
1789337911498,113,POST /documents,200,OK,Create Document - carga 1-10,text,true,,259,1113,17,17,113,0,0
1789337911511,101,POST /documents,200,OK,Create Document - carga 1-7,text,true,,259,1113,17,17,101,0,0
1789337911506,106,POST /documents,200,OK,Create Document - carga 1-17,text,true,,259,1113,17,17,106,0,0
1789337911513,104,POST /documents,200,OK,Create Document - carga 1-12,text,true,,259,1113,17,17,104,0,0
1789337911510,121,POST /documents,200,OK,Create Document - carga 1-9,text,true,,259,1113,17,17,121,0,0
1789337911522,115,POST /documents,200,OK,Create Document - carga 1-13,text,true,,259,1113,17,17,115,0,0
1789337911542,107,POST /documents,200,OK,Create Document - carga 1-11,text,true,,259,1113,17,17,107,0,0
1789337911554,111,POST /documents,200,OK,Create Document - carga 1-14,text,true,,259,1113,17,17,111,0,0
1789337911568,100,POST /documents,200,OK,Create Document - carga 1-18,text,true,,259,1113,17,17,100,0,0
1789337911562,107,POST /documents,200,OK,Create Document - carga 1-22,text,true,,259,1113,17,17,107,0,0
1789337911571,104,POST /documents,200,OK,Create Document - carga 1-23,text,true,,259,1113,17,17,104,0,0
1789337911571,106,POST /documents,200,OK,Create Document - carga 1-16,text,true,,259,1113,17,17,104,0,0
1789337911593,105,POST /documents,200,OK,Create Document - carga 1-15,text,true,,259,1113,17,17,105,0,0
1789337911595,105,POST /documents,200,OK,Create Document - carga 1-19,text,true,,259,1113,17,17,105,0,0
1789337911625,112,POST /documents,200,OK,Create Document - carga 1-12,text,true,,259,1113,17,17,111,0,0
1789337911622,117,POST /documents,200,OK,Create Document - carga 1-7,text,true,,259,1113,17,17,117,0,0
1789337911636,106,POST /documents,200,OK,Create Document - carga 1-9,text,true,,259,1113,16,16,106,0,0
1789337911640,115,POST /documents,200,OK,Create Document - carga 1-20,text,true,,259,1113,16,16,115,0,0
1789337911659,100,POST /documents,200,OK,Create Document - carga 1-8,text,true,,259,1113,16,16,100,0,0
1789337911668,101,POST /documents,200,OK,Create Document - carga 1-18,text,true,,259,1113,16,16,101,0,0
1789337911680,102,POST /documents,200,OK,Create Document - carga 1-10,text,true,,259,1113,16,16,102,0,0
1789337911687,102,POST /documents,200,OK,Create Document - carga 1-21,text,true,,259,1113,16,16,102,0,0
1789337911685,107,POST /documents,200,OK,Create Document - carga 1-11,text,true,,259,1113,16,16,107,0,0
1789337911687,105,POST /documents,200,OK,Create Document - carga 1-16,text,true,,259,1113,16,16,105,0,0
1789337911706,121,POST /documents,200,OK,Create Document - carga 1-23,text,true,,259,1113,16,16,121,0,0
1789337911711,116,POST /documents,200,OK,Create Document - carga 1-19,text,true,,259,1113,16,16,116,0,0
1789337911704,131,POST /documents,200,OK,Create Document - carga 1-17,text,true,,259,1113,16,16,131,0,0
1789337911731,112,POST /documents,200,OK,Create Document - carga 1-13,text,true,,259,1113,16,16,112,0,0
1789337911752,106,POST /documents,200,OK,Create Document - carga 1-14,text,true,,259,1113,16,16,106,0,0
1789337911735,127,POST /documents,200,OK,Create Document - carga 1-15,text,true,,259,1113,16,16,127,0,0
1789337911752,116,POST /documents,200,OK,Create Document - carga 1-9,text,true,,259,1113,16,16,116,0,0
1789337911744,127,POST /documents,200,OK,Create Document - carga 1-22,text,true,,259,1113,16,16,127,0,0
1789337911791,102,POST /documents,200,OK,Create Document - carga 1-8,text,true,,259,1113,16,16,102,0,0
1789337911820,105,POST /documents,200,OK,Create Document - carga 1-12,text,true,,259,1113,16,16,105,0,0
1789337911809,117,POST /documents,200,OK,Create Document - carga 1-20,text,true,,259,1113,16,16,117,0,0
1789337911828,107,POST /documents,200,OK,Create Document - carga 1-10,text,true,,259,1113,16,16,107,0,0
1789337911845,112,POST /documents,200,OK,Create Document - carga 1-16,text,true,,259,1113,16,16,112,0,0
1789337911836,121,POST /documents,200,OK,Create Document - carga 1-18,text,true,,259,1113,16,16,121,0,0
1789337911857,107,POST /documents,200,OK,Create Document - carga 1-17,text,true,,259,1113,16,16,107,0,0
1789337911860,105,POST /documents,200,OK,Create Document - carga 1-11,text,true,,259,1113,16,16,105,0,0
1789337911865,104,POST /documents,200,OK,Create Document - carga 1-14,text,true,,259,1113,16,16,104,0,0
1789337911867,117,POST /documents,200,OK,Create Document - carga 1-19,text,true,,259,1113,16,16,117,0,0
1789337911880,108,POST /documents,200,OK,Create Document - carga 1-9,text,true,,259,1113,16,16,108,0,0
1789337911884,109,POST /documents,200,OK,Create Document - carga 1-15,text,true,,259,1113,16,16,109,0,0
1789337911960,111,POST /documents,200,OK,Create Document - carga 1-18,text,true,,259,1113,16,16,111,0,0
1789337911888,186,POST /documents,200,OK,Create Document - carga 1-21,text,true,,259,1113,16,16,172,0,0
1789337911879,201,POST /documents,200,OK,Create Document - carga 1-13,text,true,,259,1113,16,16,201,0,0
1789337911905,185,POST /documents,200,OK,Create Document - carga 1-23,text,true,,259,1113,16,16,185,0,0
1789337911958,132,POST /documents,200,OK,Create Document - carga 1-22,text,true,,259,1113,16,16,132,0,0
1789337911993,108,POST /documents,200,OK,Create Document - carga 1-8,text,true,,259,1113,16,16,108,0,0
1789337911999,108,POST /documents,200,OK,Create Document - carga 1-14,text,true,,259,1113,16,16,108,0,0
1789337912006,103,POST /documents,200,OK,Create Document - carga 1-11,text,true,,259,1113,16,16,103,0,0
1789337912013,113,POST /documents,200,OK,Create Document - carga 1-17,text,true,,259,1113,16,16,113,0,0
1789337912017,109,POST /documents,200,OK,Create Document - carga 1-16,text,true,,259,1113,16,16,109,0,0
1789337912050,111,POST /documents,200,OK,Create Document - carga 1-9,text,true,,259,1113,16,16,111,0,0
1789337911968,207,POST /documents,200,OK,Create Document - carga 1-12,text,true,,259,1113,16,16,207,0,0
1789337912028,159,POST /documents,200,OK,Create Document - carga 1-19,text,true,,259,1113,16,16,159,0,0
1789337911979,214,POST /documents,200,OK,Create Document - carga 1-20,text,true,,259,1113,16,16,214,0,0
1789337912093,114,POST /documents,200,OK,Create Document - carga 1-18,text,true,,259,1113,16,16,114,0,0
1789337912149,103,POST /documents,200,OK,Create Document - carga 1-8,text,true,,259,1113,16,16,103,0,0
1789337912080,177,POST /documents,200,OK,Create Document - carga 1-21,text,true,,259,1113,16,16,177,0,0
1789337912148,109,POST /documents,200,OK,Create Document - carga 1-22,text,true,,259,1113,16,16,109,0,0
1789337912175,108,POST /documents,200,OK,Create Document - carga 1-13,text,true,,259,1113,16,16,108,0,0
1789337912059,224,POST /documents,200,OK,Create Document - carga 1-15,text,true,,259,1113,16,16,224,0,0
1789337912010,274,POST /documents,200,OK,Create Document - carga 1-10,text,true,,259,1113,16,16,274,0,0
1789337912133,157,POST /documents,200,OK,Create Document - carga 1-11,text,true,,259,1113,16,16,157,0,0
1789337912153,140,POST /documents,200,OK,Create Document - carga 1-23,text,true,,259,1113,16,16,140,0,0
1789337912180,114,POST /documents,200,OK,Create Document - carga 1-17,text,true,,259,1113,16,16,114,0,0
1789337912191,103,POST /documents,200,OK,Create Document - carga 1-12,text,true,,259,1113,16,16,103,0,0
1789337912184,114,POST /documents,200,OK,Create Document - carga 1-14,text,true,,259,1113,16,16,114,0,0
1789337912175,123,POST /documents,200,OK,Create Document - carga 1-16,text,true,,259,1113,16,16,123,0,0
1789337912230,104,POST /documents,200,OK,Create Document - carga 1-9,text,true,,259,1113,16,16,104,0,0
1789337912247,124,POST /documents,200,OK,Create Document - carga 1-20,text,true,,259,1113,16,16,124,0,0
1789337912273,104,POST /documents,200,OK,Create Document - carga 1-21,text,true,,259,1113,16,16,104,0,0
1789337912263,117,POST /documents,200,OK,Create Document - carga 1-22,text,true,,259,1113,16,16,117,0,0
1789337912234,149,POST /documents,200,OK,Create Document - carga 1-18,text,true,,259,1113,16,16,149,0,0
1789337912253,139,POST /documents,200,OK,Create Document - carga 1-19,text,true,,259,1113,16,16,139,0,0
1789337912298,110,POST /documents,200,OK,Create Document - carga 1-12,text,true,,259,1113,16,16,110,0,0
1789337912307,102,POST /documents,200,OK,Create Document - carga 1-10,text,true,,259,1113,16,16,102,0,0
1789337912316,102,POST /documents,200,OK,Create Document - carga 1-23,text,true,,259,1113,16,16,102,0,0
1789337912285,174,POST /documents,200,OK,Create Document - carga 1-8,text,true,,259,1113,16,16,174,0,0
1789337912365,131,POST /documents,200,OK,Create Document - carga 1-17,text,true,,259,1113,16,16,131,0,0
1789337912375,122,POST /documents,200,OK,Create Document - carga 1-11,text,true,,259,1113,16,16,122,0,0
1789337912336,161,POST /documents,200,OK,Create Document - carga 1-13,text,true,,259,1113,16,16,161,0,0
1789337912347,150,POST /documents,200,OK,Create Document - carga 1-16,text,true,,259,1113,16,16,150,0,0
1789337912300,197,POST /documents,200,OK,Create Document - carga 1-15,text,true,,259,1113,16,16,197,0,0
1789337912365,132,POST /documents,200,OK,Create Document - carga 1-14,text,true,,259,1113,16,16,132,0,0
1789337912409,108,POST /documents,200,OK,Create Document - carga 1-9,text,true,,259,1113,16,16,108,0,0
1789337912443,114,POST /documents,200,OK,Create Document - carga 1-19,text,true,,259,1113,16,16,114,0,0
1789337912451,128,POST /documents,200,OK,Create Document - carga 1-20,text,true,,259,1113,16,16,128,0,0
1789337912437,144,POST /documents,200,OK,Create Document - carga 1-22,text,true,,259,1113,16,16,144,0,0
1789337912481,105,POST /documents,200,OK,Create Document - carga 1-18,text,true,,259,1113,16,16,105,0,0
1789337912496,104,POST /documents,200,OK,Create Document - carga 1-8,text,true,,259,1113,16,16,104,0,0
1789337912503,106,POST /documents,200,OK,Create Document - carga 1-11,text,true,,259,1113,16,16,106,0,0
1789337912541,109,POST /documents,200,OK,Create Document - carga 1-13,text,true,,259,1113,16,16,108,0,0
1789337912432,222,POST /documents,200,OK,Create Document - carga 1-23,text,true,,259,1113,16,16,159,0,0
1789337912465,208,POST /documents,200,OK,Create Document - carga 1-21,text,true,,259,1113,17,17,189,0,0
1789337912442,234,POST /documents,200,OK,Create Document - carga 1-10,text,true,,259,1113,17,17,233,0,0
1789337912484,199,POST /documents,200,OK,Create Document - carga 1-12,text,true,,259,1113,17,17,195,0,0
1789337912580,112,POST /documents,200,OK,Create Document - carga 1-15,text,true,,259,1113,17,17,112,0,0
1789337912543,149,POST /documents,200,OK,Create Document - carga 1-17,text,true,,259,1113,17,17,149,0,0
1789337912607,108,POST /documents,200,OK,Create Document - carga 1-9,text,true,,259,1113,17,17,108,0,0
1789337912647,109,POST /documents,200,OK,Create Document - carga 1-19,text,true,,259,1113,17,17,109,0,0
1789337912549,208,POST /documents,200,OK,Create Document - carga 1-14,text,true,,259,1113,17,17,208,0,0
1789337912574,184,POST /documents,200,OK,Create Document - carga 1-16,text,true,,259,1113,17,17,184,0,0
1789337912659,102,POST /documents,200,OK,Create Document - carga 1-11,text,true,,259,1113,17,17,102,0,0
1789337912648,114,POST /documents,200,OK,Create Document - carga 1-20,text,true,,259,1113,17,17,114,0,0
1789337912617,157,POST /documents,200,OK,Create Document - carga 1-8,text,true,,259,1113,17,17,157,0,0
1789337912664,118,POST /documents,200,OK,Create Document - carga 1-18,text,true,,259,1113,17,17,118,0,0
1789337912618,168,POST /documents,200,OK,Create Document - carga 1-22,text,true,,259,1113,17,17,168,0,0
1789337912697,99,POST /documents,200,OK,Create Document - carga 1-21,text,true,,259,1113,17,17,99,0,0
1789337912722,103,POST /documents,200,OK,Create Document - carga 1-23,text,true,,259,1113,17,17,103,0,0
1789337912748,107,POST /documents,200,OK,Create Document - carga 1-17,text,true,,259,1113,17,17,107,0,0
1789337912766,104,POST /documents,200,OK,Create Document - carga 1-10,text,true,,259,1113,17,17,104,0,0
1789337912737,144,POST /documents,200,OK,Create Document - carga 1-13,text,true,,259,1113,17,17,144,0,0
1789337912763,118,POST /documents,200,OK,Create Document - carga 1-20,text,true,,259,1113,17,17,118,0,0
1789337912758,124,POST /documents,200,OK,Create Document - carga 1-12,text,true,,259,1113,17,17,124,0,0
1789337912782,106,POST /documents,200,OK,Create Document - carga 1-15,text,true,,259,1113,17,17,106,0,0
1789337912796,103,POST /documents,200,OK,Create Document - carga 1-16,text,true,,259,1113,17,17,103,0,0
1789337912796,105,POST /documents,200,OK,Create Document - carga 1-19,text,true,,259,1113,17,17,105,0,0
1789337912822,107,POST /documents,200,OK,Create Document - carga 1-14,text,true,,259,1113,17,17,107,0,0
1789337912840,106,POST /documents,200,OK,Create Document - carga 1-21,text,true,,259,1113,17,17,106,0,0
1789337912856,107,POST /documents,200,OK,Create Document - carga 1-22,text,true,,259,1113,17,17,107,0,0
1789337912862,119,POST /documents,200,OK,Create Document - carga 1-18,text,true,,259,1113,17,17,119,0,0
1789337912826,156,POST /documents,200,OK,Create Document - carga 1-11,text,true,,259,1113,17,17,156,0,0
1789337912804,179,POST /documents,200,OK,Create Document - carga 1-9,text,true,,259,1113,17,17,179,0,0
1789337912873,110,POST /documents,200,OK,Create Document - carga 1-8,text,true,,259,1113,17,17,110,0,0
1789337912699,297,POST /documents,200,OK,Create Document - carga 1-24,text,true,,259,1113,17,17,297,0,189
1789337912887,110,POST /documents,200,OK,Create Document - carga 1-23,text,true,,259,1113,17,17,110,0,0
1789337912928,103,POST /documents,200,OK,Create Document - carga 1-19,text,true,,259,1113,17,17,103,0,0
1789337912934,109,POST /documents,200,OK,Create Document - carga 1-15,text,true,,259,1113,17,17,109,0,0
1789337912894,164,POST /documents,200,OK,Create Document - carga 1-17,text,true,,259,1113,17,17,164,0,0
1789337912951,107,POST /documents,200,OK,Create Document - carga 1-16,text,true,,259,1113,17,17,107,0,0
1789337912978,103,POST /documents,200,OK,Create Document - carga 1-12,text,true,,259,1113,17,17,103,0,0
1789337912947,137,POST /documents,200,OK,Create Document - carga 1-10,text,true,,259,1113,17,17,137,0,0
1789337912942,143,POST /documents,200,OK,Create Document - carga 1-13,text,true,,259,1113,17,17,143,0,0
1789337912926,167,POST /documents,200,OK,Create Document - carga 1-20,text,true,,259,1113,17,17,167,0,0
1789337912995,106,POST /documents,200,OK,Create Document - carga 1-14,text,true,,259,1113,17,17,106,0,0
1789337913023,108,POST /documents,200,OK,Create Document - carga 1-23,text,true,,259,1113,17,17,108,0,0
1789337913038,109,POST /documents,200,OK,Create Document - carga 1-24,text,true,,259,1113,17,17,108,0,0
1789337913059,105,POST /documents,200,OK,Create Document - carga 1-9,text,true,,259,1113,17,17,105,0,0
1789337913067,108,POST /documents,200,OK,Create Document - carga 1-11,text,true,,259,1113,17,17,108,0,0
1789337912997,192,POST /documents,200,OK,Create Document - carga 1-18,text,true,,259,1113,17,17,192,0,0
1789337913033,156,POST /documents,200,OK,Create Document - carga 1-22,text,true,,259,1113,17,17,156,0,0
1789337913017,172,POST /documents,200,OK,Create Document - carga 1-21,text,true,,259,1113,17,17,172,0,0
1789337913116,123,POST /documents,200,OK,Create Document - carga 1-16,text,true,,259,1113,17,17,123,0,0
1789337913104,135,POST /documents,200,OK,Create Document - carga 1-19,text,true,,259,1113,17,17,135,0,0
1789337913131,109,POST /documents,200,OK,Create Document - carga 1-17,text,true,,259,1113,17,17,109,0,0
1789337913148,107,POST /documents,200,OK,Create Document - carga 1-23,text,true,,259,1113,17,17,107,0,0
1789337913084,196,POST /documents,200,OK,Create Document - carga 1-8,text,true,,259,1113,17,17,196,0,0
1789337913148,138,POST /documents,200,OK,Create Document - carga 1-12,text,true,,259,1113,17,17,138,0,0
1789337913138,152,POST /documents,200,OK,Create Document - carga 1-15,text,true,,259,1113,17,17,152,0,0
1789337913184,106,POST /documents,200,OK,Create Document - carga 1-14,text,true,,259,1113,17,17,106,0,0
1789337913111,180,POST /documents,200,OK,Create Document - carga 1-10,text,true,,259,1113,17,17,180,0,0
1789337913117,183,POST /documents,200,OK,Create Document - carga 1-20,text,true,,259,1113,17,17,183,0,0
1789337913233,103,POST /documents,200,OK,Create Document - carga 1-21,text,true,,259,1113,17,17,103,0,0
1789337913238,127,POST /documents,200,OK,Create Document - carga 1-18,text,true,,259,1113,17,17,127,0,0
1789337913131,234,POST /documents,200,OK,Create Document - carga 1-13,text,true,,259,1113,17,17,234,0,0
1789337913268,104,POST /documents,200,OK,Create Document - carga 1-22,text,true,,259,1113,17,17,104,0,0
1789337913173,204,POST /documents,200,OK,Create Document - carga 1-9,text,true,,259,1113,17,17,203,0,0
1789337913197,180,POST /documents,200,OK,Create Document - carga 1-11,text,true,,259,1113,17,17,180,0,0
1789337913242,136,POST /documents,200,OK,Create Document - carga 1-16,text,true,,259,1113,17,17,136,0,0
1789337913281,110,POST /documents,200,OK,Create Document - carga 1-23,text,true,,259,1113,17,17,110,0,0
1789337913206,185,POST /documents,200,OK,Create Document - carga 1-24,text,true,,259,1113,17,17,185,0,0
1789337913293,139,POST /documents,200,OK,Create Document - carga 1-10,text,true,,259,1113,17,17,139,0,0
1789337913291,141,POST /documents,200,OK,Create Document - carga 1-17,text,true,,259,1113,17,17,141,0,0
1789337913330,106,POST /documents,200,OK,Create Document - carga 1-19,text,true,,259,1113,17,17,106,0,0
1789337913300,160,POST /documents,200,OK,Create Document - carga 1-8,text,true,,259,1113,17,17,160,0,0
1789337913330,138,POST /documents,200,OK,Create Document - carga 1-15,text,true,,259,1113,17,17,138,0,0
1789337913312,156,POST /documents,200,OK,Create Document - carga 1-14,text,true,,259,1113,17,17,156,0,0
1789337913353,115,POST /documents,200,OK,Create Document - carga 1-20,text,true,,259,1113,17,17,115,0,0
1789337913382,107,POST /documents,200,OK,Create Document - carga 1-22,text,true,,259,1113,17,17,107,0,0
1789337913359,174,POST /documents,200,OK,Create Document - carga 1-12,text,true,,259,1113,17,17,174,0,0
1789337913415,123,POST /documents,200,OK,Create Document - carga 1-24,text,true,,259,1113,17,17,123,0,0
1789337913418,120,POST /documents,200,OK,Create Document - carga 1-16,text,true,,259,1113,17,17,120,0,0
1789337913406,133,POST /documents,200,OK,Create Document - carga 1-11,text,true,,259,1113,17,17,133,0,0
1789337913454,103,POST /documents,200,OK,Create Document - carga 1-10,text,true,,259,1113,17,17,103,0,0
1789337913454,106,POST /documents,200,OK,Create Document - carga 1-23,text,true,,259,1113,17,17,106,0,0
1789337913395,168,POST /documents,200,OK,Create Document - carga 1-9,text,true,,259,1113,17,17,168,0,0
1789337913436,139,POST /documents,200,OK,Create Document - carga 1-21,text,true,,259,1113,17,17,139,0,0
1789337913402,176,POST /documents,200,OK,Create Document - carga 1-18,text,true,,259,1113,17,17,176,0,0
1789337913457,121,POST /documents,200,OK,Create Document - carga 1-13,text,true,,259,1113,17,17,121,0,0
1789337913472,115,POST /documents,200,OK,Create Document - carga 1-14,text,true,,259,1113,17,17,115,0,0
1789337913486,107,POST /documents,200,OK,Create Document - carga 1-19,text,true,,259,1113,17,17,107,0,0
1789337913502,137,POST /documents,200,OK,Create Document - carga 1-17,text,true,,259,1113,17,17,137,0,0
1789337913541,114,POST /documents,200,OK,Create Document - carga 1-8,text,true,,259,1113,17,17,114,0,0
1789337913562,104,POST /documents,200,OK,Create Document - carga 1-12,text,true,,259,1113,17,17,104,0,0
1789337913559,118,POST /documents,200,OK,Create Document - carga 1-20,text,true,,259,1113,17,17,118,0,0
1789337913541,140,POST /documents,200,OK,Create Document - carga 1-15,text,true,,259,1113,17,17,140,0,0
1789337913569,115,POST /documents,200,OK,Create Document - carga 1-10,text,true,,259,1113,17,17,115,0,0
1789337913564,120,POST /documents,200,OK,Create Document - carga 1-24,text,true,,259,1113,17,17,120,0,0
1789337913576,113,POST /documents,200,OK,Create Document - carga 1-23,text,true,,259,1113,17,17,113,0,0
1789337913578,117,POST /documents,200,OK,Create Document - carga 1-22,text,true,,259,1113,17,17,117,0,0
1789337913593,144,POST /documents,200,OK,Create Document - carga 1-18,text,true,,259,1113,17,17,144,0,0
1789337913602,138,POST /documents,200,OK,Create Document - carga 1-19,text,true,,259,1113,17,17,138,0,0
1789337913585,155,POST /documents,200,OK,Create Document - carga 1-16,text,true,,259,1113,17,17,155,0,0
1789337913602,138,POST /documents,200,OK,Create Document - carga 1-11,text,true,,259,1113,17,17,138,0,0
1789337913598,174,POST /documents,200,OK,Create Document - carga 1-21,text,true,,259,1113,17,17,174,0,0
1789337913654,118,POST /documents,200,OK,Create Document - carga 1-13,text,true,,259,1113,17,17,118,0,0
1789337913592,180,POST /documents,200,OK,Create Document - carga 1-14,text,true,,259,1113,17,17,180,0,0
1789337913645,136,POST /documents,200,OK,Create Document - carga 1-9,text,true,,259,1113,17,17,136,0,0
1789337913672,111,POST /documents,200,OK,Create Document - carga 1-8,text,true,,259,1113,17,17,109,0,0
1789337913643,143,POST /documents,200,OK,Create Document - carga 1-17,text,true,,259,1113,17,17,143,0,0
1789337913688,117,POST /documents,200,OK,Create Document - carga 1-20,text,true,,259,1113,17,17,117,0,0
1789337913696,109,POST /documents,200,OK,Create Document - carga 1-12,text,true,,259,1113,17,17,109,0,0
1789337913710,118,POST /documents,200,OK,Create Document - carga 1-15,text,true,,259,1113,17,17,118,0,0
1789337913722,115,POST /documents,200,OK,Create Document - carga 1-24,text,true,,259,1113,17,17,115,0,0
1789337913748,119,POST /documents,200,OK,Create Document - carga 1-10,text,true,,259,1113,17,17,119,0,0
1789337913768,114,POST /documents,200,OK,Create Document - carga 1-18,text,true,,259,1113,17,17,114,0,0
1789337913755,131,POST /documents,200,OK,Create Document - carga 1-16,text,true,,259,1113,17,17,131,0,0
1789337913757,129,POST /documents,200,OK,Create Document - carga 1-11,text,true,,259,1113,17,17,129,0,0
1789337913788,99,POST /documents,200,OK,Create Document - carga 1-8,text,true,,259,1113,17,17,99,0,0
1789337913785,103,POST /documents,200,OK,Create Document - carga 1-23,text,true,,259,1113,17,17,103,0,0
1789337913790,102,POST /documents,200,OK,Create Document - carga 1-9,text,true,,259,1113,17,17,102,0,0
1789337913789,103,POST /documents,200,OK,Create Document - carga 1-22,text,true,,259,1113,17,17,103,0,0
1789337913817,103,POST /documents,200,OK,Create Document - carga 1-19,text,true,,259,1113,17,17,103,0,0
1789337913814,106,POST /documents,200,OK,Create Document - carga 1-14,text,true,,259,1113,17,17,106,0,0
1789337913831,106,POST /documents,200,OK,Create Document - carga 1-17,text,true,,259,1113,17,17,105,0,0
1789337913846,107,POST /documents,200,OK,Create Document - carga 1-13,text,true,,259,1113,17,17,107,0,0
1789337913842,126,POST /documents,200,OK,Create Document - carga 1-20,text,true,,259,1113,17,17,126,0,0
1789337913874,129,POST /documents,200,OK,Create Document - carga 1-12,text,true,,259,1113,17,17,129,0,0
1789337913869,134,POST /documents,200,OK,Create Document - carga 1-21,text,true,,259,1113,17,17,134,0,0
1789337913893,110,POST /documents,200,OK,Create Document - carga 1-23,text,true,,259,1113,17,17,110,0,0
1789337913896,107,POST /documents,200,OK,Create Document - carga 1-9,text,true,,259,1113,17,17,107,0,0
1789337913901,102,POST /documents,200,OK,Create Document - carga 1-18,text,true,,259,1113,17,17,102,0,0
1789337913899,104,POST /documents,200,OK,Create Document - carga 1-15,text,true,,259,1113,17,17,104,0,0
1789337913901,104,POST /documents,200,OK,Create Document - carga 1-22,text,true,,259,1113,17,17,104,0,0
1789337913923,100,POST /documents,200,OK,Create Document - carga 1-8,text,true,,259,1113,17,17,100,0,0
1789337913925,109,POST /documents,200,OK,Create Document - carga 1-10,text,true,,259,1113,17,17,109,0,0
1789337913925,115,POST /documents,200,OK,Create Document - carga 1-16,text,true,,259,1113,17,17,115,0,0
1789337913925,115,POST /documents,200,OK,Create Document - carga 1-19,text,true,,259,1113,17,17,115,0,0
1789337913928,112,POST /documents,200,OK,Create Document - carga 1-11,text,true,,259,1113,17,17,112,0,0
1789337913937,107,POST /documents,200,OK,Create Document - carga 1-24,text,true,,259,1113,17,17,107,0,0
1789337913946,121,POST /documents,200,OK,Create Document - carga 1-14,text,true,,259,1113,17,17,121,0,0
1789337913970,115,POST /documents,200,OK,Create Document - carga 1-20,text,true,,259,1113,17,17,115,0,0
1789337913956,130,POST /documents,200,OK,Create Document - carga 1-13,text,true,,259,1113,17,17,130,0,0
1789337914026,101,POST /documents,200,OK,Create Document - carga 1-8,text,true,,259,1113,17,17,101,0,0
1789337914022,105,POST /documents,200,OK,Create Document - carga 1-17,text,true,,259,1113,17,17,105,0,0
1789337914044,105,POST /documents,200,OK,Create Document - carga 1-9,text,true,,259,1113,17,17,105,0,0
1789337914046,109,POST /documents,200,OK,Create Document - carga 1-10,text,true,,259,1113,17,17,109,0,0
1789337914058,101,POST /documents,200,OK,Create Document - carga 1-24,text,true,,259,1113,17,17,101,0,0
1789337914065,105,POST /documents,200,OK,Create Document - carga 1-15,text,true,,259,1113,17,17,105,0,0
1789337914066,122,POST /documents,200,OK,Create Document - carga 1-18,text,true,,259,1113,17,17,122,0,0
1789337914090,103,POST /documents,200,OK,Create Document - carga 1-12,text,true,,259,1113,17,17,103,0,0
1789337914094,105,POST /documents,200,OK,Create Document - carga 1-16,text,true,,259,1113,17,17,105,0,0
1789337914086,114,POST /documents,200,OK,Create Document - carga 1-20,text,true,,259,1113,17,17,114,0,0
1789337914101,105,POST /documents,200,OK,Create Document - carga 1-21,text,true,,259,1113,17,17,105,0,0
1789337914101,113,POST /documents,200,OK,Create Document - carga 1-23,text,true,,259,1113,17,17,113,0,0
1789337914128,107,POST /documents,200,OK,Create Document - carga 1-11,text,true,,259,1113,17,17,106,0,0
1789337914128,106,POST /documents,200,OK,Create Document - carga 1-14,text,true,,259,1113,17,17,104,0,0
1789337914097,165,POST /documents,200,OK,Create Document - carga 1-22,text,true,,259,1113,17,17,164,0,0
1789337914178,103,POST /documents,200,OK,Create Document - carga 1-8,text,true,,259,1113,17,17,103,0,0
1789337914127,164,POST /documents,200,OK,Create Document - carga 1-19,text,true,,259,1113,16,16,164,0,0
1789337914126,165,POST /documents,200,OK,Create Document - carga 1-13,text,true,,259,1113,16,16,165,0,0
1789337914209,111,POST /documents,200,OK,Create Document - carga 1-9,text,true,,259,1113,16,16,111,0,0
1789337914225,104,POST /documents,200,OK,Create Document - carga 1-17,text,true,,259,1113,16,16,104,0,0
1789337914230,108,POST /documents,200,OK,Create Document - carga 1-15,text,true,,259,1113,16,16,108,0,0
1789337914240,102,POST /documents,200,OK,Create Document - carga 1-10,text,true,,259,1113,16,16,102,0,0
1789337914259,103,POST /documents,200,OK,Create Document - carga 1-12,text,true,,259,1113,16,16,102,0,0
1789337914255,119,POST /documents,200,OK,Create Document - carga 1-14,text,true,,259,1113,16,16,118,0,0
1789337914251,131,POST /documents,200,OK,Create Document - carga 1-16,text,true,,259,1113,16,16,131,0,0
1789337914257,128,POST /documents,200,OK,Create Document - carga 1-24,text,true,,259,1113,16,16,125,0,0
1789337914252,133,POST /documents,200,OK,Create Document - carga 1-11,text,true,,259,1113,16,16,133,0,0
1789337914286,102,POST /documents,200,OK,Create Document - carga 1-18,text,true,,259,1113,16,16,102,0,0
1789337914261,170,POST /documents,200,OK,Create Document - carga 1-20,text,true,,259,1113,16,16,170,0,0
1789337914288,153,POST /documents,200,OK,Create Document - carga 1-22,text,true,,259,1113,16,16,153,0,0
1789337914288,153,POST /documents,200,OK,Create Document - carga 1-23,text,true,,259,1113,16,16,153,0,0
1789337914276,165,POST /documents,200,OK,Create Document - carga 1-21,text,true,,259,1113,16,16,165,0,0
1789337914337,106,POST /documents,200,OK,Create Document - carga 1-13,text,true,,259,1113,16,16,106,0,0
1789337914342,102,POST /documents,200,OK,Create Document - carga 1-19,text,true,,259,1113,16,16,101,0,0
1789337914360,102,POST /documents,200,OK,Create Document - carga 1-17,text,true,,259,1113,16,16,102,0,0
1789337914416,115,POST /documents,200,OK,Create Document - carga 1-18,text,true,,259,1113,16,16,115,0,0
1789337914352,180,POST /documents,200,OK,Create Document - carga 1-15,text,true,,259,1113,16,16,180,0,0
1789337914364,173,POST /documents,200,OK,Create Document - carga 1-12,text,true,,259,1113,16,16,173,0,0
1789337914369,168,POST /documents,200,OK,Create Document - carga 1-9,text,true,,259,1113,16,16,168,0,0
1789337914398,139,POST /documents,200,OK,Create Document - carga 1-16,text,true,,259,1113,16,16,139,0,0
1789337914423,115,POST /documents,200,OK,Create Document - carga 1-24,text,true,,259,1113,16,16,115,0,0
1789337914437,110,POST /documents,200,OK,Create Document - carga 1-10,text,true,,259,1113,16,16,110,0,0
1789337914457,105,POST /documents,200,OK,Create Document - carga 1-11,text,true,,259,1113,16,16,105,0,0
1789337914460,111,POST /documents,200,OK,Create Document - carga 1-20,text,true,,259,1113,16,16,111,0,0
1789337914477,106,POST /documents,200,OK,Create Document - carga 1-21,text,true,,259,1113,16,16,106,0,0
1789337914510,110,POST /documents,200,OK,Create Document - carga 1-13,text,true,,259,1113,16,16,110,0,0
1789337914512,127,POST /documents,200,OK,Create Document - carga 1-22,text,true,,259,1113,16,16,127,0,0
1789337914466,173,POST /documents,200,OK,Create Document - carga 1-14,text,true,,259,1113,16,16,170,0,0
1789337914487,152,POST /documents,200,OK,Create Document - carga 1-19,text,true,,259,1113,16,16,151,0,0
1789337914471,168,POST /documents,200,OK,Create Document - carga 1-23,text,true,,259,1113,16,16,168,0,0
1789337914531,112,POST /documents,200,OK,Create Document - carga 1-17,text,true,,259,1113,16,16,112,0,0
1789337914563,99,POST /documents,200,OK,Create Document - carga 1-12,text,true,,259,1113,16,16,99,0,0
1789337914577,105,POST /documents,200,OK,Create Document - carga 1-9,text,true,,259,1113,16,16,105,0,0
1789337914596,103,POST /documents,200,OK,Create Document - carga 1-24,text,true,,259,1113,16,16,103,0,0
1789337914601,106,POST /documents,200,OK,Create Document - carga 1-21,text,true,,259,1113,16,16,106,0,0
1789337914611,102,POST /documents,200,OK,Create Document - carga 1-18,text,true,,259,1113,16,16,102,0,0
1789337914601,137,POST /documents,200,OK,Create Document - carga 1-16,text,true,,259,1113,16,16,136,0,0
1789337914636,102,POST /documents,200,OK,Create Document - carga 1-10,text,true,,259,1113,16,16,102,0,0
1789337914604,134,POST /documents,200,OK,Create Document - carga 1-15,text,true,,259,1113,16,16,134,0,0
1789337914642,112,POST /documents,200,OK,Create Document - carga 1-20,text,true,,259,1113,16,16,112,0,0
1789337914660,109,POST /documents,200,OK,Create Document - carga 1-11,text,true,,259,1113,16,16,109,0,0
1789337914669,129,POST /documents,200,OK,Create Document - carga 1-17,text,true,,259,1113,16,16,129,0,0
1789337914699,105,POST /documents,200,OK,Create Document - carga 1-13,text,true,,259,1113,16,16,105,0,0
1789337914720,104,POST /documents,200,OK,Create Document - carga 1-9,text,true,,259,1113,16,16,104,0,0
1789337914653,172,POST /documents,200,OK,Create Document - carga 1-14,text,true,,259,1113,16,16,172,0,0
1789337914681,154,POST /documents,200,OK,Create Document - carga 1-12,text,true,,259,1113,16,16,154,0,0
1789337914687,149,POST /documents,200,OK,Create Document - carga 1-22,text,true,,259,1113,16,16,149,0,0
1789337914666,170,POST /documents,200,OK,Create Document - carga 1-23,text,true,,259,1113,16,16,170,0,0
1789337914734,107,POST /documents,200,OK,Create Document - carga 1-24,text,true,,259,1113,16,16,107,0,0
1789337914734,108,POST /documents,200,OK,Create Document - carga 1-19,text,true,,259,1113,16,16,108,0,0
1789337914742,103,POST /documents,200,OK,Create Document - carga 1-18,text,true,,259,1113,16,16,103,0,0
1789337914738,111,POST /documents,200,OK,Create Document - carga 1-15,text,true,,259,1113,16,16,111,0,0
1789337914748,103,POST /documents,200,OK,Create Document - carga 1-21,text,true,,259,1113,16,16,103,0,0
1789337914780,116,POST /documents,200,OK,Create Document - carga 1-11,text,true,,259,1113,16,16,116,0,0
1789337914792,108,POST /documents,200,OK,Create Document - carga 1-16,text,true,,259,1113,16,16,108,0,0
1789337914808,111,POST /documents,200,OK,Create Document - carga 1-20,text,true,,259,1113,16,16,110,0,0
1789337914829,106,POST /documents,200,OK,Create Document - carga 1-14,text,true,,259,1113,16,16,106,0,0
1789337914789,150,POST /documents,200,OK,Create Document - carga 1-10,text,true,,259,1113,16,16,150,0,0
1789337914842,102,POST /documents,200,OK,Create Document - carga 1-19,text,true,,259,1113,16,16,102,0,0
1789337914858,100,POST /documents,200,OK,Create Document - carga 1-21,text,true,,259,1113,16,16,100,0,0
1789337914858,106,POST /documents,200,OK,Create Document - carga 1-17,text,true,,259,1113,16,16,105,0,0
1789337914865,104,POST /documents,200,OK,Create Document - carga 1-24,text,true,,259,1113,16,16,104,0,0
1789337914874,104,POST /documents,200,OK,Create Document - carga 1-15,text,true,,259,1113,16,16,104,0,0
1789337914902,105,POST /documents,200,OK,Create Document - carga 1-23,text,true,,259,1113,16,16,105,0,0
1789337914845,186,POST /documents,200,OK,Create Document - carga 1-12,text,true,,259,1113,16,16,186,0,0
1789337914882,157,POST /documents,200,OK,Create Document - carga 1-13,text,true,,259,1113,16,16,157,0,0
1789337914928,111,POST /documents,200,OK,Create Document - carga 1-22,text,true,,259,1113,16,16,111,0,0
1789337914863,177,POST /documents,200,OK,Create Document - carga 1-18,text,true,,259,1113,16,16,177,0,0
1789337914919,122,POST /documents,200,OK,Create Document - carga 1-9,text,true,,259,1113,16,16,122,0,0
1789337914955,106,POST /documents,200,OK,Create Document - carga 1-19,text,true,,259,1113,17,17,106,0,0
1789337914962,103,POST /documents,200,OK,Create Document - carga 1-10,text,true,,259,1113,17,17,103,0,0
1789337914978,105,POST /documents,200,OK,Create Document - carga 1-11,text,true,,259,1113,17,17,105,0,0
1789337915015,114,POST /documents,200,OK,Create Document - carga 1-20,text,true,,259,1113,17,17,114,0,0
1789337914956,176,POST /documents,200,OK,Create Document - carga 1-16,text,true,,259,1113,17,17,176,0,0
1789337915003,142,POST /documents,200,OK,Create Document - carga 1-24,text,true,,259,1113,17,17,142,0,0
1789337915031,114,POST /documents,200,OK,Create Document - carga 1-14,text,true,,259,1113,17,17,114,0,0
1789337915026,119,POST /documents,200,OK,Create Document - carga 1-15,text,true,,259,1113,17,17,119,0,0
1789337915054,105,POST /documents,200,OK,Create Document - carga 1-9,text,true,,259,1113,17,17,105,0,0
1789337915054,107,POST /documents,200,OK,Create Document - carga 1-23,text,true,,259,1113,17,17,107,0,0
1789337915066,100,POST /documents,200,OK,Create Document - carga 1-18,text,true,,259,1113,17,17,100,0,0
1789337915045,177,POST /documents,200,OK,Create Document - carga 1-21,text,true,,259,1113,17,17,177,0,0
1789337915056,169,POST /documents,200,OK,Create Document - carga 1-17,text,true,,259,1113,17,17,169,0,0
1789337915055,176,POST /documents,200,OK,Create Document - carga 1-22,text,true,,259,1113,17,17,176,0,0
1789337915107,127,POST /documents,200,OK,Create Document - carga 1-12,text,true,,259,1113,17,17,127,0,0
1789337915135,109,POST /documents,200,OK,Create Document - carga 1-19,text,true,,259,1113,17,17,109,0,0
1789337915120,163,POST /documents,200,OK,Create Document - carga 1-13,text,true,,259,1113,17,17,163,0,0
1789337915139,144,POST /documents,200,OK,Create Document - carga 1-11,text,true,,259,1113,17,17,144,0,0
1789337915143,140,POST /documents,200,OK,Create Document - carga 1-10,text,true,,259,1113,17,17,140,0,0
1789337915136,147,POST /documents,200,OK,Create Document - carga 1-20,text,true,,259,1113,17,17,147,0,0
1789337915183,104,POST /documents,200,OK,Create Document - carga 1-24,text,true,,259,1113,17,17,103,0,0
1789337915183,113,POST /documents,200,OK,Create Document - carga 1-16,text,true,,259,1113,17,17,113,0,0
1789337915193,111,POST /documents,200,OK,Create Document - carga 1-14,text,true,,259,1113,17,17,111,0,0
1789337915211,104,POST /documents,200,OK,Create Document - carga 1-15,text,true,,259,1113,17,17,104,0,0
1789337915234,104,POST /documents,200,OK,Create Document - carga 1-23,text,true,,259,1113,17,17,104,0,0
1789337915240,100,POST /documents,200,OK,Create Document - carga 1-21,text,true,,259,1113,17,17,100,0,0
1789337915247,102,POST /documents,200,OK,Create Document - carga 1-19,text,true,,259,1113,17,17,102,0,0
1789337915245,104,POST /documents,200,OK,Create Document - carga 1-9,text,true,,259,1113,17,17,104,0,0
1789337915252,108,POST /documents,200,OK,Create Document - carga 1-22,text,true,,259,1113,17,17,108,0,0
1789337915265,108,POST /documents,200,OK,Create Document - carga 1-18,text,true,,259,1113,17,17,108,0,0
1789337915265,113,POST /documents,200,OK,Create Document - carga 1-17,text,true,,259,1113,17,17,113,0,0
1789337915073,316,POST /documents,200,OK,Create Document - carga 1-25,text,true,,259,1113,17,17,316,0,213
1789337915289,108,POST /documents,200,OK,Create Document - carga 1-11,text,true,,259,1113,17,17,108,0,0
1789337915298,119,POST /documents,200,OK,Create Document - carga 1-12,text,true,,259,1113,17,17,119,0,0
1789337915295,122,POST /documents,200,OK,Create Document - carga 1-20,text,true,,259,1113,17,17,122,0,0
1789337915312,106,POST /documents,200,OK,Create Document - carga 1-24,text,true,,259,1113,17,17,106,0,0
1789337915319,101,POST /documents,200,OK,Create Document - carga 1-13,text,true,,259,1113,17,17,101,0,0
1789337915344,104,POST /documents,200,OK,Create Document - carga 1-16,text,true,,259,1113,17,17,104,0,0
1789337915343,107,POST /documents,200,OK,Create Document - carga 1-21,text,true,,259,1113,17,17,105,0,0
1789337915357,111,POST /documents,200,OK,Create Document - carga 1-9,text,true,,259,1113,17,17,111,0,0
1789337915354,114,POST /documents,200,OK,Create Document - carga 1-14,text,true,,259,1113,17,17,114,0,0
1789337915368,101,POST /documents,200,OK,Create Document - carga 1-10,text,true,,259,1113,17,17,101,0,0
1789337915385,104,POST /documents,200,OK,Create Document - carga 1-15,text,true,,259,1113,17,17,104,0,0
1789337915389,113,POST /documents,200,OK,Create Document - carga 1-22,text,true,,259,1113,17,17,113,0,0
1789337915393,110,POST /documents,200,OK,Create Document - carga 1-25,text,true,,259,1113,17,17,110,0,0
1789337915410,104,POST /documents,200,OK,Create Document - carga 1-17,text,true,,259,1113,17,17,104,0,0
1789337915417,104,POST /documents,200,OK,Create Document - carga 1-18,text,true,,259,1113,17,17,104,0,0
1789337915414,107,POST /documents,200,OK,Create Document - carga 1-19,text,true,,259,1113,17,17,107,0,0
1789337915426,104,POST /documents,200,OK,Create Document - carga 1-24,text,true,,259,1113,17,17,104,0,0
1789337915431,111,POST /documents,200,OK,Create Document - carga 1-23,text,true,,259,1113,17,17,110,0,0
1789337915432,113,POST /documents,200,OK,Create Document - carga 1-20,text,true,,259,1113,17,17,113,0,0
1789337915459,107,POST /documents,200,OK,Create Document - carga 1-13,text,true,,259,1113,17,17,107,0,0
1789337915462,110,POST /documents,200,OK,Create Document - carga 1-21,text,true,,259,1113,17,17,110,0,0
1789337915475,103,POST /documents,200,OK,Create Document - carga 1-12,text,true,,259,1113,17,17,103,0,0
1789337915483,107,POST /documents,200,OK,Create Document - carga 1-16,text,true,,259,1113,17,17,107,0,0
1789337915493,114,POST /documents,200,OK,Create Document - carga 1-11,text,true,,259,1113,17,17,114,0,0
1789337915516,108,POST /documents,200,OK,Create Document - carga 1-10,text,true,,259,1113,17,17,108,0,0
1789337915558,106,POST /documents,200,OK,Create Document - carga 1-14,text,true,,259,1113,17,17,106,0,0
1789337915555,109,POST /documents,200,OK,Create Document - carga 1-9,text,true,,259,1113,17,17,109,0,0
1789337915560,104,POST /documents,200,OK,Create Document - carga 1-22,text,true,,259,1113,17,17,104,0,0
1789337915567,103,POST /documents,200,OK,Create Document - carga 1-17,text,true,,259,1113,17,17,103,0,0
1789337915572,103,POST /documents,200,OK,Create Document - carga 1-13,text,true,,259,1113,17,17,103,0,0
1789337915574,103,POST /documents,200,OK,Create Document - carga 1-23,text,true,,259,1113,17,17,103,0,0
1789337915580,105,POST /documents,200,OK,Create Document - carga 1-15,text,true,,259,1113,17,17,105,0,0
1789337915590,105,POST /documents,200,OK,Create Document - carga 1-25,text,true,,259,1113,17,17,105,0,0
1789337915599,108,POST /documents,200,OK,Create Document - carga 1-12,text,true,,259,1113,17,17,108,0,0
1789337915609,110,POST /documents,200,OK,Create Document - carga 1-19,text,true,,259,1113,17,17,109,0,0
1789337915618,106,POST /documents,200,OK,Create Document - carga 1-18,text,true,,259,1113,17,17,106,0,0
1789337915624,105,POST /documents,200,OK,Create Document - carga 1-24,text,true,,259,1113,17,17,105,0,0
1789337915639,103,POST /documents,200,OK,Create Document - carga 1-16,text,true,,259,1113,17,17,103,0,0
1789337915644,102,POST /documents,200,OK,Create Document - carga 1-21,text,true,,259,1113,17,17,102,0,0
1789337915642,119,POST /documents,200,OK,Create Document - carga 1-20,text,true,,259,1113,17,17,119,0,0
1789337915663,105,POST /documents,200,OK,Create Document - carga 1-11,text,true,,259,1113,17,17,105,0,0
1789337915689,108,POST /documents,200,OK,Create Document - carga 1-17,text,true,,259,1113,17,17,108,0,0
1789337915693,105,POST /documents,200,OK,Create Document - carga 1-14,text,true,,259,1113,17,17,105,0,0
1789337915711,106,POST /documents,200,OK,Create Document - carga 1-10,text,true,,259,1113,17,17,106,0,0
1789337915714,104,POST /documents,200,OK,Create Document - carga 1-22,text,true,,259,1113,17,17,104,0,0
1789337915727,106,POST /documents,200,OK,Create Document - carga 1-19,text,true,,259,1113,17,17,106,0,0
1789337915731,106,POST /documents,200,OK,Create Document - carga 1-15,text,true,,259,1113,17,17,106,0,0
1789337915759,105,POST /documents,200,OK,Create Document - carga 1-23,text,true,,259,1113,17,17,105,0,0
1789337915725,161,POST /documents,200,OK,Create Document - carga 1-12,text,true,,259,1113,17,17,160,0,0
1789337915757,133,POST /documents,200,OK,Create Document - carga 1-24,text,true,,259,1113,17,17,133,0,0
1789337915736,154,POST /documents,200,OK,Create Document - carga 1-13,text,true,,259,1113,17,17,154,0,0
1789337915783,108,POST /documents,200,OK,Create Document - carga 1-16,text,true,,259,1113,17,17,107,0,0
1789337915783,116,POST /documents,200,OK,Create Document - carga 1-25,text,true,,259,1113,17,17,116,0,0
1789337915812,105,POST /documents,200,OK,Create Document - carga 1-21,text,true,,259,1113,17,17,105,0,0
1789337915810,108,POST /documents,200,OK,Create Document - carga 1-17,text,true,,259,1113,17,17,108,0,0
1789337915748,218,POST /documents,200,OK,Create Document - carga 1-9,text,true,,259,1113,17,17,218,0,0
1789337915866,105,POST /documents,200,OK,Create Document - carga 1-14,text,true,,259,1113,17,17,105,0,0
1789337915789,192,POST /documents,200,OK,Create Document - carga 1-18,text,true,,259,1113,17,17,192,0,0
1789337915877,111,POST /documents,200,OK,Create Document - carga 1-10,text,true,,259,1113,17,17,111,0,0
1789337915806,188,POST /documents,200,OK,Create Document - carga 1-11,text,true,,259,1113,17,17,188,0,0
1789337915896,105,POST /documents,200,OK,Create Document - carga 1-16,text,true,,259,1113,17,17,105,0,0
1789337915857,145,POST /documents,200,OK,Create Document - carga 1-20,text,true,,259,1113,17,17,145,0,0
1789337915904,107,POST /documents,200,OK,Create Document - carga 1-22,text,true,,259,1113,17,17,107,0,0
1789337915926,117,POST /documents,200,OK,Create Document - carga 1-15,text,true,,259,1113,17,17,117,0,0
1789337915930,113,POST /documents,200,OK,Create Document - carga 1-12,text,true,,259,1113,17,17,113,0,0
1789337915965,104,POST /documents,200,OK,Create Document - carga 1-25,text,true,,259,1113,17,17,104,0,0
1789337915982,103,POST /documents,200,OK,Create Document - carga 1-24,text,true,,259,1113,17,17,103,0,0
1789337915927,159,POST /documents,200,OK,Create Document - carga 1-13,text,true,,259,1113,17,17,159,0,0
1789337915905,184,POST /documents,200,OK,Create Document - carga 1-19,text,true,,259,1113,17,17,183,0,0
1789337915925,164,POST /documents,200,OK,Create Document - carga 1-23,text,true,,259,1113,17,17,164,0,0
1789337915986,108,POST /documents,200,OK,Create Document - carga 1-21,text,true,,259,1113,17,17,108,0,0
1789337916011,105,POST /documents,200,OK,Create Document - carga 1-10,text,true,,259,1113,17,17,105,0,0
1789337916015,102,POST /documents,200,OK,Create Document - carga 1-17,text,true,,259,1113,17,17,102,0,0
1789337916050,108,POST /documents,200,OK,Create Document - carga 1-22,text,true,,259,1113,17,17,108,0,0
1789337916067,100,POST /documents,200,OK,Create Document - carga 1-12,text,true,,259,1113,17,17,100,0,0
1789337916080,111,POST /documents,200,OK,Create Document - carga 1-16,text,true,,259,1113,17,17,111,0,0
1789337916008,183,POST /documents,200,OK,Create Document - carga 1-18,text,true,,259,1113,17,17,183,0,0
1789337916056,136,POST /documents,200,OK,Create Document - carga 1-15,text,true,,259,1113,17,17,136,0,0
1789337916043,149,POST /documents,200,OK,Create Document - carga 1-14,text,true,,259,1113,17,17,149,0,0
1789337916036,156,POST /documents,200,OK,Create Document - carga 1-9,text,true,,259,1113,17,17,156,0,0
1789337916019,180,POST /documents,200,OK,Create Document - carga 1-11,text,true,,259,1113,17,17,180,0,0
1789337916093,116,POST /documents,200,OK,Create Document - carga 1-20,text,true,,259,1113,17,17,116,0,0
1789337916110,108,POST /documents,200,OK,Create Document - carga 1-21,text,true,,259,1113,17,17,108,0,0
1789337916101,162,POST /documents,200,OK,Create Document - carga 1-25,text,true,,259,1113,17,17,162,0,0
1789337916169,109,POST /documents,200,OK,Create Document - carga 1-10,text,true,,259,1113,17,17,109,0,0
1789337916177,107,POST /documents,200,OK,Create Document - carga 1-23,text,true,,259,1113,17,17,107,0,0
1789337916158,126,POST /documents,200,OK,Create Document - carga 1-24,text,true,,259,1113,17,17,126,0,0
1789337916151,134,POST /documents,200,OK,Create Document - carga 1-13,text,true,,259,1113,17,17,134,0,0
1789337916159,131,POST /documents,200,OK,Create Document - carga 1-19,text,true,,259,1113,17,17,131,0,0
1789337916166,124,POST /documents,200,OK,Create Document - carga 1-22,text,true,,259,1113,17,17,124,0,0
1789337916189,105,POST /documents,200,OK,Create Document - carga 1-17,text,true,,259,1113,17,17,105,0,0
1789337916203,109,POST /documents,200,OK,Create Document - carga 1-15,text,true,,259,1113,17,17,109,0,0
1789337916219,102,POST /documents,200,OK,Create Document - carga 1-16,text,true,,259,1113,17,17,102,0,0
1789337916216,115,POST /documents,200,OK,Create Document - carga 1-20,text,true,,259,1113,17,17,114,0,0
1789337916236,104,POST /documents,200,OK,Create Document - carga 1-21,text,true,,259,1113,17,17,104,0,0
1789337916243,104,POST /documents,200,OK,Create Document - carga 1-11,text,true,,259,1113,17,17,104,0,0
1789337916250,100,POST /documents,200,OK,Create Document - carga 1-18,text,true,,259,1113,17,17,99,0,0
1789337916258,113,POST /documents,200,OK,Create Document - carga 1-9,text,true,,259,1113,17,17,113,0,0
1789337916267,108,POST /documents,200,OK,Create Document - carga 1-12,text,true,,259,1113,17,17,107,0,0
1789337916277,110,POST /documents,200,OK,Create Document - carga 1-14,text,true,,259,1113,17,17,110,0,0
1789337916310,111,POST /documents,200,OK,Create Document - carga 1-23,text,true,,259,1113,17,17,111,0,0
1789337916321,106,POST /documents,200,OK,Create Document - carga 1-17,text,true,,259,1113,17,17,106,0,0
1789337916327,100,POST /documents,200,OK,Create Document - carga 1-10,text,true,,259,1113,17,17,100,0,0
1789337916327,106,POST /documents,200,OK,Create Document - carga 1-24,text,true,,259,1113,17,17,106,0,0
1789337916341,106,POST /documents,200,OK,Create Document - carga 1-25,text,true,,259,1113,17,17,106,0,0
1789337916339,125,POST /documents,200,OK,Create Document - carga 1-16,text,true,,259,1113,17,17,125,0,0
1789337916379,108,POST /documents,200,OK,Create Document - carga 1-15,text,true,,259,1113,17,17,108,0,0
1789337916366,127,POST /documents,200,OK,Create Document - carga 1-13,text,true,,259,1113,17,17,127,0,0
1789337916366,127,POST /documents,200,OK,Create Document - carga 1-22,text,true,,259,1113,17,17,127,0,0
1789337916380,113,POST /documents,200,OK,Create Document - carga 1-19,text,true,,259,1113,17,17,113,0,0
1789337916378,115,POST /documents,200,OK,Create Document - carga 1-9,text,true,,259,1113,17,17,115,0,0
1789337916393,106,POST /documents,200,OK,Create Document - carga 1-14,text,true,,259,1113,16,16,106,0,0
1789337916396,104,POST /documents,200,OK,Create Document - carga 1-11,text,true,,259,1113,16,16,104,0,0
1789337916355,145,POST /documents,200,OK,Create Document - carga 1-20,text,true,,259,1113,16,16,145,0,0
1789337916438,106,POST /documents,200,OK,Create Document - carga 1-12,text,true,,259,1113,16,16,105,0,0
1789337916417,163,POST /documents,200,OK,Create Document - carga 1-21,text,true,,259,1113,16,16,163,0,0
1789337916486,104,POST /documents,200,OK,Create Document - carga 1-10,text,true,,259,1113,16,16,104,0,0
1789337916484,106,POST /documents,200,OK,Create Document - carga 1-23,text,true,,259,1113,16,16,106,0,0
1789337916432,160,POST /documents,200,OK,Create Document - carga 1-18,text,true,,259,1113,16,16,159,0,0
1789337916478,118,POST /documents,200,OK,Create Document - carga 1-17,text,true,,259,1113,16,16,118,0,0
1789337916491,111,POST /documents,200,OK,Create Document - carga 1-24,text,true,,259,1113,16,16,111,0,0
1789337916519,108,POST /documents,200,OK,Create Document - carga 1-16,text,true,,259,1113,16,16,108,0,0
1789337916538,110,POST /documents,200,OK,Create Document - carga 1-19,text,true,,259,1113,16,16,110,0,0
1789337916546,111,POST /documents,200,OK,Create Document - carga 1-11,text,true,,259,1113,16,16,111,0,0
1789337916558,107,POST /documents,200,OK,Create Document - carga 1-14,text,true,,259,1113,16,16,107,0,0
1789337916580,113,POST /documents,200,OK,Create Document - carga 1-13,text,true,,259,1113,16,16,113,0,0
1789337916583,110,POST /documents,200,OK,Create Document - carga 1-21,text,true,,259,1113,16,16,110,0,0
1789337916555,138,POST /documents,200,OK,Create Document - carga 1-12,text,true,,259,1113,16,16,138,0,0
1789337916520,174,POST /documents,200,OK,Create Document - carga 1-20,text,true,,259,1113,16,16,174,0,0
1789337916582,121,POST /documents,200,OK,Create Document - carga 1-15,text,true,,259,1113,16,16,121,0,0
1789337916627,101,POST /documents,200,OK,Create Document - carga 1-18,text,true,,259,1113,16,16,101,0,0
1789337916624,105,POST /documents,200,OK,Create Document - carga 1-24,text,true,,259,1113,16,16,105,0,0
1789337916541,214,POST /documents,200,OK,Create Document - carga 1-22,text,true,,259,1113,16,16,214,0,0
1789337916541,248,POST /documents,200,OK,Create Document - carga 1-25,text,true,,259,1113,16,16,248,0,0
1789337916684,116,POST /documents,200,OK,Create Document - carga 1-17,text,true,,259,1113,16,16,115,0,0
1789337916688,112,POST /documents,200,OK,Create Document - carga 1-23,text,true,,259,1113,16,16,112,0,0
1789337916709,107,POST /documents,200,OK,Create Document - carga 1-16,text,true,,259,1113,16,16,107,0,0
1789337916729,113,POST /documents,200,OK,Create Document - carga 1-18,text,true,,259,1113,16,16,113,0,0
1789337916732,110,POST /documents,200,OK,Create Document - carga 1-19,text,true,,259,1113,16,16,110,0,0
1789337916628,226,POST /documents,200,OK,Create Document - carga 1-10,text,true,,259,1113,16,16,171,0,0
1789337916704,177,POST /documents,200,OK,Create Document - carga 1-12,text,true,,259,1113,15,15,177,0,0
1789337916720,176,POST /documents,200,OK,Create Document - carga 1-21,text,true,,259,1113,15,15,176,0,0
1789337916744,155,POST /documents,200,OK,Create Document - carga 1-24,text,true,,259,1113,15,15,155,0,0
1789337916699,210,POST /documents,200,OK,Create Document - carga 1-20,text,true,,259,1113,15,15,210,0,0
1789337916747,189,POST /documents,200,OK,Create Document - carga 1-15,text,true,,259,1113,15,15,189,0,0
1789337916811,126,POST /documents,200,OK,Create Document - carga 1-22,text,true,,259,1113,15,15,126,0,0
1789337916762,177,POST /documents,200,OK,Create Document - carga 1-14,text,true,,259,1113,15,15,177,0,0
1789337916741,214,POST /documents,200,OK,Create Document - carga 1-13,text,true,,259,1113,15,15,165,0,0
1789337916724,233,POST /documents,200,OK,Create Document - carga 1-11,text,true,,259,1113,15,15,233,0,0
1789337916821,164,POST /documents,200,OK,Create Document - carga 1-16,text,true,,259,1113,15,15,164,0,0
1789337916884,115,POST /documents,200,OK,Create Document - carga 1-12,text,true,,259,1113,15,15,115,0,0
1789337916868,131,POST /documents,200,OK,Create Document - carga 1-17,text,true,,259,1113,15,15,131,0,0
1789337916884,115,POST /documents,200,OK,Create Document - carga 1-19,text,true,,259,1113,15,15,115,0,0
1789337916836,202,POST /documents,200,OK,Create Document - carga 1-25,text,true,,259,1113,15,15,202,0,0
1789337916884,154,POST /documents,200,OK,Create Document - carga 1-18,text,true,,259,1113,15,15,154,0,0
1789337916897,145,POST /documents,200,OK,Create Document - carga 1-23,text,true,,259,1113,15,15,145,0,0
1789337916964,108,POST /documents,200,OK,Create Document - carga 1-21,text,true,,259,1113,15,15,108,0,0
1789337916983,105,POST /documents,200,OK,Create Document - carga 1-24,text,true,,259,1113,15,15,105,0,0
1789337916981,108,POST /documents,200,OK,Create Document - carga 1-15,text,true,,259,1113,15,15,108,0,0
1789337916975,126,POST /documents,200,OK,Create Document - carga 1-20,text,true,,259,1113,15,15,126,0,0
1789337917022,158,POST /documents,200,OK,Create Document - carga 1-12,text,true,,259,1113,15,15,157,0,0
1789337917018,162,POST /documents,200,OK,Create Document - carga 1-22,text,true,,259,1113,15,15,162,0,0
1789337917008,181,POST /documents,200,OK,Create Document - carga 1-11,text,true,,259,1113,15,15,181,0,0
1789337917053,139,POST /documents,200,OK,Create Document - carga 1-16,text,true,,259,1113,15,15,139,0,0
1789337917064,129,POST /documents,200,OK,Create Document - carga 1-23,text,true,,259,1113,15,15,129,0,0
1789337917029,165,POST /documents,200,OK,Create Document - carga 1-13,text,true,,259,1113,15,15,163,0,0
1789337917017,181,POST /documents,200,OK,Create Document - carga 1-14,text,true,,259,1113,15,15,181,0,0
1789337917092,112,POST /documents,200,OK,Create Document - carga 1-18,text,true,,259,1113,15,15,112,0,0
1789337917096,114,POST /documents,200,OK,Create Document - carga 1-19,text,true,,259,1113,15,15,114,0,0
1789337917122,119,POST /documents,200,OK,Create Document - carga 1-25,text,true,,259,1113,15,15,119,0,0
1789337917077,179,POST /documents,200,OK,Create Document - carga 1-17,text,true,,259,1113,15,15,179,0,0
1789337917136,146,POST /documents,200,OK,Create Document - carga 1-24,text,true,,259,1113,15,15,146,0,0
1789337917100,184,POST /documents,200,OK,Create Document - carga 1-21,text,true,,259,1113,15,15,183,0,0
1789337917130,158,POST /documents,200,OK,Create Document - carga 1-15,text,true,,259,1113,15,15,158,0,0
1789337917201,110,POST /documents,200,OK,Create Document - carga 1-20,text,true,,259,1113,15,15,110,0,0
1789337917218,107,POST /documents,200,OK,Create Document - carga 1-22,text,true,,259,1113,15,15,107,0,0
1789337917218,126,POST /documents,200,OK,Create Document - carga 1-13,text,true,,259,1113,15,15,126,0,0
1789337917231,119,POST /documents,200,OK,Create Document - carga 1-11,text,true,,259,1113,15,15,119,0,0
1789337917236,128,POST /documents,200,OK,Create Document - carga 1-23,text,true,,259,1113,15,15,128,0,0
1789337917235,131,POST /documents,200,OK,Create Document - carga 1-14,text,true,,259,1113,15,15,131,0,0
1789337917246,132,POST /documents,200,OK,Create Document - carga 1-12,text,true,,259,1113,15,15,132,0,0
1789337917236,142,POST /documents,200,OK,Create Document - carga 1-18,text,true,,259,1113,15,15,142,0,0
1789337917236,158,POST /documents,200,OK,Create Document - carga 1-16,text,true,,259,1113,15,15,158,0,0
1789337917298,138,POST /documents,200,OK,Create Document - carga 1-19,text,true,,259,1113,15,15,138,0,0
1789337917291,147,POST /documents,200,OK,Create Document - carga 1-24,text,true,,259,1113,15,15,147,0,0
1789337917299,148,POST /documents,200,OK,Create Document - carga 1-17,text,true,,259,1113,15,15,148,0,0
1789337917308,148,POST /documents,200,OK,Create Document - carga 1-25,text,true,,259,1113,15,15,148,0,0
1789337917316,160,POST /documents,200,OK,Create Document - carga 1-15,text,true,,259,1113,15,15,160,0,0
1789337917404,111,POST /documents,200,OK,Create Document - carga 1-22,text,true,,259,1113,15,15,110,0,0
1789337917410,114,POST /documents,200,OK,Create Document - carga 1-20,text,true,,259,1113,15,15,114,0,0
1789337917371,166,POST /documents,200,OK,Create Document - carga 1-13,text,true,,259,1113,15,15,165,0,0
1789337917425,113,POST /documents,200,OK,Create Document - carga 1-11,text,true,,259,1113,15,15,113,0,0
1789337917382,167,POST /documents,200,OK,Create Document - carga 1-21,text,true,,259,1113,15,15,167,0,0
1789337917411,138,POST /documents,200,OK,Create Document - carga 1-14,text,true,,259,1113,15,15,138,0,0
1789337917449,100,POST /documents,200,OK,Create Document - carga 1-18,text,true,,259,1113,15,15,100,0,0
1789337917448,103,POST /documents,200,OK,Create Document - carga 1-12,text,true,,259,1113,15,15,103,0,0
1789337917452,100,POST /documents,200,OK,Create Document - carga 1-23,text,true,,259,1113,15,15,100,0,0
1789337917462,106,POST /documents,200,OK,Create Document - carga 1-16,text,true,,259,1113,15,15,106,0,0
1789337917489,101,POST /documents,200,OK,Create Document - carga 1-24,text,true,,259,1113,15,15,101,0,0
1789337917494,104,POST /documents,200,OK,Create Document - carga 1-17,text,true,,259,1113,15,15,104,0,0
1789337917464,168,POST /documents,200,OK,Create Document - carga 1-25,text,true,,259,1113,15,15,168,0,0
1789337917492,146,POST /documents,200,OK,Create Document - carga 1-15,text,true,,259,1113,15,15,146,0,0
1789337917540,113,POST /documents,200,OK,Create Document - carga 1-13,text,true,,259,1113,15,15,113,0,0
1789337917564,106,POST /documents,200,OK,Create Document - carga 1-18,text,true,,259,1113,15,15,106,0,0
1789337917514,159,POST /documents,200,OK,Create Document - carga 1-19,text,true,,259,1113,15,15,159,0,0
1789337917567,106,POST /documents,200,OK,Create Document - carga 1-14,text,true,,259,1113,15,15,106,0,0
1789337917548,127,POST /documents,200,OK,Create Document - carga 1-22,text,true,,259,1113,15,15,127,0,0
1789337917616,109,POST /documents,200,OK,Create Document - carga 1-12,text,true,,259,1113,15,15,109,0,0
1789337917554,182,POST /documents,200,OK,Create Document - carga 1-11,text,true,,259,1113,15,15,182,0,0
1789337917613,123,POST /documents,200,OK,Create Document - carga 1-24,text,true,,259,1113,15,15,123,0,0
1789337917577,161,POST /documents,200,OK,Create Document - carga 1-23,text,true,,259,1113,14,14,161,0,0
1789337917622,132,POST /documents,200,OK,Create Document - carga 1-20,text,true,,259,1113,14,14,132,0,0
1789337917681,144,POST /documents,200,OK,Create Document - carga 1-22,text,true,,259,1113,14,14,144,0,0
1789337917668,157,POST /documents,200,OK,Create Document - carga 1-17,text,true,,259,1113,14,14,157,0,0
1789337917649,176,POST /documents,200,OK,Create Document - carga 1-16,text,true,,259,1113,14,14,176,0,0
1789337917640,186,POST /documents,200,OK,Create Document - carga 1-15,text,true,,259,1113,14,14,186,0,0
1789337917646,182,POST /documents,200,OK,Create Document - carga 1-21,text,true,,259,1113,14,14,182,0,0
1789337917711,131,POST /documents,200,OK,Create Document - carga 1-25,text,true,,259,1113,14,14,131,0,0
1789337917710,134,POST /documents,200,OK,Create Document - carga 1-13,text,true,,259,1113,14,14,134,0,0
1789337917741,124,POST /documents,200,OK,Create Document - carga 1-14,text,true,,259,1113,14,14,124,0,0
1789337917743,122,POST /documents,200,OK,Create Document - carga 1-19,text,true,,259,1113,14,14,122,0,0
1789337917748,118,POST /documents,200,OK,Create Document - carga 1-12,text,true,,259,1113,14,14,118,0,0
1789337917793,105,POST /documents,200,OK,Create Document - carga 1-23,text,true,,259,1113,14,14,105,0,0
1789337917819,103,POST /documents,200,OK,Create Document - carga 1-24,text,true,,259,1113,14,14,103,0,0
1789337917764,171,POST /documents,200,OK,Create Document - carga 1-18,text,true,,259,1113,14,14,171,0,0
1789337917819,130,POST /documents,200,OK,Create Document - carga 1-20,text,true,,259,1113,14,14,130,0,0
1789337917840,115,POST /documents,200,OK,Create Document - carga 1-15,text,true,,259,1113,14,14,115,0,0
1789337917875,103,POST /documents,200,OK,Create Document - carga 1-13,text,true,,259,1113,14,14,103,0,0
1789337917879,103,POST /documents,200,OK,Create Document - carga 1-19,text,true,,259,1113,14,14,103,0,0
1789337917896,102,POST /documents,200,OK,Create Document - carga 1-12,text,true,,259,1113,14,14,102,0,0
1789337917900,103,POST /documents,200,OK,Create Document - carga 1-16,text,true,,259,1113,14,14,103,0,0
1789337917911,114,POST /documents,200,OK,Create Document - carga 1-14,text,true,,259,1113,14,14,114,0,0
1789337917890,145,POST /documents,200,OK,Create Document - carga 1-21,text,true,,259,1113,14,14,145,0,0
1789337917916,120,POST /documents,200,OK,Create Document - carga 1-22,text,true,,259,1113,14,14,120,0,0
1789337917859,180,POST /documents,200,OK,Create Document - carga 1-25,text,true,,259,1113,14,14,180,0,0
1789337917995,105,POST /documents,200,OK,Create Document - carga 1-18,text,true,,259,1113,14,14,105,0,0
1789337918012,105,POST /documents,200,OK,Create Document - carga 1-13,text,true,,259,1113,14,14,105,0,0
1789337917922,205,POST /documents,200,OK,Create Document - carga 1-23,text,true,,259,1113,14,14,205,0,0
1789337917889,242,POST /documents,200,OK,Create Document - carga 1-17,text,true,,259,1113,14,14,242,0,0
1789337918002,137,POST /documents,200,OK,Create Document - carga 1-15,text,true,,259,1113,14,14,137,0,0
1789337917960,181,POST /documents,200,OK,Create Document - carga 1-24,text,true,,259,1113,14,14,181,0,0
1789337918051,102,POST /documents,200,OK,Create Document - carga 1-12,text,true,,259,1113,14,14,102,0,0
1789337917951,204,POST /documents,200,OK,Create Document - carga 1-20,text,true,,259,1113,14,14,204,0,0
1789337918060,105,POST /documents,200,OK,Create Document - carga 1-21,text,true,,259,1113,14,14,105,0,0
1789337918078,105,POST /documents,200,OK,Create Document - carga 1-19,text,true,,259,1113,14,14,105,0,0
1789337918079,106,POST /documents,200,OK,Create Document - carga 1-22,text,true,,259,1113,14,14,106,0,0
1789337918106,105,POST /documents,200,OK,Create Document - carga 1-18,text,true,,259,1113,14,14,105,0,0
1789337918120,109,POST /documents,200,OK,Create Document - carga 1-14,text,true,,259,1113,14,14,109,0,0
1789337918057,188,POST /documents,200,OK,Create Document - carga 1-16,text,true,,259,1113,14,14,188,0,0
1789337918065,184,POST /documents,200,OK,Create Document - carga 1-25,text,true,,259,1113,14,14,180,0,0
1789337918153,103,POST /documents,200,OK,Create Document - carga 1-12,text,true,,259,1113,14,14,102,0,0
1789337918160,109,POST /documents,200,OK,Create Document - carga 1-24,text,true,,259,1113,14,14,109,0,0
1789337918181,106,POST /documents,200,OK,Create Document - carga 1-23,text,true,,259,1113,14,14,106,0,0
1789337918141,191,POST /documents,200,OK,Create Document - carga 1-13,text,true,,259,1113,14,14,182,0,0
1789337918229,109,POST /documents,200,OK,Create Document - carga 1-19,text,true,,259,1113,14,14,109,0,0
1789337918199,144,POST /documents,200,OK,Create Document - carga 1-21,text,true,,259,1113,14,14,144,0,0
1789337918207,136,POST /documents,200,OK,Create Document - carga 1-15,text,true,,259,1113,14,14,136,0,0
1789337918160,183,POST /documents,200,OK,Create Document - carga 1-17,text,true,,259,1113,14,14,183,0,0
1789337918292,104,POST /documents,200,OK,Create Document - carga 1-18,text,true,,259,1113,14,14,104,0,0
1789337918299,111,POST /documents,200,OK,Create Document - carga 1-14,text,true,,259,1113,14,14,111,0,0
1789337918213,221,POST /documents,200,OK,Create Document - carga 1-22,text,true,,259,1113,14,14,221,0,0
1789337918175,259,POST /documents,200,OK,Create Document - carga 1-20,text,true,,259,1113,14,14,259,0,0
1789337918297,147,POST /documents,200,OK,Create Document - carga 1-24,text,true,,259,1113,14,14,147,0,0
1789337918339,108,POST /documents,200,OK,Create Document - carga 1-16,text,true,,259,1113,14,14,108,0,0
1789337918301,146,POST /documents,200,OK,Create Document - carga 1-23,text,true,,259,1113,14,14,146,0,0
1789337918343,110,POST /documents,200,OK,Create Document - carga 1-17,text,true,,259,1113,14,14,110,0,0
1789337918393,108,POST /documents,200,OK,Create Document - carga 1-13,text,true,,259,1113,14,14,107,0,0
1789337918397,104,POST /documents,200,OK,Create Document - carga 1-21,text,true,,259,1113,14,14,103,0,0
1789337918354,171,POST /documents,200,OK,Create Document - carga 1-12,text,true,,259,1113,14,14,171,0,0
1789337918289,245,POST /documents,200,OK,Create Document - carga 1-25,text,true,,259,1113,14,14,245,0,0
1789337918412,132,POST /documents,200,OK,Create Document - carga 1-15,text,true,,259,1113,14,14,132,0,0
1789337918359,185,POST /documents,200,OK,Create Document - carga 1-19,text,true,,259,1113,14,14,185,0,0
1789337918456,103,POST /documents,200,OK,Create Document - carga 1-18,text,true,,259,1113,14,14,103,0,0
1789337918453,106,POST /documents,200,OK,Create Document - carga 1-16,text,true,,259,1113,14,14,106,0,0
1789337918459,114,POST /documents,200,OK,Create Document - carga 1-20,text,true,,259,1113,14,14,114,0,0
1789337918469,106,POST /documents,200,OK,Create Document - carga 1-24,text,true,,259,1113,14,14,106,0,0
1789337918479,107,POST /documents,200,OK,Create Document - carga 1-22,text,true,,259,1113,14,14,107,0,0
1789337918509,106,POST /documents,200,OK,Create Document - carga 1-14,text,true,,259,1113,14,14,106,0,0
1789337918524,106,POST /documents,200,OK,Create Document - carga 1-23,text,true,,259,1113,14,14,106,0,0
1789337918492,151,POST /documents,200,OK,Create Document - carga 1-17,text,true,,259,1113,14,14,151,0,0
1789337918551,101,POST /documents,200,OK,Create Document - carga 1-21,text,true,,259,1113,14,14,101,0,0
1789337918554,105,POST /documents,200,OK,Create Document - carga 1-15,text,true,,259,1113,14,14,105,0,0
1789337918586,104,POST /documents,200,OK,Create Document - carga 1-13,text,true,,259,1113,14,14,104,0,0
1789337918592,105,POST /documents,200,OK,Create Document - carga 1-25,text,true,,259,1113,14,14,105,0,0
1789337918601,103,POST /documents,200,OK,Create Document - carga 1-12,text,true,,259,1113,14,14,103,0,0
1789337918620,108,POST /documents,200,OK,Create Document - carga 1-16,text,true,,259,1113,14,14,108,0,0
1789337918628,103,POST /documents,200,OK,Create Document - carga 1-22,text,true,,259,1113,14,14,103,0,0
1789337918628,103,POST /documents,200,OK,Create Document - carga 1-18,text,true,,259,1113,14,14,103,0,0
1789337918627,104,POST /documents,200,OK,Create Document - carga 1-24,text,true,,259,1113,14,14,104,0,0
1789337918641,109,POST /documents,200,OK,Create Document - carga 1-19,text,true,,259,1113,14,14,109,0,0
1789337918688,111,POST /documents,200,OK,Create Document - carga 1-14,text,true,,259,1113,14,14,111,0,0
1789337918694,116,POST /documents,200,OK,Create Document - carga 1-17,text,true,,259,1113,14,14,116,0,0
1789337918729,104,POST /documents,200,OK,Create Document - carga 1-12,text,true,,259,1113,14,14,104,0,0
1789337918751,110,POST /documents,200,OK,Create Document - carga 1-21,text,true,,259,1113,14,14,110,0,0
1789337918756,113,POST /documents,200,OK,Create Document - carga 1-24,text,true,,259,1113,14,14,112,0,0
1789337918768,120,POST /documents,200,OK,Create Document - carga 1-22,text,true,,259,1113,14,14,120,0,0
1789337918805,102,POST /documents,200,OK,Create Document - carga 1-18,text,true,,259,1113,14,14,102,0,0
1789337918821,108,POST /documents,200,OK,Create Document - carga 1-16,text,true,,259,1113,14,14,108,0,0
1789337918664,295,POST /documents,200,OK,Create Document - carga 1-15,text,true,,259,1113,14,14,294,0,0
1789337918655,304,POST /documents,200,OK,Create Document - carga 1-20,text,true,,259,1113,14,14,303,0,0
1789337918829,131,POST /documents,200,OK,Create Document - carga 1-19,text,true,,259,1113,14,14,131,0,0
1789337918703,271,POST /documents,200,OK,Create Document - carga 1-23,text,true,,259,1113,14,14,270,0,0
1789337918783,196,POST /documents,200,OK,Create Document - carga 1-25,text,true,,259,1113,14,14,196,0,0
1789337918846,138,POST /documents,200,OK,Create Document - carga 1-12,text,true,,259,1113,14,14,138,0,0
1789337918783,210,POST /documents,200,OK,Create Document - carga 1-13,text,true,,259,1113,14,14,209,0,0
1789337918812,184,POST /documents,200,OK,Create Document - carga 1-17,text,true,,259,1113,14,14,184,0,0
1789337918894,105,POST /documents,200,OK,Create Document - carga 1-21,text,true,,259,1113,14,14,105,0,0
1789337918875,155,POST /documents,200,OK,Create Document - carga 1-14,text,true,,259,1113,14,14,155,0,0
1789337918891,144,POST /documents,200,OK,Create Document - carga 1-24,text,true,,259,1113,14,14,144,0,0
1789337918942,106,POST /documents,200,OK,Create Document - carga 1-18,text,true,,259,1113,14,14,106,0,0
1789337918966,110,POST /documents,200,OK,Create Document - carga 1-22,text,true,,259,1113,14,14,110,0,0
1789337918986,106,POST /documents,200,OK,Create Document - carga 1-19,text,true,,259,1113,14,14,106,0,0
1789337918999,105,POST /documents,200,OK,Create Document - carga 1-16,text,true,,259,1113,14,14,105,0,0
1789337919006,102,POST /documents,200,OK,Create Document - carga 1-21,text,true,,259,1113,14,14,102,0,0
1789337919007,106,POST /documents,200,OK,Create Document - carga 1-15,text,true,,259,1113,14,14,106,0,0
1789337919004,120,POST /documents,200,OK,Create Document - carga 1-20,text,true,,259,1113,14,14,120,0,0
1789337919016,108,POST /documents,200,OK,Create Document - carga 1-23,text,true,,259,1113,14,14,108,0,0
1789337919032,105,POST /documents,200,OK,Create Document - carga 1-12,text,true,,259,1113,14,14,105,0,0
1789337919043,105,POST /documents,200,OK,Create Document - carga 1-25,text,true,,259,1113,13,13,105,0,0
1789337919067,103,POST /documents,200,OK,Create Document - carga 1-18,text,true,,259,1113,13,13,103,0,0
1789337919063,115,POST /documents,200,OK,Create Document - carga 1-17,text,true,,259,1113,13,13,115,0,0
1789337919078,110,POST /documents,200,OK,Create Document - carga 1-13,text,true,,259,1113,13,13,110,0,0
1789337919119,111,POST /documents,200,OK,Create Document - carga 1-19,text,true,,259,1113,13,13,110,0,0
1789337919128,104,POST /documents,200,OK,Create Document - carga 1-21,text,true,,259,1113,13,13,104,0,0
1789337919127,110,POST /documents,200,OK,Create Document - carga 1-14,text,true,,259,1113,13,13,110,0,0
1789337919129,109,POST /documents,200,OK,Create Document - carga 1-24,text,true,,259,1113,13,13,109,0,0
1789337919141,112,POST /documents,200,OK,Create Document - carga 1-22,text,true,,259,1113,13,13,112,0,0
1789337919149,115,POST /documents,200,OK,Create Document - carga 1-23,text,true,,259,1113,13,13,115,0,0
1789337919148,116,POST /documents,200,OK,Create Document - carga 1-15,text,true,,259,1113,13,13,116,0,0
1789337919177,115,POST /documents,200,OK,Create Document - carga 1-20,text,true,,259,1113,13,13,115,0,0
1789337919195,106,POST /documents,200,OK,Create Document - carga 1-16,text,true,,259,1113,13,13,106,0,0
1789337919210,107,POST /documents,200,OK,Create Document - carga 1-17,text,true,,259,1113,13,13,107,0,0
1789337919217,110,POST /documents,200,OK,Create Document - carga 1-25,text,true,,259,1113,13,13,110,0,0
1789337919242,109,POST /documents,200,OK,Create Document - carga 1-24,text,true,,259,1113,13,13,109,0,0
1789337919251,111,POST /documents,200,OK,Create Document - carga 1-13,text,true,,259,1113,13,13,110,0,0
1789337919257,106,POST /documents,200,OK,Create Document - carga 1-19,text,true,,259,1113,13,13,106,0,0
1789337919270,102,POST /documents,200,OK,Create Document - carga 1-18,text,true,,259,1113,13,13,102,0,0
1789337919277,108,POST /documents,200,OK,Create Document - carga 1-23,text,true,,259,1113,13,13,108,0,0
1789337919307,111,POST /documents,200,OK,Create Document - carga 1-15,text,true,,259,1113,13,13,111,0,0
1789337919303,115,POST /documents,200,OK,Create Document - carga 1-20,text,true,,259,1113,13,13,115,0,0
1789337919309,109,POST /documents,200,OK,Create Document - carga 1-21,text,true,,259,1113,13,13,109,0,0
1789337919327,107,POST /documents,200,OK,Create Document - carga 1-14,text,true,,259,1113,13,13,107,0,0
1789337919335,109,POST /documents,200,OK,Create Document - carga 1-22,text,true,,259,1113,13,13,109,0,0
1789337919347,115,POST /documents,200,OK,Create Document - carga 1-25,text,true,,259,1113,13,13,115,0,0
1789337919358,111,POST /documents,200,OK,Create Document - carga 1-24,text,true,,259,1113,13,13,111,0,0
1789337919392,111,POST /documents,200,OK,Create Document - carga 1-23,text,true,,259,1113,13,13,111,0,0
1789337919398,105,POST /documents,200,OK,Create Document - carga 1-16,text,true,,259,1113,13,13,105,0,0
1789337919401,103,POST /documents,200,OK,Create Document - carga 1-17,text,true,,259,1113,13,13,103,0,0
1789337919406,111,POST /documents,200,OK,Create Document - carga 1-19,text,true,,259,1113,13,13,111,0,0
1789337919434,102,POST /documents,200,OK,Create Document - carga 1-18,text,true,,259,1113,13,13,102,0,0
1789337919443,105,POST /documents,200,OK,Create Document - carga 1-13,text,true,,259,1113,13,13,105,0,0
1789337919443,106,POST /documents,200,OK,Create Document - carga 1-14,text,true,,259,1113,13,13,106,0,0
1789337919451,114,POST /documents,200,OK,Create Document - carga 1-20,text,true,,259,1113,13,13,114,0,0
1789337919459,110,POST /documents,200,OK,Create Document - carga 1-15,text,true,,259,1113,13,13,109,0,0
1789337919468,107,POST /documents,200,OK,Create Document - carga 1-25,text,true,,259,1113,13,13,107,0,0
1789337919491,111,POST /documents,200,OK,Create Document - carga 1-21,text,true,,259,1113,13,13,111,0,0
1789337919497,108,POST /documents,200,OK,Create Document - carga 1-24,text,true,,259,1113,13,13,108,0,0
1789337919519,110,POST /documents,200,OK,Create Document - carga 1-22,text,true,,259,1113,13,13,110,0,0
1789337919543,124,POST /documents,200,OK,Create Document - carga 1-16,text,true,,259,1113,13,13,124,0,0
1789337919559,114,POST /documents,200,OK,Create Document - carga 1-13,text,true,,259,1113,13,13,114,0,0
1789337919564,109,POST /documents,200,OK,Create Document - carga 1-19,text,true,,259,1113,13,13,109,0,0
1789337919583,107,POST /documents,200,OK,Create Document - carga 1-17,text,true,,259,1113,13,13,107,0,0
1789337919588,110,POST /documents,200,OK,Create Document - carga 1-23,text,true,,259,1113,13,13,110,0,0
1789337919583,117,POST /documents,200,OK,Create Document - carga 1-20,text,true,,259,1113,13,13,117,0,0
1789337919602,105,POST /documents,200,OK,Create Document - carga 1-14,text,true,,259,1113,13,13,105,0,0
1789337919623,105,POST /documents,200,OK,Create Document - carga 1-15,text,true,,259,1113,13,13,105,0,0
1789337919630,102,POST /documents,200,OK,Create Document - carga 1-18,text,true,,259,1113,13,13,102,0,0
1789337919643,110,POST /documents,200,OK,Create Document - carga 1-24,text,true,,259,1113,13,13,110,0,0
1789337919670,110,POST /documents,200,OK,Create Document - carga 1-22,text,true,,259,1113,13,13,110,0,0
1789337919670,113,POST /documents,200,OK,Create Document - carga 1-25,text,true,,259,1113,13,13,111,0,0
1789337919678,105,POST /documents,200,OK,Create Document - carga 1-21,text,true,,259,1113,13,13,105,0,0
1789337919696,109,POST /documents,200,OK,Create Document - carga 1-16,text,true,,259,1113,13,13,109,0,0
1789337919703,104,POST /documents,200,OK,Create Document - carga 1-13,text,true,,259,1113,13,13,104,0,0
1789337919721,119,POST /documents,200,OK,Create Document - carga 1-20,text,true,,259,1113,13,13,119,0,0
1789337919736,106,POST /documents,200,OK,Create Document - carga 1-19,text,true,,259,1113,13,13,106,0,0
1789337919759,107,POST /documents,200,OK,Create Document - carga 1-18,text,true,,259,1113,13,13,107,0,0
1789337919765,106,POST /documents,200,OK,Create Document - carga 1-23,text,true,,259,1113,13,13,106,0,0
1789337919771,106,POST /documents,200,OK,Create Document - carga 1-17,text,true,,259,1113,13,13,106,0,0
1789337919780,108,POST /documents,200,OK,Create Document - carga 1-24,text,true,,259,1113,13,13,108,0,0
1789337919794,117,POST /documents,200,OK,Create Document - carga 1-22,text,true,,259,1113,13,13,117,0,0
1789337919799,113,POST /documents,200,OK,Create Document - carga 1-21,text,true,,259,1113,13,13,113,0,0
1789337919800,112,POST /documents,200,OK,Create Document - carga 1-14,text,true,,259,1113,13,13,112,0,0
1789337919803,109,POST /documents,200,OK,Create Document - carga 1-15,text,true,,259,1113,13,13,109,0,0
1789337919817,103,POST /documents,200,OK,Create Document - carga 1-16,text,true,,259,1113,13,13,103,0,0
1789337919867,108,POST /documents,200,OK,Create Document - carga 1-13,text,true,,259,1113,13,13,108,0,0
1789337919858,117,POST /documents,200,OK,Create Document - carga 1-20,text,true,,259,1113,13,13,117,0,0
1789337919877,109,POST /documents,200,OK,Create Document - carga 1-25,text,true,,259,1113,13,13,109,0,0
1789337919888,106,POST /documents,200,OK,Create Document - carga 1-24,text,true,,259,1113,13,13,106,0,0
1789337919889,107,POST /documents,200,OK,Create Document - carga 1-18,text,true,,259,1113,13,13,107,0,0
1789337919895,111,POST /documents,200,OK,Create Document - carga 1-19,text,true,,259,1113,13,13,111,0,0
1789337919947,107,POST /documents,200,OK,Create Document - carga 1-17,text,true,,259,1113,13,13,107,0,0
1789337919950,106,POST /documents,200,OK,Create Document - carga 1-16,text,true,,259,1113,13,13,106,0,0
1789337919950,111,POST /documents,200,OK,Create Document - carga 1-21,text,true,,259,1113,13,13,111,0,0
1789337919960,106,POST /documents,200,OK,Create Document - carga 1-14,text,true,,259,1113,13,13,106,0,0
1789337919973,105,POST /documents,200,OK,Create Document - carga 1-15,text,true,,259,1113,13,13,105,0,0
1789337919962,116,POST /documents,200,OK,Create Document - carga 1-23,text,true,,259,1113,13,13,116,0,0
1789337919997,138,POST /documents,200,OK,Create Document - carga 1-22,text,true,,259,1113,13,13,138,0,0
1789337920040,112,POST /documents,200,OK,Create Document - carga 1-18,text,true,,259,1113,13,13,112,0,0
1789337920063,112,POST /documents,200,OK,Create Document - carga 1-21,text,true,,259,1113,13,13,111,0,0
1789337920097,107,POST /documents,200,OK,Create Document - carga 1-19,text,true,,259,1113,13,13,107,0,0
1789337920066,169,POST /documents,200,OK,Create Document - carga 1-14,text,true,,259,1113,13,13,169,0,0
1789337920039,201,POST /documents,200,OK,Create Document - carga 1-24,text,true,,259,1113,13,13,201,0,0
1789337920022,228,POST /documents,200,OK,Create Document - carga 1-13,text,true,,259,1113,13,13,228,0,0
1789337920101,176,POST /documents,200,OK,Create Document - carga 1-15,text,true,,259,1113,13,13,176,0,0
1789337920061,216,POST /documents,200,OK,Create Document - carga 1-20,text,true,,259,1113,13,13,216,0,0
1789337920076,205,POST /documents,200,OK,Create Document - carga 1-25,text,true,,259,1113,13,13,205,0,0
1789337920146,142,POST /documents,200,OK,Create Document - carga 1-17,text,true,,259,1113,13,13,141,0,0
1789337920134,157,POST /documents,200,OK,Create Document - carga 1-16,text,true,,259,1113,13,13,157,0,0
1789337920165,131,POST /documents,200,OK,Create Document - carga 1-23,text,true,,259,1113,13,13,131,0,0
1789337920191,110,POST /documents,200,OK,Create Document - carga 1-21,text,true,,259,1113,13,13,110,0,0
1789337920160,142,POST /documents,200,OK,Create Document - carga 1-18,text,true,,259,1113,13,13,142,0,0
1789337920218,105,POST /documents,200,OK,Create Document - carga 1-22,text,true,,259,1113,13,13,105,0,0
1789337920214,119,POST /documents,200,OK,Create Document - carga 1-19,text,true,,259,1113,13,13,119,0,0
1789337920236,126,POST /documents,200,OK,Create Document - carga 1-14,text,true,,259,1113,13,13,126,0,0
1789337920288,106,POST /documents,200,OK,Create Document - carga 1-24,text,true,,259,1113,13,13,106,0,0
1789337920301,107,POST /documents,200,OK,Create Document - carga 1-25,text,true,,259,1113,13,13,107,0,0
1789337920312,122,POST /documents,200,OK,Create Document - carga 1-23,text,true,,259,1113,13,13,122,0,0
1789337920322,127,POST /documents,200,OK,Create Document - carga 1-16,text,true,,259,1113,13,13,127,0,0
1789337920347,107,POST /documents,200,OK,Create Document - carga 1-15,text,true,,259,1113,13,13,107,0,0
1789337920338,120,POST /documents,200,OK,Create Document - carga 1-20,text,true,,259,1113,13,13,120,0,0
1789337920371,109,POST /documents,200,OK,Create Document - carga 1-21,text,true,,259,1113,13,13,109,0,0
1789337920379,107,POST /documents,200,OK,Create Document - carga 1-18,text,true,,259,1113,13,13,107,0,0
1789337920446,105,POST /documents,200,OK,Create Document - carga 1-23,text,true,,259,1113,13,13,104,0,0
1789337920350,201,POST /documents,200,OK,Create Document - carga 1-13,text,true,,259,1113,13,13,201,0,0
1789337920368,188,POST /documents,200,OK,Create Document - carga 1-22,text,true,,259,1113,13,13,188,0,0
1789337920485,106,POST /documents,200,OK,Create Document - carga 1-25,text,true,,259,1113,13,13,106,0,0
1789337920386,242,POST /documents,200,OK,Create Document - carga 1-17,text,true,,259,1113,13,13,242,0,0
1789337920408,222,POST /documents,200,OK,Create Document - carga 1-14,text,true,,259,1113,13,13,222,0,0
1789337920397,248,POST /documents,200,OK,Create Document - carga 1-19,text,true,,259,1113,13,13,248,0,0
1789337920554,100,POST /documents,200,OK,Create Document - carga 1-18,text,true,,259,1113,13,13,100,0,0
1789337920539,118,POST /documents,200,OK,Create Document - carga 1-20,text,true,,259,1113,13,13,118,0,0
1789337920563,105,POST /documents,200,OK,Create Document - carga 1-21,text,true,,259,1113,13,13,105,0,0
1789337920587,106,POST /documents,200,OK,Create Document - carga 1-13,text,true,,259,1113,13,13,106,0,0
1789337920606,106,POST /documents,200,OK,Create Document - carga 1-22,text,true,,259,1113,13,13,106,0,0
1789337920451,286,POST /documents,200,OK,Create Document - carga 1-24,text,true,,259,1113,13,13,286,0,0
1789337920488,274,POST /documents,200,OK,Create Document - carga 1-16,text,true,,259,1113,13,13,274,0,0
1789337920622,141,POST /documents,200,OK,Create Document - carga 1-25,text,true,,259,1113,13,13,141,0,0
1789337920670,102,POST /documents,200,OK,Create Document - carga 1-21,text,true,,259,1113,13,13,102,0,0
1789337920571,206,POST /documents,200,OK,Create Document - carga 1-23,text,true,,259,1113,13,13,206,0,0
1789337920539,259,POST /documents,200,OK,Create Document - carga 1-15,text,true,,259,1113,13,13,259,0,0
1789337920693,105,POST /documents,200,OK,Create Document - carga 1-18,text,true,,259,1113,13,13,105,0,0
1789337920675,154,POST /documents,200,OK,Create Document - carga 1-14,text,true,,259,1113,13,13,154,0,0
1789337920685,144,POST /documents,200,OK,Create Document - carga 1-17,text,true,,259,1113,13,13,144,0,0
1789337920739,113,POST /documents,200,OK,Create Document - carga 1-20,text,true,,259,1113,13,13,113,0,0
1789337920696,160,POST /documents,200,OK,Create Document - carga 1-19,text,true,,259,1113,13,13,160,0,0
1789337920747,123,POST /documents,200,OK,Create Document - carga 1-22,text,true,,259,1113,13,13,123,0,0
1789337920751,121,POST /documents,200,OK,Create Document - carga 1-13,text,true,,259,1113,13,13,121,0,0
1789337920766,108,POST /documents,200,OK,Create Document - carga 1-24,text,true,,259,1113,13,13,108,0,0
1789337920808,105,POST /documents,200,OK,Create Document - carga 1-25,text,true,,259,1113,13,13,105,0,0
1789337920843,103,POST /documents,200,OK,Create Document - carga 1-21,text,true,,259,1113,13,13,103,0,0
1789337920843,103,POST /documents,200,OK,Create Document - carga 1-16,text,true,,259,1113,13,13,103,0,0
1789337920847,109,POST /documents,200,OK,Create Document - carga 1-23,text,true,,259,1113,13,13,109,0,0
1789337920857,118,POST /documents,200,OK,Create Document - carga 1-15,text,true,,259,1113,13,13,118,0,0
1789337920876,105,POST /documents,200,OK,Create Document - carga 1-17,text,true,,259,1113,13,13,105,0,0
1789337920861,123,POST /documents,200,OK,Create Document - carga 1-20,text,true,,259,1113,13,13,123,0,0
1789337920891,108,POST /documents,200,OK,Create Document - carga 1-14,text,true,,259,1113,13,13,108,0,0
1789337920897,118,POST /documents,200,OK,Create Document - carga 1-18,text,true,,259,1113,13,13,118,0,0
1789337920909,110,POST /documents,200,OK,Create Document - carga 1-13,text,true,,259,1113,13,13,110,0,0
1789337920916,119,POST /documents,200,OK,Create Document - carga 1-25,text,true,,259,1113,13,13,119,0,0
1789337920945,102,POST /documents,200,OK,Create Document - carga 1-22,text,true,,259,1113,13,13,102,0,0
1789337920948,108,POST /documents,200,OK,Create Document - carga 1-24,text,true,,259,1113,13,13,108,0,0
1789337920956,102,POST /documents,200,OK,Create Document - carga 1-19,text,true,,259,1113,13,13,102,0,0
1789337920972,164,POST /documents,200,OK,Create Document - carga 1-16,text,true,,259,1113,13,13,164,0,0
1789337921000,145,POST /documents,200,OK,Create Document - carga 1-23,text,true,,259,1113,13,13,145,0,0
1789337921039,111,POST /documents,200,OK,Create Document - carga 1-21,text,true,,259,1113,13,13,111,0,0
1789337921049,107,POST /documents,200,OK,Create Document - carga 1-15,text,true,,259,1113,13,13,107,0,0
1789337921053,108,POST /documents,200,OK,Create Document - carga 1-13,text,true,,259,1113,13,13,105,0,0
1789337921051,117,POST /documents,200,OK,Create Document - carga 1-20,text,true,,259,1113,13,13,117,0,0
1789337921065,109,POST /documents,200,OK,Create Document - carga 1-14,text,true,,259,1113,13,13,109,0,0
1789337921070,107,POST /documents,200,OK,Create Document - carga 1-17,text,true,,259,1113,13,13,107,0,0
1789337921098,106,POST /documents,200,OK,Create Document - carga 1-24,text,true,,259,1113,13,13,106,0,0
1789337921115,107,POST /documents,200,OK,Create Document - carga 1-19,text,true,,259,1113,13,13,107,0,0
1789337921112,124,POST /documents,200,OK,Create Document - carga 1-18,text,true,,259,1113,13,13,124,0,0
1789337921092,152,POST /documents,200,OK,Create Document - carga 1-22,text,true,,259,1113,13,13,152,0,0
1789337921115,139,POST /documents,200,OK,Create Document - carga 1-25,text,true,,259,1113,13,13,139,0,0
1789337921167,110,POST /documents,200,OK,Create Document - carga 1-13,text,true,,259,1113,13,13,110,0,0
1789337921206,103,POST /documents,200,OK,Create Document - carga 1-17,text,true,,259,1113,13,13,103,0,0
1789337921213,105,POST /documents,200,OK,Create Document - carga 1-21,text,true,,259,1113,13,13,105,0,0
1789337921166,173,POST /documents,200,OK,Create Document - carga 1-16,text,true,,259,1113,13,13,173,0,0
1789337921190,164,POST /documents,200,OK,Create Document - carga 1-15,text,true,,259,1113,13,13,164,0,0
1789337921173,191,POST /documents,200,OK,Create Document - carga 1-20,text,true,,259,1113,13,13,191,0,0
1789337921221,143,POST /documents,200,OK,Create Document - carga 1-23,text,true,,259,1113,13,13,143,0,0
1789337921254,120,POST /documents,200,OK,Create Document - carga 1-22,text,true,,259,1113,13,13,120,0,0
1789337921271,120,POST /documents,200,OK,Create Document - carga 1-14,text,true,,259,1113,13,13,120,0,0
1789337921278,114,POST /documents,200,OK,Create Document - carga 1-13,text,true,,259,1113,13,13,114,0,0
1789337921323,103,POST /documents,200,OK,Create Document - carga 1-18,text,true,,259,1113,13,13,103,0,0
1789337921281,155,POST /documents,200,OK,Create Document - carga 1-19,text,true,,259,1113,13,13,155,0,0
1789337921285,155,POST /documents,200,OK,Create Document - carga 1-24,text,true,,259,1113,13,13,155,0,0
1789337921316,127,POST /documents,200,OK,Create Document - carga 1-17,text,true,,259,1113,13,13,127,0,0
1789337921330,133,POST /documents,200,OK,Create Document - carga 1-25,text,true,,259,1113,13,13,133,0,0
1789337921342,121,POST /documents,200,OK,Create Document - carga 1-21,text,true,,259,1113,13,13,121,0,0
1789337921390,108,POST /documents,200,OK,Create Document - carga 1-16,text,true,,259,1113,13,13,108,0,0
1789337921400,102,POST /documents,200,OK,Create Document - carga 1-13,text,true,,259,1113,13,13,102,0,0
1789337921382,163,POST /documents,200,OK,Create Document - carga 1-23,text,true,,259,1113,13,13,163,0,0
1789337921425,120,POST /documents,200,OK,Create Document - carga 1-22,text,true,,259,1113,13,13,120,0,0
1789337921421,124,POST /documents,200,OK,Create Document - carga 1-15,text,true,,259,1113,13,13,124,0,0
1789337921418,133,POST /documents,200,OK,Create Document - carga 1-20,text,true,,259,1113,13,13,133,0,0
1789337921456,127,POST /documents,200,OK,Create Document - carga 1-18,text,true,,259,1113,13,13,127,0,0
1789337921468,123,POST /documents,200,OK,Create Document - carga 1-14,text,true,,259,1113,13,13,123,0,0
1789337921486,109,POST /documents,200,OK,Create Document - carga 1-21,text,true,,259,1113,13,13,109,0,0
1789337921479,156,POST /documents,200,OK,Create Document - carga 1-17,text,true,,259,1113,13,13,156,0,0
1789337921479,156,POST /documents,200,OK,Create Document - carga 1-25,text,true,,259,1113,13,13,156,0,0
1789337921495,151,POST /documents,200,OK,Create Document - carga 1-19,text,true,,259,1113,13,13,151,0,0
1789337921511,160,POST /documents,200,OK,Create Document - carga 1-13,text,true,,259,1113,13,13,160,0,0
1789337921546,128,POST /documents,200,OK,Create Document - carga 1-16,text,true,,259,1113,13,13,128,0,0
1789337921527,147,POST /documents,200,OK,Create Document - carga 1-24,text,true,,259,1113,13,13,147,0,0
1789337921561,118,POST /documents,200,OK,Create Document - carga 1-22,text,true,,259,1113,13,13,117,0,0
1789337921584,105,POST /documents,200,OK,Create Document - carga 1-15,text,true,,259,1113,13,13,105,0,0
1789337921591,103,POST /documents,200,OK,Create Document - carga 1-18,text,true,,259,1113,13,13,103,0,0
1789337921586,111,POST /documents,200,OK,Create Document - carga 1-20,text,true,,259,1113,13,13,111,0,0
1789337921624,113,POST /documents,200,OK,Create Document - carga 1-23,text,true,,259,1113,13,13,113,0,0
1789337921636,148,POST /documents,200,OK,Create Document - carga 1-14,text,true,,259,1113,13,13,148,0,0
1789337921695,103,POST /documents,200,OK,Create Document - carga 1-25,text,true,,259,1113,13,13,103,0,0
1789337921685,137,POST /documents,200,OK,Create Document - carga 1-24,text,true,,259,1113,13,13,104,0,0
1789337921688,134,POST /documents,200,OK,Create Document - carga 1-22,text,true,,259,1113,13,13,134,0,0
1789337921718,117,POST /documents,200,OK,Create Document - carga 1-13,text,true,,259,1113,13,13,117,0,0
1789337921710,142,POST /documents,200,OK,Create Document - carga 1-20,text,true,,259,1113,13,13,142,0,0
1789337921706,159,POST /documents,200,OK,Create Document - carga 1-18,text,true,,259,1113,13,13,159,0,0
1789337921724,150,POST /documents,200,OK,Create Document - carga 1-17,text,true,,259,1113,13,13,150,0,0
1789337921746,130,POST /documents,200,OK,Create Document - carga 1-16,text,true,,259,1113,13,13,130,0,0
1789337921789,110,POST /documents,200,OK,Create Document - carga 1-15,text,true,,259,1113,13,13,110,0,0
1789337921742,182,POST /documents,200,OK,Create Document - carga 1-19,text,true,,259,1113,13,13,182,0,0
1789337921781,156,POST /documents,200,OK,Create Document - carga 1-23,text,true,,259,1113,13,13,156,0,0
1789337921838,107,POST /documents,200,OK,Create Document - carga 1-13,text,true,,259,1113,13,13,107,0,0
1789337921825,138,POST /documents,200,OK,Create Document - carga 1-22,text,true,,259,1113,13,13,138,0,0
1789337921860,113,POST /documents,200,OK,Create Document - carga 1-14,text,true,,259,1113,13,13,113,0,0
1789337921901,107,POST /documents,200,OK,Create Document - carga 1-24,text,true,,259,1113,13,13,106,0,0
1789337921908,103,POST /documents,200,OK,Create Document - carga 1-18,text,true,,259,1113,13,13,102,0,0
1789337921922,157,POST /documents,200,OK,Create Document - carga 1-16,text,true,,259,1113,13,13,157,0,0
1789337921950,138,POST /documents,200,OK,Create Document - carga 1-13,text,true,,259,1113,13,13,137,0,0
1789337921970,120,POST /documents,200,OK,Create Document - carga 1-17,text,true,,259,1113,13,13,120,0,0
1789337921881,242,POST /documents,200,OK,Create Document - carga 1-25,text,true,,259,1113,13,13,158,0,0
1789337921922,202,POST /documents,200,OK,Create Document - carga 1-15,text,true,,259,1113,13,13,117,0,0
1789337921991,146,POST /documents,200,OK,Create Document - carga 1-19,text,true,,259,1113,13,13,146,0,0
1789337921960,179,POST /documents,200,OK,Create Document - carga 1-23,text,true,,259,1113,13,13,179,0,0
1789337921947,212,POST /documents,200,OK,Create Document - carga 1-20,text,true,,259,1113,13,13,212,0,0
1789337922008,151,POST /documents,200,OK,Create Document - carga 1-14,text,true,,259,1113,13,13,151,0,0
1789337921620,551,POST /documents,200,OK,Create Document - carga 1-21,text,true,,259,1113,13,13,116,0,0
1789337922043,184,POST /documents,200,OK,Create Document - carga 1-22,text,true,,259,1113,13,13,184,0,0
1789337922108,126,POST /documents,200,OK,Create Document - carga 1-18,text,true,,259,1113,13,13,125,0,0
1789337922091,150,POST /documents,200,OK,Create Document - carga 1-24,text,true,,259,1113,13,13,150,0,0
1789337922121,144,POST /documents,200,OK,Create Document - carga 1-17,text,true,,259,1113,13,13,143,0,0
1789337922177,102,POST /documents,200,OK,Create Document - carga 1-16,text,true,,259,1113,13,13,102,0,0
1789337922184,103,POST /documents,200,OK,Create Document - carga 1-13,text,true,,259,1113,13,13,103,0,0
1789337922211,108,POST /documents,200,OK,Create Document - carga 1-25,text,true,,259,1113,13,13,108,0,0
1789337922182,139,POST /documents,200,OK,Create Document - carga 1-15,text,true,,259,1113,13,13,102,0,0
1789337922181,140,POST /documents,200,OK,Create Document - carga 1-19,text,true,,259,1113,13,13,140,0,0
1789337922206,135,POST /documents,200,OK,Create Document - carga 1-14,text,true,,259,1113,13,13,135,0,0
1789337922240,106,POST /documents,200,OK,Create Document - carga 1-21,text,true,,259,1113,13,13,106,0,0
1789337922243,103,POST /documents,200,OK,Create Document - carga 1-18,text,true,,259,1113,13,13,103,0,0
1789337922240,108,POST /documents,200,OK,Create Document - carga 1-23,text,true,,259,1113,13,13,108,0,0
1789337922264,110,POST /documents,200,OK,Create Document - carga 1-22,text,true,,259,1113,13,13,110,0,0
1789337922253,121,POST /documents,200,OK,Create Document - carga 1-20,text,true,,259,1113,13,13,121,0,0
1789337922285,105,POST /documents,200,OK,Create Document - carga 1-24,text,true,,259,1113,13,13,105,0,0
1789337922301,106,POST /documents,200,OK,Create Document - carga 1-16,text,true,,259,1113,13,13,106,0,0
1789337922328,107,POST /documents,200,OK,Create Document - carga 1-19,text,true,,259,1113,13,13,107,0,0
1789337922333,106,POST /documents,200,OK,Create Document - carga 1-13,text,true,,259,1113,13,13,106,0,0
1789337922329,114,POST /documents,200,OK,Create Document - carga 1-17,text,true,,259,1113,13,13,114,0,0
1789337922390,102,POST /documents,200,OK,Create Document - carga 1-15,text,true,,259,1113,13,13,102,0,0
1789337922399,105,POST /documents,200,OK,Create Document - carga 1-25,text,true,,259,1113,13,13,105,0,0
1789337922362,163,POST /documents,200,OK,Create Document - carga 1-14,text,true,,259,1113,13,13,163,0,0
1789337922367,161,POST /documents,200,OK,Create Document - carga 1-18,text,true,,259,1113,13,13,161,0,0
1789337922411,127,POST /documents,200,OK,Create Document - carga 1-22,text,true,,259,1113,13,13,127,0,0
1789337922426,114,POST /documents,200,OK,Create Document - carga 1-21,text,true,,259,1113,13,13,114,0,0
1789337922414,126,POST /documents,200,OK,Create Document - carga 1-23,text,true,,259,1113,13,13,126,0,0
1789337922400,140,POST /documents,200,OK,Create Document - carga 1-24,text,true,,259,1113,13,13,140,0,0
1789337922451,136,POST /documents,200,OK,Create Document - carga 1-16,text,true,,259,1113,13,13,136,0,0
1789337922456,132,POST /documents,200,OK,Create Document - carga 1-17,text,true,,259,1113,13,13,132,0,0
1789337922470,136,POST /documents,200,OK,Create Document - carga 1-20,text,true,,259,1113,13,13,136,0,0
1789337922509,129,POST /documents,200,OK,Create Document - carga 1-13,text,true,,259,1113,13,13,129,0,0
1789337922499,140,POST /documents,200,OK,Create Document - carga 1-19,text,true,,259,1113,13,13,140,0,0
1789337922519,171,POST /documents,200,OK,Create Document - carga 1-25,text,true,,259,1113,13,13,170,0,0
1789337922551,146,POST /documents,200,OK,Create Document - carga 1-15,text,true,,259,1113,13,13,146,0,0
1789337922607,108,POST /documents,200,OK,Create Document - carga 1-22,text,true,,259,1113,13,13,108,0,0
1789337922605,134,POST /documents,200,OK,Create Document - carga 1-17,text,true,,259,1113,13,13,134,0,0
1789337922617,122,POST /documents,200,OK,Create Document - carga 1-23,text,true,,259,1113,13,13,122,0,0
1789337922591,151,POST /documents,200,OK,Create Document - carga 1-16,text,true,,259,1113,13,13,151,0,0
1789337922576,175,POST /documents,200,OK,Create Document - carga 1-14,text,true,,259,1113,13,13,175,0,0
1789337922602,175,POST /documents,200,OK,Create Document - carga 1-24,text,true,,259,1113,13,13,174,0,0
1789337922611,180,POST /documents,200,OK,Create Document - carga 1-18,text,true,,259,1113,13,13,180,0,0
1789337922610,181,POST /documents,200,OK,Create Document - carga 1-21,text,true,,259,1113,13,13,181,0,0
1789337922651,162,POST /documents,200,OK,Create Document - carga 1-20,text,true,,259,1113,13,13,162,0,0
1789337922724,114,POST /documents,200,OK,Create Document - carga 1-22,text,true,,259,1113,13,13,114,0,0
1789337922737,105,POST /documents,200,OK,Create Document - carga 1-19,text,true,,259,1113,13,13,105,0,0
1789337922666,189,POST /documents,200,OK,Create Document - carga 1-13,text,true,,259,1113,13,13,189,0,0
1789337922767,114,POST /documents,200,OK,Create Document - carga 1-15,text,true,,259,1113,13,13,113,0,0
1789337922745,148,POST /documents,200,OK,Create Document - carga 1-25,text,true,,259,1113,13,13,148,0,0
1789337922754,186,POST /documents,200,OK,Create Document - carga 1-23,text,true,,259,1113,13,13,186,0,0
1789337922806,140,POST /documents,200,OK,Create Document - carga 1-16,text,true,,259,1113,13,13,140,0,0
1789337922792,154,POST /documents,200,OK,Create Document - carga 1-14,text,true,,259,1113,13,13,154,0,0
1789337922821,130,POST /documents,200,OK,Create Document - carga 1-24,text,true,,259,1113,13,13,130,0,0
1789337922780,171,POST /documents,200,OK,Create Document - carga 1-17,text,true,,259,1113,13,13,171,0,0
1789337922855,111,POST /documents,200,OK,Create Document - carga 1-21,text,true,,259,1113,13,13,111,0,0
1789337922872,117,POST /documents,200,OK,Create Document - carga 1-13,text,true,,259,1113,13,13,117,0,0
1789337922873,116,POST /documents,200,OK,Create Document - carga 1-22,text,true,,259,1113,13,13,116,0,0
1789337922869,120,POST /documents,200,OK,Create Document - carga 1-20,text,true,,259,1113,13,13,120,0,0
1789337922901,110,POST /documents,200,OK,Create Document - carga 1-25,text,true,,259,1113,13,13,110,0,0
1789337922885,148,POST /documents,200,OK,Create Document - carga 1-18,text,true,,259,1113,13,13,148,0,0
1789337922863,173,POST /documents,200,OK,Create Document - carga 1-19,text,true,,259,1113,13,13,172,0,0
1789337922949,103,POST /documents,200,OK,Create Document - carga 1-16,text,true,,259,1113,13,13,103,0,0
1789337922943,121,POST /documents,200,OK,Create Document - carga 1-15,text,true,,259,1113,13,13,121,0,0
1789337922951,119,POST /documents,200,OK,Create Document - carga 1-24,text,true,,259,1113,13,13,119,0,0
1789337922979,115,POST /documents,200,OK,Create Document - carga 1-23,text,true,,259,1113,13,13,115,0,0
1789337922972,162,POST /documents,200,OK,Create Document - carga 1-17,text,true,,259,1113,13,13,162,0,0
1789337923015,125,POST /documents,200,OK,Create Document - carga 1-13,text,true,,259,1113,13,13,125,0,0
1789337923018,126,POST /documents,200,OK,Create Document - carga 1-22,text,true,,259,1113,13,13,126,0,0
1789337923030,118,POST /documents,200,OK,Create Document - carga 1-20,text,true,,259,1113,13,13,117,0,0
1789337923059,101,POST /documents,200,OK,Create Document - carga 1-21,text,true,,259,1113,13,13,101,0,0
1789337923039,147,POST /documents,200,OK,Create Document - carga 1-14,text,true,,259,1113,13,13,147,0,0
1789337923051,135,POST /documents,200,OK,Create Document - carga 1-25,text,true,,259,1113,13,13,135,0,0
1789337923068,123,POST /documents,200,OK,Create Document - carga 1-18,text,true,,259,1113,13,13,122,0,0
1789337923094,141,POST /documents,200,OK,Create Document - carga 1-15,text,true,,259,1113,13,13,141,0,0
1789337923138,107,POST /documents,200,OK,Create Document - carga 1-16,text,true,,259,1113,13,13,107,0,0
1789337923148,110,POST /documents,200,OK,Create Document - carga 1-24,text,true,,259,1113,13,13,110,0,0
1789337923160,114,POST /documents,200,OK,Create Document - carga 1-20,text,true,,259,1113,13,13,114,0,0
1789337923129,156,POST /documents,200,OK,Create Document - carga 1-19,text,true,,259,1113,13,13,156,0,0
1789337923145,141,POST /documents,200,OK,Create Document - carga 1-23,text,true,,259,1113,13,13,141,0,0
1789337923210,127,POST /documents,200,OK,Create Document - carga 1-17,text,true,,259,1113,13,13,127,0,0
1789337923238,102,POST /documents,200,OK,Create Document - carga 1-21,text,true,,259,1113,13,13,102,0,0
1789337923174,184,POST /documents,200,OK,Create Document - carga 1-22,text,true,,259,1113,13,13,184,0,0
1789337923277,107,POST /documents,200,OK,Create Document - carga 1-18,text,true,,259,1113,13,13,107,0,0
1789337923219,167,POST /documents,200,OK,Create Document - carga 1-14,text,true,,259,1113,13,13,167,0,0
1789337923224,162,POST /documents,200,OK,Create Document - carga 1-13,text,true,,259,1113,13,13,162,0,0
1789337923317,118,POST /documents,200,OK,Create Document - carga 1-23,text,true,,259,1113,13,13,118,0,0
1789337923319,123,POST /documents,200,OK,Create Document - carga 1-20,text,true,,259,1113,13,13,123,0,0
1789337923337,109,POST /documents,200,OK,Create Document - carga 1-19,text,true,,259,1113,13,13,109,0,0
1789337923276,183,POST /documents,200,OK,Create Document - carga 1-15,text,true,,259,1113,13,13,183,0,0
1789337923217,242,POST /documents,200,OK,Create Document - carga 1-25,text,true,,259,1113,13,13,242,0,0
1789337923316,172,POST /documents,200,OK,Create Document - carga 1-24,text,true,,259,1113,13,13,172,0,0
1789337923334,157,POST /documents,200,OK,Create Document - carga 1-16,text,true,,259,1113,13,13,157,0,0
1789337923389,109,POST /documents,200,OK,Create Document - carga 1-13,text,true,,259,1113,13,13,109,0,0
1789337923426,112,POST /documents,200,OK,Create Document - carga 1-17,text,true,,259,1113,13,13,112,0,0
1789337923408,130,POST /documents,200,OK,Create Document - carga 1-22,text,true,,259,1113,13,13,130,0,0
1789337923456,116,POST /documents,200,OK,Create Document - carga 1-20,text,true,,259,1113,13,13,116,0,0
1789337923473,106,POST /documents,200,OK,Create Document - carga 1-18,text,true,,259,1113,13,13,106,0,0
1789337923434,146,POST /documents,200,OK,Create Document - carga 1-21,text,true,,259,1113,13,13,146,0,0
1789337923443,138,POST /documents,200,OK,Create Document - carga 1-14,text,true,,259,1113,13,13,137,0,0
1789337923468,128,POST /documents,200,OK,Create Document - carga 1-15,text,true,,259,1113,13,13,128,0,0
1789337923491,141,POST /documents,200,OK,Create Document - carga 1-19,text,true,,259,1113,13,13,141,0,0
1789337923497,135,POST /documents,200,OK,Create Document - carga 1-24,text,true,,259,1113,13,13,135,0,0
1789337923490,166,POST /documents,200,OK,Create Document - carga 1-23,text,true,,259,1113,13,13,166,0,0
1789337923497,167,POST /documents,200,OK,Create Document - carga 1-25,text,true,,259,1113,13,13,167,0,0
1789337923571,104,POST /documents,200,OK,Create Document - carga 1-13,text,true,,259,1113,13,13,104,0,0
1789337923577,107,POST /documents,200,OK,Create Document - carga 1-16,text,true,,259,1113,13,13,107,0,0
1789337923592,113,POST /documents,200,OK,Create Document - carga 1-20,text,true,,259,1113,13,13,113,0,0
1789337923596,125,POST /documents,200,OK,Create Document - carga 1-14,text,true,,259,1113,13,13,125,0,0
1789337923636,100,POST /documents,200,OK,Create Document - carga 1-18,text,true,,259,1113,13,13,99,0,0
1789337923616,167,POST /documents,200,OK,Create Document - carga 1-21,text,true,,259,1113,13,13,167,0,0
1789337923604,183,POST /documents,200,OK,Create Document - carga 1-22,text,true,,259,1113,13,13,183,0,0
1789337923691,110,POST /documents,200,OK,Create Document - carga 1-19,text,true,,259,1113,13,13,110,0,0
1789337923724,114,POST /documents,200,OK,Create Document - carga 1-16,text,true,,259,1113,13,13,113,0,0
1789337923724,115,POST /documents,200,OK,Create Document - carga 1-13,text,true,,259,1113,13,13,115,0,0
1789337923634,220,POST /documents,200,OK,Create Document - carga 1-17,text,true,,259,1113,12,12,154,0,0
1789337923758,105,POST /documents,200,OK,Create Document - carga 1-18,text,true,,259,1113,12,12,105,0,0
1789337923680,197,POST /documents,200,OK,Create Document - carga 1-24,text,true,,259,1113,12,12,196,0,0
1789337923690,194,POST /documents,200,OK,Create Document - carga 1-15,text,true,,259,1113,12,12,194,0,0
1789337923745,153,POST /documents,200,OK,Create Document - carga 1-23,text,true,,259,1113,12,12,148,0,0
1789337923813,125,POST /documents,200,OK,Create Document - carga 1-19,text,true,,259,1113,12,12,125,0,0
1789337923721,272,POST /documents,200,OK,Create Document - carga 1-25,text,true,,259,1113,12,12,271,0,0
1789337923770,227,POST /documents,200,OK,Create Document - carga 1-20,text,true,,259,1113,12,12,227,0,0
1789337923791,232,POST /documents,200,OK,Create Document - carga 1-14,text,true,,259,1113,12,12,232,0,0
1789337923910,128,POST /documents,200,OK,Create Document - carga 1-24,text,true,,259,1113,12,12,127,0,0
1789337923917,121,POST /documents,200,OK,Create Document - carga 1-15,text,true,,259,1113,12,12,121,0,0
1789337923787,265,POST /documents,200,OK,Create Document - carga 1-21,text,true,,259,1113,12,12,265,0,0
1789337923875,197,POST /documents,200,OK,Create Document - carga 1-16,text,true,,259,1113,12,12,197,0,0
1789337923867,212,POST /documents,200,OK,Create Document - carga 1-17,text,true,,259,1113,12,12,211,0,0
1789337923939,140,POST /documents,200,OK,Create Document - carga 1-18,text,true,,259,1113,12,12,140,0,0
1789337923867,264,POST /documents,200,OK,Create Document - carga 1-22,text,true,,259,1113,12,12,264,0,0
1789337924001,139,POST /documents,200,OK,Create Document - carga 1-25,text,true,,259,1113,12,12,139,0,0
1789337923972,170,POST /documents,200,OK,Create Document - carga 1-23,text,true,,259,1113,12,12,170,0,0
1789337924038,146,POST /documents,200,OK,Create Document - carga 1-24,text,true,,259,1113,12,12,146,0,0
1789337924030,154,POST /documents,200,OK,Create Document - carga 1-19,text,true,,259,1113,12,12,154,0,0
1789337924009,186,POST /documents,200,OK,Create Document - carga 1-20,text,true,,259,1113,12,12,186,0,0
1789337924096,110,POST /documents,200,OK,Create Document - carga 1-18,text,true,,259,1113,12,12,110,0,0
1789337924119,116,POST /documents,200,OK,Create Document - carga 1-21,text,true,,259,1113,12,12,116,0,0
1789337924097,145,POST /documents,200,OK,Create Document - carga 1-15,text,true,,259,1113,12,12,144,0,0
1789337924127,142,POST /documents,200,OK,Create Document - carga 1-17,text,true,,259,1113,12,12,142,0,0
1789337924154,116,POST /documents,200,OK,Create Document - carga 1-16,text,true,,259,1113,12,12,116,0,0
1789337924148,128,POST /documents,200,OK,Create Document - carga 1-22,text,true,,259,1113,12,12,125,0,0
1789337924191,102,POST /documents,200,OK,Create Document - carga 1-19,text,true,,259,1113,12,12,102,0,0
1789337924106,224,POST /documents,200,OK,Create Document - carga 1-14,text,true,,259,1113,12,12,223,0,0
1789337924228,103,POST /documents,200,OK,Create Document - carga 1-18,text,true,,259,1113,12,12,103,0,0
1789337924187,157,POST /documents,200,OK,Create Document - carga 1-25,text,true,,259,1113,12,12,157,0,0
1789337924237,111,POST /documents,200,OK,Create Document - carga 1-24,text,true,,259,1113,12,12,111,0,0
1789337924279,111,POST /documents,200,OK,Create Document - carga 1-20,text,true,,259,1113,12,12,111,0,0
1789337924297,105,POST /documents,200,OK,Create Document - carga 1-16,text,true,,259,1113,12,12,105,0,0
1789337924202,222,POST /documents,200,OK,Create Document - carga 1-23,text,true,,259,1113,12,12,148,0,0
1789337924328,113,POST /documents,200,OK,Create Document - carga 1-15,text,true,,259,1113,12,12,113,0,0
1789337924284,157,POST /documents,200,OK,Create Document - carga 1-22,text,true,,259,1113,12,12,157,0,0
1789337924349,131,POST /documents,200,OK,Create Document - carga 1-18,text,true,,259,1113,12,12,131,0,0
1789337924390,106,POST /documents,200,OK,Create Document - carga 1-24,text,true,,259,1113,12,12,105,0,0
1789337924352,184,POST /documents,200,OK,Create Document - carga 1-17,text,true,,259,1113,12,12,184,0,0
1789337924297,244,POST /documents,200,OK,Create Document - carga 1-21,text,true,,259,1113,12,12,244,0,0
1789337924361,194,POST /documents,200,OK,Create Document - carga 1-14,text,true,,259,1113,12,12,194,0,0
1789337924416,167,POST /documents,200,OK,Create Document - carga 1-25,text,true,,259,1113,12,12,167,0,0
1789337924440,164,POST /documents,200,OK,Create Document - carga 1-20,text,true,,259,1113,12,12,164,0,0
1789337924356,277,POST /documents,200,OK,Create Document - carga 1-19,text,true,,259,1113,12,12,277,0,0
1789337924482,159,POST /documents,200,OK,Create Document - carga 1-16,text,true,,259,1113,12,12,159,0,0
1789337924476,166,POST /documents,200,OK,Create Document - carga 1-15,text,true,,259,1113,12,12,166,0,0
1789337924465,194,POST /documents,200,OK,Create Document - carga 1-23,text,true,,259,1113,12,12,194,0,0
1789337924515,171,POST /documents,200,OK,Create Document - carga 1-22,text,true,,259,1113,12,12,171,0,0
1789337924540,148,POST /documents,200,OK,Create Document - carga 1-18,text,true,,259,1113,12,12,148,0,0
1789337924560,176,POST /documents,200,OK,Create Document - carga 1-14,text,true,,259,1113,12,12,176,0,0
1789337924556,180,POST /documents,200,OK,Create Document - carga 1-24,text,true,,259,1113,12,12,180,0,0
1789337924565,180,POST /documents,200,OK,Create Document - carga 1-17,text,true,,259,1113,12,12,180,0,0
1789337924639,147,POST /documents,200,OK,Create Document - carga 1-21,text,true,,259,1113,12,12,147,0,0
1789337924668,133,POST /documents,200,OK,Create Document - carga 1-23,text,true,,259,1113,12,12,133,0,0
1789337924685,116,POST /documents,200,OK,Create Document - carga 1-16,text,true,,259,1113,12,12,116,0,0
1789337924619,188,POST /documents,200,OK,Create Document - carga 1-20,text,true,,259,1113,12,12,188,0,0
1789337924702,136,POST /documents,200,OK,Create Document - carga 1-19,text,true,,259,1113,12,12,136,0,0
1789337924697,142,POST /documents,200,OK,Create Document - carga 1-22,text,true,,259,1113,12,12,142,0,0
1789337924708,154,POST /documents,200,OK,Create Document - carga 1-15,text,true,,259,1113,12,12,154,0,0
1789337924812,108,POST /documents,200,OK,Create Document - carga 1-24,text,true,,259,1113,12,12,108,0,0
1789337924705,221,POST /documents,200,OK,Create Document - carga 1-18,text,true,,259,1113,12,12,221,0,0
1789337924659,267,POST /documents,200,OK,Create Document - carga 1-25,text,true,,259,1113,12,12,267,0,0
1789337924751,189,POST /documents,200,OK,Create Document - carga 1-17,text,true,,259,1113,12,12,189,0,0
1789337924782,158,POST /documents,200,OK,Create Document - carga 1-14,text,true,,259,1113,12,12,158,0,0
1789337924817,145,POST /documents,200,OK,Create Document - carga 1-23,text,true,,259,1113,12,12,145,0,0
1789337924825,157,POST /documents,200,OK,Create Document - carga 1-21,text,true,,259,1113,12,12,157,0,0
1789337924894,106,POST /documents,200,OK,Create Document - carga 1-19,text,true,,259,1113,12,12,106,0,0
1789337924875,130,POST /documents,200,OK,Create Document - carga 1-20,text,true,,259,1113,12,12,130,0,0
1789337924895,141,POST /documents,200,OK,Create Document - carga 1-16,text,true,,259,1113,12,12,141,0,0
1789337924935,106,POST /documents,200,OK,Create Document - carga 1-24,text,true,,259,1113,12,12,106,0,0
1789337924961,117,POST /documents,200,OK,Create Document - carga 1-18,text,true,,259,1113,12,12,117,0,0
1789337924927,162,POST /documents,200,OK,Create Document - carga 1-22,text,true,,259,1113,12,12,162,0,0
1789337924956,178,POST /documents,200,OK,Create Document - carga 1-17,text,true,,259,1113,12,12,178,0,0
1789337925020,128,POST /documents,200,OK,Create Document - carga 1-14,text,true,,259,1113,12,12,128,0,0
1789337925011,151,POST /documents,200,OK,Create Document - carga 1-19,text,true,,259,1113,12,12,151,0,0
1789337925029,163,POST /documents,200,OK,Create Document - carga 1-23,text,true,,259,1113,12,12,163,0,0
1789337925067,126,POST /documents,200,OK,Create Document - carga 1-24,text,true,,259,1113,12,12,126,0,0
1789337924962,267,POST /documents,200,OK,Create Document - carga 1-15,text,true,,259,1113,12,12,267,0,0
1789337924981,248,POST /documents,200,OK,Create Document - carga 1-25,text,true,,259,1113,12,12,248,0,0
1789337925115,127,POST /documents,200,OK,Create Document - carga 1-22,text,true,,259,1113,12,12,127,0,0
1789337925028,215,POST /documents,200,OK,Create Document - carga 1-21,text,true,,259,1113,12,12,215,0,0
1789337925089,180,POST /documents,200,OK,Create Document - carga 1-16,text,true,,259,1113,12,12,180,0,0
1789337925074,197,POST /documents,200,OK,Create Document - carga 1-20,text,true,,259,1113,12,12,196,0,0
1789337925205,105,POST /documents,200,OK,Create Document - carga 1-23,text,true,,259,1113,12,12,105,0,0
1789337925170,169,POST /documents,200,OK,Create Document - carga 1-18,text,true,,259,1113,12,12,169,0,0
1789337925222,119,POST /documents,200,OK,Create Document - carga 1-17,text,true,,259,1113,12,12,119,0,0
1789337925161,180,POST /documents,200,OK,Create Document - carga 1-14,text,true,,259,1113,12,12,180,0,0
1789337925214,131,POST /documents,200,OK,Create Document - carga 1-24,text,true,,259,1113,12,12,131,0,0
1789337925255,117,POST /documents,200,OK,Create Document - carga 1-15,text,true,,259,1113,12,12,117,0,0
1789337925283,106,POST /documents,200,OK,Create Document - carga 1-25,text,true,,259,1113,12,12,106,0,0
1789337925291,105,POST /documents,200,OK,Create Document - carga 1-22,text,true,,259,1113,12,12,105,0,0
1789337925248,187,POST /documents,200,OK,Create Document - carga 1-19,text,true,,259,1113,12,12,187,0,0
1789337925306,132,POST /documents,200,OK,Create Document - carga 1-16,text,true,,259,1113,12,12,132,0,0
1789337925338,110,POST /documents,200,OK,Create Document - carga 1-23,text,true,,259,1113,12,12,108,0,0
1789337925331,117,POST /documents,200,OK,Create Document - carga 1-20,text,true,,259,1113,12,12,117,0,0
1789337925327,127,POST /documents,200,OK,Create Document - carga 1-21,text,true,,259,1113,12,12,127,0,0
1789337925342,125,POST /documents,200,OK,Create Document - carga 1-17,text,true,,259,1113,12,12,125,0,0
1789337925356,115,POST /documents,200,OK,Create Document - carga 1-24,text,true,,259,1113,12,12,115,0,0
1789337925392,108,POST /documents,200,OK,Create Document - carga 1-18,text,true,,259,1113,12,12,103,0,0
1789337925341,181,POST /documents,200,OK,Create Document - carga 1-14,text,true,,259,1113,12,12,181,0,0
1789337925423,116,POST /documents,200,OK,Create Document - carga 1-25,text,true,,259,1113,12,12,116,0,0
1789337925375,169,POST /documents,200,OK,Create Document - carga 1-15,text,true,,259,1113,12,12,169,0,0
1789337925439,123,POST /documents,200,OK,Create Document - carga 1-19,text,true,,259,1113,12,12,123,0,0
1789337925505,103,POST /documents,200,OK,Create Document - carga 1-18,text,true,,259,1113,12,12,103,0,0
1789337925520,118,POST /documents,200,OK,Create Document - carga 1-20,text,true,,259,1113,12,12,118,0,0
1789337925529,109,POST /documents,200,OK,Create Document - carga 1-21,text,true,,259,1113,12,12,109,0,0
1789337925458,183,POST /documents,200,OK,Create Document - carga 1-22,text,true,,259,1113,12,12,183,0,0
1789337925511,133,POST /documents,200,OK,Create Document - carga 1-16,text,true,,259,1113,12,12,133,0,0
1789337925517,127,POST /documents,200,OK,Create Document - carga 1-17,text,true,,259,1113,12,12,127,0,0
1789337925567,106,POST /documents,200,OK,Create Document - carga 1-15,text,true,,259,1113,12,12,106,0,0
1789337925498,224,POST /documents,200,OK,Create Document - carga 1-24,text,true,,259,1113,12,12,154,0,0
1789337925461,262,POST /documents,200,OK,Create Document - carga 1-23,text,true,,259,1113,12,12,262,0,0
1789337925602,134,POST /documents,200,OK,Create Document - carga 1-14,text,true,,259,1113,12,12,134,0,0
1789337925607,134,POST /documents,200,OK,Create Document - carga 1-25,text,true,,259,1113,12,12,134,0,0
1789337925647,103,POST /documents,200,OK,Create Document - carga 1-18,text,true,,259,1113,12,12,103,0,0
1789337925631,136,POST /documents,200,OK,Create Document - carga 1-19,text,true,,259,1113,12,12,136,0,0
1789337925647,132,POST /documents,200,OK,Create Document - carga 1-22,text,true,,259,1113,12,12,132,0,0
1789337925692,104,POST /documents,200,OK,Create Document - carga 1-17,text,true,,259,1113,12,12,104,0,0
1789337925721,105,POST /documents,200,OK,Create Document - carga 1-16,text,true,,259,1113,12,12,105,0,0
1789337925675,157,POST /documents,200,OK,Create Document - carga 1-21,text,true,,259,1113,12,12,157,0,0
1789337925731,112,POST /documents,200,OK,Create Document - carga 1-20,text,true,,259,1113,12,12,112,0,0
1789337925766,107,POST /documents,200,OK,Create Document - carga 1-24,text,true,,259,1113,12,12,107,0,0
1789337925783,107,POST /documents,200,OK,Create Document - carga 1-23,text,true,,259,1113,12,12,107,0,0
1789337925821,115,POST /documents,200,OK,Create Document - carga 1-22,text,true,,259,1113,12,12,115,0,0
1789337925805,144,POST /documents,200,OK,Create Document - carga 1-19,text,true,,259,1113,12,12,144,0,0
1789337925771,178,POST /documents,200,OK,Create Document - carga 1-15,text,true,,259,1113,12,12,178,0,0
1789337925807,142,POST /documents,200,OK,Create Document - carga 1-18,text,true,,259,1113,12,12,142,0,0
1789337925795,154,POST /documents,200,OK,Create Document - carga 1-14,text,true,,259,1113,12,12,154,0,0
1789337925818,146,POST /documents,200,OK,Create Document - carga 1-25,text,true,,259,1113,12,12,146,0,0
1789337925893,102,POST /documents,200,OK,Create Document - carga 1-17,text,true,,259,1113,12,12,102,0,0
1789337925885,116,POST /documents,200,OK,Create Document - carga 1-20,text,true,,259,1113,12,12,116,0,0
1789337925912,124,POST /documents,200,OK,Create Document - carga 1-23,text,true,,259,1113,12,12,124,0,0
1789337925853,183,POST /documents,200,OK,Create Document - carga 1-21,text,true,,259,1113,12,12,183,0,0
1789337925876,163,POST /documents,200,OK,Create Document - carga 1-24,text,true,,259,1113,12,12,163,0,0
1789337925922,164,POST /documents,200,OK,Create Document - carga 1-16,text,true,,259,1113,12,12,164,0,0
1789337925937,152,POST /documents,200,OK,Create Document - carga 1-22,text,true,,259,1113,12,12,152,0,0
1789337925972,167,POST /documents,200,OK,Create Document - carga 1-19,text,true,,259,1113,12,12,167,0,0
1789337925995,146,POST /documents,200,OK,Create Document - carga 1-14,text,true,,259,1113,12,12,144,0,0
1789337926010,137,POST /documents,200,OK,Create Document - carga 1-17,text,true,,259,1113,12,12,137,0,0
1789337925977,209,POST /documents,200,OK,Create Document - carga 1-18,text,true,,259,1113,12,12,209,0,0
1789337926107,122,POST /documents,200,OK,Create Document - carga 1-16,text,true,,259,1113,12,12,122,0,0
1789337926123,113,POST /documents,200,OK,Create Document - carga 1-23,text,true,,259,1113,12,12,113,0,0
1789337926122,122,POST /documents,200,OK,Create Document - carga 1-22,text,true,,259,1113,12,12,122,0,0
1789337926157,146,POST /documents,200,OK,Create Document - carga 1-19,text,true,,259,1113,12,12,146,0,0
1789337926007,297,POST /documents,200,OK,Create Document - carga 1-20,text,true,,259,1113,12,12,296,0,0
1789337926045,259,POST /documents,200,OK,Create Document - carga 1-25,text,true,,259,1113,12,12,259,0,0
1789337926121,183,POST /documents,200,OK,Create Document - carga 1-24,text,true,,259,1113,12,12,183,0,0
1789337926123,181,POST /documents,200,OK,Create Document - carga 1-21,text,true,,259,1113,12,12,181,0,0
1789337926013,291,POST /documents,200,OK,Create Document - carga 1-15,text,true,,259,1113,12,12,291,0,0
1789337926173,160,POST /documents,200,OK,Create Document - carga 1-14,text,true,,259,1113,12,12,160,0,0
1789337926254,106,POST /documents,200,OK,Create Document - carga 1-23,text,true,,259,1113,12,12,106,0,0
1789337926243,144,POST /documents,200,OK,Create Document - carga 1-16,text,true,,259,1113,12,12,144,0,0
1789337926229,158,POST /documents,200,OK,Create Document - carga 1-17,text,true,,259,1113,12,12,158,0,0
1789337926313,122,POST /documents,200,OK,Create Document - carga 1-24,text,true,,259,1113,12,12,122,0,0
1789337926341,107,POST /documents,200,OK,Create Document - carga 1-15,text,true,,259,1113,12,12,107,0,0
1789337926278,183,POST /documents,200,OK,Create Document - carga 1-22,text,true,,259,1113,12,12,183,0,0
1789337926275,199,POST /documents,200,OK,Create Document - carga 1-18,text,true,,259,1113,12,12,198,0,0
1789337926370,124,POST /documents,200,OK,Create Document - carga 1-25,text,true,,259,1113,12,12,124,0,0
1789337926390,105,POST /documents,200,OK,Create Document - carga 1-23,text,true,,259,1113,12,12,105,0,0
1789337926352,144,POST /documents,200,OK,Create Document - carga 1-20,text,true,,259,1113,12,12,144,0,0
1789337926370,163,POST /documents,200,OK,Create Document - carga 1-19,text,true,,259,1113,12,12,163,0,0
1789337926430,105,POST /documents,200,OK,Create Document - carga 1-17,text,true,,259,1113,12,12,105,0,0
1789337926390,149,POST /documents,200,OK,Create Document - carga 1-16,text,true,,259,1113,12,12,149,0,0
1789337926430,120,POST /documents,200,OK,Create Document - carga 1-14,text,true,,259,1113,12,12,120,0,0
1789337926404,157,POST /documents,200,OK,Create Document - carga 1-21,text,true,,259,1113,11,11,157,0,0
1789337926537,103,POST /documents,200,OK,Create Document - carga 1-18,text,true,,259,1113,11,11,103,0,0
1789337926481,164,POST /documents,200,OK,Create Document - carga 1-22,text,true,,259,1113,11,11,164,0,0
1789337926555,107,POST /documents,200,OK,Create Document - carga 1-25,text,true,,259,1113,11,11,107,0,0
1789337926495,171,POST /documents,200,OK,Create Document - carga 1-15,text,true,,259,1113,11,11,171,0,0
1789337926528,154,POST /documents,200,OK,Create Document - carga 1-24,text,true,,259,1113,11,11,154,0,0
1789337926547,138,POST /documents,200,OK,Create Document - carga 1-17,text,true,,259,1113,11,11,138,0,0
1789337926553,142,POST /documents,200,OK,Create Document - carga 1-20,text,true,,259,1113,11,11,142,0,0
1789337926620,121,POST /documents,200,OK,Create Document - carga 1-19,text,true,,259,1113,11,11,121,0,0
1789337926583,160,POST /documents,200,OK,Create Document - carga 1-23,text,true,,259,1113,11,11,160,0,0
1789337926582,174,POST /documents,200,OK,Create Document - carga 1-16,text,true,,259,1113,11,11,174,0,0
1789337926653,130,POST /documents,200,OK,Create Document - carga 1-21,text,true,,259,1113,11,11,130,0,0
1789337926686,102,POST /documents,200,OK,Create Document - carga 1-18,text,true,,259,1113,11,11,101,0,0
1789337926699,138,POST /documents,200,OK,Create Document - carga 1-15,text,true,,259,1113,11,11,137,0,0
1789337926722,115,POST /documents,200,OK,Create Document - carga 1-24,text,true,,259,1113,11,11,115,0,0
1789337926747,104,POST /documents,200,OK,Create Document - carga 1-25,text,true,,259,1113,11,11,104,0,0
1789337926731,146,POST /documents,200,OK,Create Document - carga 1-22,text,true,,259,1113,11,11,146,0,0
1789337926757,130,POST /documents,200,OK,Create Document - carga 1-17,text,true,,259,1113,11,11,129,0,0
1789337926760,172,POST /documents,200,OK,Create Document - carga 1-23,text,true,,259,1113,11,11,172,0,0
1789337926787,152,POST /documents,200,OK,Create Document - carga 1-16,text,true,,259,1113,11,11,152,0,0
1789337926783,172,POST /documents,200,OK,Create Document - carga 1-20,text,true,,259,1113,11,11,172,0,0
1789337926783,173,POST /documents,200,OK,Create Document - carga 1-19,text,true,,259,1113,11,11,173,0,0
1789337926799,190,POST /documents,200,OK,Create Document - carga 1-18,text,true,,259,1113,11,11,190,0,0
1789337926829,160,POST /documents,200,OK,Create Document - carga 1-21,text,true,,259,1113,11,11,160,0,0
1789337926869,129,POST /documents,200,OK,Create Document - carga 1-24,text,true,,259,1113,11,11,129,0,0
1789337926915,121,POST /documents,200,OK,Create Document - carga 1-22,text,true,,259,1113,11,11,121,0,0
1789337926935,105,POST /documents,200,OK,Create Document - carga 1-25,text,true,,259,1113,11,11,105,0,0
1789337926884,156,POST /documents,200,OK,Create Document - carga 1-15,text,true,,259,1113,11,11,156,0,0
1789337926964,122,POST /documents,200,OK,Create Document - carga 1-19,text,true,,259,1113,11,11,122,0,0
1789337926968,119,POST /documents,200,OK,Create Document - carga 1-17,text,true,,259,1113,11,11,119,0,0
1789337926984,153,POST /documents,200,OK,Create Document - carga 1-23,text,true,,259,1113,11,11,153,0,0
1789337927003,135,POST /documents,200,OK,Create Document - carga 1-24,text,true,,259,1113,11,11,135,0,0
1789337926976,165,POST /documents,200,OK,Create Document - carga 1-16,text,true,,259,1113,11,11,165,0,0
1789337927101,139,POST /documents,200,OK,Create Document - carga 1-15,text,true,,259,1113,11,11,139,0,0
1789337927117,123,POST /documents,200,OK,Create Document - carga 1-25,text,true,,259,1113,11,11,123,0,0
1789337927050,215,POST /documents,200,OK,Create Document - carga 1-18,text,true,,259,1113,11,11,215,0,0
1789337927004,275,POST /documents,200,OK,Create Document - carga 1-21,text,true,,259,1113,11,11,275,0,0
1789337927159,128,POST /documents,200,OK,Create Document - carga 1-24,text,true,,259,1113,11,11,128,0,0
1789337927046,250,POST /documents,200,OK,Create Document - carga 1-20,text,true,,259,1113,11,11,250,0,0
1789337927160,137,POST /documents,200,OK,Create Document - carga 1-19,text,true,,259,1113,11,11,137,0,0
1789337927187,151,POST /documents,200,OK,Create Document - carga 1-16,text,true,,259,1113,11,11,151,0,0
1789337927229,114,POST /documents,200,OK,Create Document - carga 1-23,text,true,,259,1113,11,11,113,0,0
1789337927141,213,POST /documents,200,OK,Create Document - carga 1-17,text,true,,259,1113,11,11,213,0,0
1789337927093,269,POST /documents,200,OK,Create Document - carga 1-22,text,true,,259,1113,11,11,269,0,0
1789337927272,117,POST /documents,200,OK,Create Document - carga 1-15,text,true,,259,1113,11,11,117,0,0
1789337927284,106,POST /documents,200,OK,Create Document - carga 1-25,text,true,,259,1113,11,11,106,0,0
1789337927299,158,POST /documents,200,OK,Create Document - carga 1-18,text,true,,259,1113,11,11,158,0,0
1789337927353,117,POST /documents,200,OK,Create Document - carga 1-16,text,true,,259,1113,11,11,117,0,0
1789337927363,107,POST /documents,200,OK,Create Document - carga 1-23,text,true,,259,1113,11,11,107,0,0
1789337927291,229,POST /documents,200,OK,Create Document - carga 1-21,text,true,,259,1113,11,11,228,0,0
1789337927412,108,POST /documents,200,OK,Create Document - carga 1-15,text,true,,259,1113,11,11,108,0,0
1789337927422,105,POST /documents,200,OK,Create Document - carga 1-25,text,true,,259,1113,11,11,105,0,0
1789337927403,132,POST /documents,200,OK,Create Document - carga 1-22,text,true,,259,1113,11,11,131,0,0
1789337927368,179,POST /documents,200,OK,Create Document - carga 1-20,text,true,,259,1113,11,11,179,0,0
1789337927371,251,POST /documents,200,OK,Create Document - carga 1-24,text,true,,259,1113,11,11,251,0,0
1789337927375,248,POST /documents,200,OK,Create Document - carga 1-19,text,true,,259,1113,11,11,247,0,0
1789337927401,233,POST /documents,200,OK,Create Document - carga 1-17,text,true,,259,1113,11,11,233,0,0
1789337927508,129,POST /documents,200,OK,Create Document - carga 1-23,text,true,,259,1113,11,11,128,0,0
1789337927532,117,POST /documents,200,OK,Create Document - carga 1-25,text,true,,259,1113,11,11,117,0,0
1789337927542,116,POST /documents,200,OK,Create Document - carga 1-22,text,true,,259,1113,11,11,116,0,0
1789337927543,131,POST /documents,200,OK,Create Document - carga 1-18,text,true,,259,1113,11,11,131,0,0
1789337927559,145,POST /documents,200,OK,Create Document - carga 1-16,text,true,,259,1113,11,11,145,0,0
1789337927613,119,POST /documents,200,OK,Create Document - carga 1-20,text,true,,259,1113,11,11,119,0,0
1789337927561,174,POST /documents,200,OK,Create Document - carga 1-21,text,true,,259,1113,11,11,174,0,0
1789337927596,145,POST /documents,200,OK,Create Document - carga 1-15,text,true,,259,1113,11,11,145,0,0
1789337927634,109,POST /documents,200,OK,Create Document - carga 1-17,text,true,,259,1113,11,11,109,0,0
1789337927651,112,POST /documents,200,OK,Create Document - carga 1-19,text,true,,259,1113,11,11,112,0,0
1789337927672,121,POST /documents,200,OK,Create Document - carga 1-24,text,true,,259,1113,11,11,121,0,0
1789337927704,105,POST /documents,200,OK,Create Document - carga 1-16,text,true,,259,1113,11,11,105,0,0
1789337927730,101,POST /documents,200,OK,Create Document - carga 1-23,text,true,,259,1113,11,11,101,0,0
1789337927669,166,POST /documents,200,OK,Create Document - carga 1-22,text,true,,259,1113,11,11,166,0,0
1789337927729,113,POST /documents,200,OK,Create Document - carga 1-18,text,true,,259,1113,11,11,113,0,0
1789337927682,160,POST /documents,200,OK,Create Document - carga 1-25,text,true,,259,1113,11,11,160,0,0
1789337927812,106,POST /documents,200,OK,Create Document - carga 1-17,text,true,,259,1113,11,11,106,0,0
1789337927772,165,POST /documents,200,OK,Create Document - carga 1-21,text,true,,259,1113,11,11,165,0,0
1789337927780,161,POST /documents,200,OK,Create Document - carga 1-15,text,true,,259,1113,11,11,161,0,0
1789337927821,120,POST /documents,200,OK,Create Document - carga 1-16,text,true,,259,1113,11,11,120,0,0
1789337927831,125,POST /documents,200,OK,Create Document - carga 1-20,text,true,,259,1113,11,11,125,0,0
1789337927814,142,POST /documents,200,OK,Create Document - carga 1-19,text,true,,259,1113,11,11,142,0,0
1789337927851,108,POST /documents,200,OK,Create Document - carga 1-18,text,true,,259,1113,11,11,108,0,0
1789337927897,108,POST /documents,200,OK,Create Document - carga 1-22,text,true,,259,1113,11,11,108,0,0
1789337927871,167,POST /documents,200,OK,Create Document - carga 1-24,text,true,,259,1113,11,11,167,0,0
1789337927937,105,POST /documents,200,OK,Create Document - carga 1-17,text,true,,259,1113,11,11,105,0,0
1789337927895,168,POST /documents,200,OK,Create Document - carga 1-25,text,true,,259,1113,11,11,168,0,0
1789337927909,166,POST /documents,200,OK,Create Document - carga 1-23,text,true,,259,1113,11,11,166,0,0
1789337927945,139,POST /documents,200,OK,Create Document - carga 1-15,text,true,,259,1113,11,11,139,0,0
1789337928007,115,POST /documents,200,OK,Create Document - carga 1-20,text,true,,259,1113,11,11,114,0,0
1789337928009,125,POST /documents,200,OK,Create Document - carga 1-21,text,true,,259,1113,11,11,125,0,0
1789337928035,103,POST /documents,200,OK,Create Document - carga 1-22,text,true,,259,1113,11,11,103,0,0
1789337928052,98,POST /documents,200,OK,Create Document - carga 1-18,text,true,,259,1113,11,11,98,0,0
1789337928049,102,POST /documents,200,OK,Create Document - carga 1-19,text,true,,259,1113,11,11,102,0,0
1789337928027,159,POST /documents,200,OK,Create Document - carga 1-16,text,true,,259,1113,11,11,159,0,0
1789337928071,117,POST /documents,200,OK,Create Document - carga 1-24,text,true,,259,1113,11,11,117,0,0
1789337928103,110,POST /documents,200,OK,Create Document - carga 1-15,text,true,,259,1113,11,11,110,0,0
1789337928109,126,POST /documents,200,OK,Create Document - carga 1-17,text,true,,259,1113,11,11,126,0,0
1789337928142,125,POST /documents,200,OK,Create Document - carga 1-25,text,true,,259,1113,11,11,125,0,0
1789337928171,101,POST /documents,200,OK,Create Document - carga 1-21,text,true,,259,1113,11,11,100,0,0
1789337928145,131,POST /documents,200,OK,Create Document - carga 1-22,text,true,,259,1113,11,11,130,0,0
1789337928175,126,POST /documents,200,OK,Create Document - carga 1-23,text,true,,259,1113,11,11,126,0,0
1789337928199,117,POST /documents,200,OK,Create Document - carga 1-20,text,true,,259,1113,11,11,117,0,0
1789337928232,105,POST /documents,200,OK,Create Document - carga 1-19,text,true,,259,1113,11,11,105,0,0
1789337928241,103,POST /documents,200,OK,Create Document - carga 1-15,text,true,,259,1113,11,11,103,0,0
1789337928248,101,POST /documents,200,OK,Create Document - carga 1-16,text,true,,259,1113,11,11,101,0,0
1789337928250,119,POST /documents,200,OK,Create Document - carga 1-18,text,true,,259,1113,11,11,119,0,0
1789337928271,104,POST /documents,200,OK,Create Document - carga 1-24,text,true,,259,1113,11,11,104,0,0
1789337928327,106,POST /documents,200,OK,Create Document - carga 1-17,text,true,,259,1113,11,11,106,0,0
1789337928328,105,POST /documents,200,OK,Create Document - carga 1-22,text,true,,259,1113,11,11,105,0,0
1789337928356,101,POST /documents,200,OK,Create Document - carga 1-21,text,true,,259,1113,11,11,101,0,0
1789337928355,115,POST /documents,200,OK,Create Document - carga 1-25,text,true,,259,1113,11,11,115,0,0
1789337928364,106,POST /documents,200,OK,Create Document - carga 1-23,text,true,,259,1113,11,11,106,0,0
1789337928366,109,POST /documents,200,OK,Create Document - carga 1-15,text,true,,259,1113,11,11,109,0,0
1789337928362,113,POST /documents,200,OK,Create Document - carga 1-19,text,true,,259,1113,11,11,113,0,0
1789337928397,107,POST /documents,200,OK,Create Document - carga 1-18,text,true,,259,1113,11,11,107,0,0
1789337928408,118,POST /documents,200,OK,Create Document - carga 1-20,text,true,,259,1113,11,11,118,0,0
1789337928423,103,POST /documents,200,OK,Create Document - carga 1-24,text,true,,259,1113,11,11,103,0,0
1789337928395,142,POST /documents,200,OK,Create Document - carga 1-16,text,true,,259,1113,11,11,141,0,0
1789337928435,108,POST /documents,200,OK,Create Document - carga 1-17,text,true,,259,1113,11,11,108,0,0
1789337928463,122,POST /documents,200,OK,Create Document - carga 1-22,text,true,,259,1113,11,11,122,0,0
1789337928472,115,POST /documents,200,OK,Create Document - carga 1-21,text,true,,259,1113,11,11,115,0,0
1789337928476,116,POST /documents,200,OK,Create Document - carga 1-23,text,true,,259,1113,11,11,116,0,0
1789337928499,107,POST /documents,200,OK,Create Document - carga 1-19,text,true,,259,1113,11,11,107,0,0
1789337928527,110,POST /documents,200,OK,Create Document - carga 1-15,text,true,,259,1113,11,11,110,0,0
1789337928549,103,POST /documents,200,OK,Create Document - carga 1-25,text,true,,259,1113,11,11,103,0,0
1789337928552,102,POST /documents,200,OK,Create Document - carga 1-18,text,true,,259,1113,11,11,102,0,0
1789337928625,105,POST /documents,200,OK,Create Document - carga 1-19,text,true,,259,1113,11,11,105,0,0
1789337928613,125,POST /documents,200,OK,Create Document - carga 1-16,text,true,,259,1113,11,11,124,0,0
1789337928644,109,POST /documents,200,OK,Create Document - carga 1-15,text,true,,259,1113,11,11,109,0,0
1789337928625,128,POST /documents,200,OK,Create Document - carga 1-20,text,true,,259,1113,11,11,128,0,0
1789337928703,110,POST /documents,200,OK,Create Document - carga 1-18,text,true,,259,1113,11,11,110,0,0
1789337928722,118,POST /documents,200,OK,Create Document - carga 1-25,text,true,,259,1113,11,11,118,0,0
1789337928625,215,POST /documents,200,OK,Create Document - carga 1-21,text,true,,259,1113,11,11,215,0,0
1789337928621,219,POST /documents,200,OK,Create Document - carga 1-24,text,true,,259,1113,11,11,219,0,0
1789337928799,105,POST /documents,200,OK,Create Document - carga 1-16,text,true,,259,1113,11,11,105,0,0
1789337928636,286,POST /documents,200,OK,Create Document - carga 1-17,text,true,,259,1113,11,11,286,0,0
1789337928819,110,POST /documents,200,OK,Create Document - carga 1-20,text,true,,259,1113,11,11,110,0,0
1789337928666,267,POST /documents,200,OK,Create Document - carga 1-22,text,true,,259,1113,11,11,267,0,0
1789337928682,251,POST /documents,200,OK,Create Document - carga 1-23,text,true,,259,1113,11,11,251,0,0
1789337928774,169,POST /documents,200,OK,Create Document - carga 1-15,text,true,,259,1113,11,11,169,0,0
1789337928890,103,POST /documents,200,OK,Create Document - carga 1-24,text,true,,259,1113,10,10,103,0,0
1789337928763,262,POST /documents,200,OK,Create Document - carga 1-19,text,true,,259,1113,10,10,262,0,0
1789337928929,109,POST /documents,200,OK,Create Document - carga 1-25,text,true,,259,1113,10,10,109,0,0
1789337928899,139,POST /documents,200,OK,Create Document - carga 1-21,text,true,,259,1113,10,10,139,0,0
1789337928949,113,POST /documents,200,OK,Create Document - carga 1-20,text,true,,259,1113,10,10,113,0,0
1789337928956,108,POST /documents,200,OK,Create Document - carga 1-23,text,true,,259,1113,10,10,108,0,0
1789337928905,180,POST /documents,200,OK,Create Document - carga 1-16,text,true,,259,1113,10,10,179,0,0
1789337928964,125,POST /documents,200,OK,Create Document - carga 1-17,text,true,,259,1113,10,10,125,0,0
1789337928910,179,POST /documents,200,OK,Create Document - carga 1-18,text,true,,259,1113,10,10,179,0,0
1789337928993,103,POST /documents,200,OK,Create Document - carga 1-22,text,true,,259,1113,10,10,103,0,0
1789337929010,130,POST /documents,200,OK,Create Document - carga 1-24,text,true,,259,1113,10,10,130,0,0
1789337929086,107,POST /documents,200,OK,Create Document - carga 1-16,text,true,,259,1113,10,10,106,0,0
1789337929071,125,POST /documents,200,OK,Create Document - carga 1-19,text,true,,259,1113,10,10,125,0,0
1789337929098,105,POST /documents,200,OK,Create Document - carga 1-18,text,true,,259,1113,10,10,105,0,0
1789337929094,113,POST /documents,200,OK,Create Document - carga 1-20,text,true,,259,1113,10,10,113,0,0
1789337929136,107,POST /documents,200,OK,Create Document - carga 1-25,text,true,,259,1113,10,10,107,0,0
1789337929149,105,POST /documents,200,OK,Create Document - carga 1-17,text,true,,259,1113,10,10,105,0,0
1789337929163,148,POST /documents,200,OK,Create Document - carga 1-24,text,true,,259,1113,10,10,148,0,0
1789337929125,186,POST /documents,200,OK,Create Document - carga 1-23,text,true,,259,1113,10,10,186,0,0
1789337929135,176,POST /documents,200,OK,Create Document - carga 1-21,text,true,,259,1113,10,10,176,0,0
1789337929179,132,POST /documents,200,OK,Create Document - carga 1-22,text,true,,259,1113,10,10,132,0,0
1789337929265,102,POST /documents,200,OK,Create Document - carga 1-17,text,true,,259,1113,10,10,102,0,0
1789337929269,106,POST /documents,200,OK,Create Document - carga 1-16,text,true,,259,1113,10,10,106,0,0
1789337929263,124,POST /documents,200,OK,Create Document - carga 1-18,text,true,,259,1113,10,10,124,0,0
1789337929206,185,POST /documents,200,OK,Create Document - carga 1-19,text,true,,259,1113,10,10,185,0,0
1789337929275,116,POST /documents,200,OK,Create Document - carga 1-20,text,true,,259,1113,10,10,116,0,0
1789337929317,121,POST /documents,200,OK,Create Document - carga 1-21,text,true,,259,1113,10,10,121,0,0
1789337929285,170,POST /documents,200,OK,Create Document - carga 1-25,text,true,,259,1113,10,10,170,0,0
1789337929315,172,POST /documents,200,OK,Create Document - carga 1-23,text,true,,259,1113,10,10,171,0,0
1789337929337,161,POST /documents,200,OK,Create Document - carga 1-22,text,true,,259,1113,10,10,161,0,0
1789337929394,104,POST /documents,200,OK,Create Document - carga 1-16,text,true,,259,1113,10,10,104,0,0
1789337929396,142,POST /documents,200,OK,Create Document - carga 1-24,text,true,,259,1113,10,10,142,0,0
1789337929425,114,POST /documents,200,OK,Create Document - carga 1-17,text,true,,259,1113,10,10,114,0,0
1789337929471,110,POST /documents,200,OK,Create Document - carga 1-21,text,true,,259,1113,10,10,110,0,0
1789337929429,155,POST /documents,200,OK,Create Document - carga 1-18,text,true,,259,1113,10,10,154,0,0
1789337929443,155,POST /documents,200,OK,Create Document - carga 1-20,text,true,,259,1113,10,10,155,0,0
1789337929529,111,POST /documents,200,OK,Create Document - carga 1-25,text,true,,259,1113,10,10,111,0,0
1789337929545,109,POST /documents,200,OK,Create Document - carga 1-23,text,true,,259,1113,10,10,109,0,0
1789337929478,184,POST /documents,200,OK,Create Document - carga 1-19,text,true,,259,1113,10,10,184,0,0
1789337929560,129,POST /documents,200,OK,Create Document - carga 1-16,text,true,,259,1113,10,10,127,0,0
1789337929592,135,POST /documents,200,OK,Create Document - carga 1-21,text,true,,259,1113,10,10,135,0,0
1789337929598,135,POST /documents,200,OK,Create Document - carga 1-22,text,true,,259,1113,10,10,135,0,0
1789337929608,145,POST /documents,200,OK,Create Document - carga 1-20,text,true,,259,1113,10,10,145,0,0
1789337929610,174,POST /documents,200,OK,Create Document - carga 1-17,text,true,,259,1113,10,10,174,0,0
1789337929638,149,POST /documents,200,OK,Create Document - carga 1-24,text,true,,259,1113,10,10,149,0,0
1789337929682,154,POST /documents,200,OK,Create Document - carga 1-18,text,true,,259,1113,10,10,154,0,0
1789337929717,121,POST /documents,200,OK,Create Document - carga 1-16,text,true,,259,1113,10,10,121,0,0
1789337929675,204,POST /documents,200,OK,Create Document - carga 1-19,text,true,,259,1113,9,9,204,0,0
1789337929740,155,POST /documents,200,OK,Create Document - carga 1-22,text,true,,259,1113,9,9,155,0,0
1789337929791,147,POST /documents,200,OK,Create Document - carga 1-17,text,true,,259,1113,9,9,147,0,0
1789337929824,114,POST /documents,200,OK,Create Document - carga 1-21,text,true,,259,1113,9,9,114,0,0
1789337929787,153,POST /documents,200,OK,Create Document - carga 1-24,text,true,,259,1113,9,9,153,0,0
1789337929721,236,POST /documents,200,OK,Create Document - carga 1-25,text,true,,259,1113,9,9,236,0,0
1789337929722,260,POST /documents,200,OK,Create Document - carga 1-23,text,true,,259,1113,9,9,260,0,0
1789337929790,218,POST /documents,200,OK,Create Document - carga 1-20,text,true,,259,1113,9,9,218,0,0
1789337929912,127,POST /documents,200,OK,Create Document - carga 1-22,text,true,,259,1113,9,9,127,0,0
1789337929924,154,POST /documents,200,OK,Create Document - carga 1-19,text,true,,259,1113,9,9,146,0,0
1789337929941,142,POST /documents,200,OK,Create Document - carga 1-24,text,true,,259,1113,9,9,142,0,0
1789337929925,158,POST /documents,200,OK,Create Document - carga 1-18,text,true,,259,1113,9,9,158,0,0
1789337929994,114,POST /documents,200,OK,Create Document - carga 1-21,text,true,,259,1113,9,9,113,0,0
1789337930015,106,POST /documents,200,OK,Create Document - carga 1-17,text,true,,259,1113,9,9,104,0,0
1789337930070,114,POST /documents,200,OK,Create Document - carga 1-20,text,true,,259,1113,9,9,114,0,0
1789337930034,154,POST /documents,200,OK,Create Document - carga 1-25,text,true,,259,1113,9,9,154,0,0
1789337930079,116,POST /documents,200,OK,Create Document - carga 1-23,text,true,,259,1113,9,9,116,0,0
1789337930097,108,POST /documents,200,OK,Create Document - carga 1-24,text,true,,259,1113,9,9,108,0,0
1789337930149,106,POST /documents,200,OK,Create Document - carga 1-17,text,true,,259,1113,9,9,106,0,0
1789337930131,124,POST /documents,200,OK,Create Document - carga 1-19,text,true,,259,1113,9,9,124,0,0
1789337930121,149,POST /documents,200,OK,Create Document - carga 1-22,text,true,,259,1113,9,9,149,0,0
1789337930162,111,POST /documents,200,OK,Create Document - carga 1-21,text,true,,259,1113,9,9,105,0,0
1789337930168,114,POST /documents,200,OK,Create Document - carga 1-18,text,true,,259,1113,9,9,114,0,0
1789337930195,106,POST /documents,200,OK,Create Document - carga 1-25,text,true,,259,1113,9,9,106,0,0
1789337930193,120,POST /documents,200,OK,Create Document - carga 1-20,text,true,,259,1113,9,9,119,0,0
1789337930239,110,POST /documents,200,OK,Create Document - carga 1-23,text,true,,259,1113,9,9,110,0,0
1789337930252,118,POST /documents,200,OK,Create Document - carga 1-24,text,true,,259,1113,9,9,118,0,0
1789337930284,108,POST /documents,200,OK,Create Document - carga 1-17,text,true,,259,1113,9,9,108,0,0
1789337930313,127,POST /documents,200,OK,Create Document - carga 1-20,text,true,,259,1113,9,9,127,0,0
1789337930323,126,POST /documents,200,OK,Create Document - carga 1-22,text,true,,259,1113,9,9,126,0,0
1789337930348,107,POST /documents,200,OK,Create Document - carga 1-19,text,true,,259,1113,9,9,107,0,0
1789337930342,140,POST /documents,200,OK,Create Document - carga 1-21,text,true,,259,1113,9,9,140,0,0
1789337930380,102,POST /documents,200,OK,Create Document - carga 1-18,text,true,,259,1113,9,9,102,0,0
1789337930349,138,POST /documents,200,OK,Create Document - carga 1-25,text,true,,259,1113,9,9,138,0,0
1789337930402,105,POST /documents,200,OK,Create Document - carga 1-24,text,true,,259,1113,9,9,105,0,0
1789337930428,107,POST /documents,200,OK,Create Document - carga 1-23,text,true,,259,1113,9,9,107,0,0
1789337930415,157,POST /documents,200,OK,Create Document - carga 1-17,text,true,,259,1113,9,9,157,0,0
1789337930476,110,POST /documents,200,OK,Create Document - carga 1-22,text,true,,259,1113,9,9,110,0,0
1789337930501,104,POST /documents,200,OK,Create Document - carga 1-19,text,true,,259,1113,9,9,104,0,0
1789337930498,121,POST /documents,200,OK,Create Document - carga 1-20,text,true,,259,1113,9,9,121,0,0
1789337930516,106,POST /documents,200,OK,Create Document - carga 1-25,text,true,,259,1113,9,9,105,0,0
1789337930547,112,POST /documents,200,OK,Create Document - carga 1-21,text,true,,259,1113,9,9,112,0,0
1789337930540,119,POST /documents,200,OK,Create Document - carga 1-18,text,true,,259,1113,9,9,119,0,0
1789337930576,120,POST /documents,200,OK,Create Document - carga 1-24,text,true,,259,1113,9,9,120,0,0
1789337930605,104,POST /documents,200,OK,Create Document - carga 1-19,text,true,,259,1113,9,9,104,0,0
1789337930616,110,POST /documents,200,OK,Create Document - carga 1-17,text,true,,259,1113,9,9,110,0,0
1789337930621,106,POST /documents,200,OK,Create Document - carga 1-22,text,true,,259,1113,9,9,106,0,0
1789337930621,107,POST /documents,200,OK,Create Document - carga 1-23,text,true,,259,1113,9,9,107,0,0
1789337930703,115,POST /documents,200,OK,Create Document - carga 1-20,text,true,,259,1113,9,9,115,0,0
1789337930716,104,POST /documents,200,OK,Create Document - carga 1-18,text,true,,259,1113,9,9,104,0,0
1789337930719,108,POST /documents,200,OK,Create Document - carga 1-25,text,true,,259,1113,9,9,108,0,0
1789337930735,102,POST /documents,200,OK,Create Document - carga 1-21,text,true,,259,1113,9,9,102,0,0
1789337930766,109,POST /documents,200,OK,Create Document - carga 1-17,text,true,,259,1113,9,9,109,0,0
1789337930781,111,POST /documents,200,OK,Create Document - carga 1-24,text,true,,259,1113,9,9,111,0,0
1789337930801,108,POST /documents,200,OK,Create Document - carga 1-22,text,true,,259,1113,9,9,107,0,0
1789337930803,108,POST /documents,200,OK,Create Document - carga 1-23,text,true,,259,1113,9,9,108,0,0
1789337930808,119,POST /documents,200,OK,Create Document - carga 1-19,text,true,,259,1113,9,9,119,0,0
1789337930845,103,POST /documents,200,OK,Create Document - carga 1-18,text,true,,259,1113,9,9,103,0,0
1789337930847,105,POST /documents,200,OK,Create Document - carga 1-25,text,true,,259,1113,9,9,105,0,0
1789337930874,113,POST /documents,200,OK,Create Document - carga 1-21,text,true,,259,1113,9,9,113,0,0
1789337930886,102,POST /documents,200,OK,Create Document - carga 1-17,text,true,,259,1113,9,9,102,0,0
1789337930902,107,POST /documents,200,OK,Create Document - carga 1-24,text,true,,259,1113,9,9,107,0,0
1789337930916,117,POST /documents,200,OK,Create Document - carga 1-20,text,true,,259,1113,9,9,117,0,0
1789337930940,106,POST /documents,200,OK,Create Document - carga 1-23,text,true,,259,1113,9,9,106,0,0
1789337930966,101,POST /documents,200,OK,Create Document - carga 1-18,text,true,,259,1113,9,9,101,0,0
1789337930998,110,POST /documents,200,OK,Create Document - carga 1-25,text,true,,259,1113,9,9,110,0,0
1789337931002,123,POST /documents,200,OK,Create Document - carga 1-22,text,true,,259,1113,9,9,123,0,0
1789337931005,126,POST /documents,200,OK,Create Document - carga 1-19,text,true,,259,1113,9,9,126,0,0
1789337931026,105,POST /documents,200,OK,Create Document - carga 1-17,text,true,,259,1113,9,9,105,0,0
1789337931035,106,POST /documents,200,OK,Create Document - carga 1-24,text,true,,259,1113,9,9,106,0,0
1789337931046,112,POST /documents,200,OK,Create Document - carga 1-20,text,true,,259,1113,9,9,112,0,0
1789337931074,114,POST /documents,200,OK,Create Document - carga 1-18,text,true,,259,1113,9,9,114,0,0
1789337931074,118,POST /documents,200,OK,Create Document - carga 1-21,text,true,,259,1113,9,9,118,0,0
1789337931147,115,POST /documents,200,OK,Create Document - carga 1-19,text,true,,259,1113,9,9,115,0,0
1789337931158,130,POST /documents,200,OK,Create Document - carga 1-24,text,true,,259,1113,9,9,113,0,0
1789337931201,135,POST /documents,200,OK,Create Document - carga 1-21,text,true,,259,1113,9,9,135,0,0
1789337931201,140,POST /documents,200,OK,Create Document - carga 1-17,text,true,,259,1113,9,9,140,0,0
1789337931142,213,POST /documents,200,OK,Create Document - carga 1-23,text,true,,259,1113,9,9,213,0,0
1789337931149,212,POST /documents,200,OK,Create Document - carga 1-25,text,true,,259,1113,9,9,212,0,0
1789337931208,173,POST /documents,200,OK,Create Document - carga 1-22,text,true,,259,1113,9,9,173,0,0
1789337931202,189,POST /documents,200,OK,Create Document - carga 1-20,text,true,,259,1113,9,9,189,0,0
1789337931283,109,POST /documents,200,OK,Create Document - carga 1-18,text,true,,259,1113,9,9,108,0,0
1789337931305,157,POST /documents,200,OK,Create Document - carga 1-19,text,true,,259,1113,9,9,157,0,0
1789337931350,113,POST /documents,200,OK,Create Document - carga 1-24,text,true,,259,1113,9,9,113,0,0
1789337931350,116,POST /documents,200,OK,Create Document - carga 1-17,text,true,,259,1113,9,9,116,0,0
1789337931385,105,POST /documents,200,OK,Create Document - carga 1-21,text,true,,259,1113,9,9,105,0,0
1789337931419,115,POST /documents,200,OK,Create Document - carga 1-18,text,true,,259,1113,9,9,115,0,0
1789337931419,130,POST /documents,200,OK,Create Document - carga 1-20,text,true,,259,1113,9,9,130,0,0
1789337931390,170,POST /documents,200,OK,Create Document - carga 1-23,text,true,,259,1113,9,9,170,0,0
1789337931455,113,POST /documents,200,OK,Create Document - carga 1-22,text,true,,259,1113,9,9,113,0,0
1789337931417,171,POST /documents,200,OK,Create Document - carga 1-25,text,true,,259,1113,9,9,171,0,0
1789337931505,106,POST /documents,200,OK,Create Document - carga 1-24,text,true,,259,1113,9,9,106,0,0
1789337931490,137,POST /documents,200,OK,Create Document - carga 1-19,text,true,,259,1113,9,9,137,0,0
1789337931591,110,POST /documents,200,OK,Create Document - carga 1-18,text,true,,259,1113,9,9,110,0,0
1789337931645,104,POST /documents,200,OK,Create Document - carga 1-24,text,true,,259,1113,9,9,104,0,0
1789337931668,104,POST /documents,200,OK,Create Document - carga 1-19,text,true,,259,1113,9,9,104,0,0
1789337931556,226,POST /documents,200,OK,Create Document - carga 1-21,text,true,,259,1113,9,9,226,0,0
1789337931564,219,POST /documents,200,OK,Create Document - carga 1-17,text,true,,259,1113,9,9,219,0,0
1789337931733,101,POST /documents,200,OK,Create Document - carga 1-18,text,true,,259,1113,9,9,101,0,0
1789337931656,228,POST /documents,200,OK,Create Document - carga 1-23,text,true,,259,1113,9,9,228,0,0
1789337931660,230,POST /documents,200,OK,Create Document - carga 1-22,text,true,,259,1113,9,9,230,0,0
1789337931633,275,POST /documents,200,OK,Create Document - carga 1-20,text,true,,259,1113,9,9,275,0,0
1789337931821,114,POST /documents,200,OK,Create Document - carga 1-21,text,true,,259,1113,9,9,113,0,0
1789337931673,283,POST /documents,200,OK,Create Document - carga 1-25,text,true,,259,1113,9,9,283,0,0
1789337931851,139,POST /documents,200,OK,Create Document - carga 1-19,text,true,,259,1113,9,9,139,0,0
1789337931839,151,POST /documents,200,OK,Create Document - carga 1-17,text,true,,259,1113,9,9,151,0,0
1789337931845,145,POST /documents,200,OK,Create Document - carga 1-24,text,true,,259,1113,9,9,145,0,0
1789337931931,103,POST /documents,200,OK,Create Document - carga 1-23,text,true,,259,1113,9,9,103,0,0
1789337931859,175,POST /documents,200,OK,Create Document - carga 1-18,text,true,,259,1113,9,9,175,0,0
1789337931980,109,POST /documents,200,OK,Create Document - carga 1-25,text,true,,259,1113,9,9,109,0,0
1789337931976,161,POST /documents,200,OK,Create Document - carga 1-21,text,true,,259,1113,9,9,161,0,0
1789337932020,118,POST /documents,200,OK,Create Document - carga 1-17,text,true,,259,1113,9,9,118,0,0
1789337931976,168,POST /documents,200,OK,Create Document - carga 1-22,text,true,,259,1113,9,9,168,0,0
1789337931993,161,POST /documents,200,OK,Create Document - carga 1-20,text,true,,259,1113,9,9,161,0,0
1789337932082,118,POST /documents,200,OK,Create Document - carga 1-18,text,true,,259,1113,9,9,118,0,0
1789337932076,157,POST /documents,200,OK,Create Document - carga 1-24,text,true,,259,1113,9,9,157,0,0
1789337932054,182,POST /documents,200,OK,Create Document - carga 1-19,text,true,,259,1113,9,9,182,0,0
1789337932131,113,POST /documents,200,OK,Create Document - carga 1-23,text,true,,259,1113,9,9,112,0,0
1789337932188,114,POST /documents,200,OK,Create Document - carga 1-25,text,true,,259,1113,9,9,114,0,0
1789337932191,112,POST /documents,200,OK,Create Document - carga 1-22,text,true,,259,1113,9,9,111,0,0
1789337932209,109,POST /documents,200,OK,Create Document - carga 1-17,text,true,,259,1113,9,9,109,0,0
1789337932237,106,POST /documents,200,OK,Create Document - carga 1-21,text,true,,259,1113,9,9,106,0,0
1789337932236,114,POST /documents,200,OK,Create Document - carga 1-20,text,true,,259,1113,9,9,114,0,0
1789337932270,112,POST /documents,200,OK,Create Document - carga 1-19,text,true,,259,1113,9,9,112,0,0
1789337932270,113,POST /documents,200,OK,Create Document - carga 1-23,text,true,,259,1113,9,9,113,0,0
1789337932307,111,POST /documents,200,OK,Create Document - carga 1-24,text,true,,259,1113,9,9,111,0,0
1789337932269,170,POST /documents,200,OK,Create Document - carga 1-18,text,true,,259,1113,9,9,169,0,0
1789337932333,109,POST /documents,200,OK,Create Document - carga 1-25,text,true,,259,1113,9,9,109,0,0
1789337932427,110,POST /documents,200,OK,Create Document - carga 1-21,text,true,,259,1113,9,9,110,0,0
1789337932463,106,POST /documents,200,OK,Create Document - carga 1-18,text,true,,259,1113,9,9,106,0,0
1789337932499,109,POST /documents,200,OK,Create Document - carga 1-25,text,true,,259,1113,9,9,108,0,0
1789337932351,271,POST /documents,200,OK,Create Document - carga 1-22,text,true,,259,1113,9,9,271,0,0
1789337932396,226,POST /documents,200,OK,Create Document - carga 1-17,text,true,,259,1113,9,9,226,0,0
1789337932430,195,POST /documents,200,OK,Create Document - carga 1-24,text,true,,259,1113,9,9,195,0,0
1789337932367,270,POST /documents,200,OK,Create Document - carga 1-20,text,true,,259,1113,9,9,270,0,0
1789337932581,108,POST /documents,200,OK,Create Document - carga 1-18,text,true,,259,1113,9,9,108,0,0
1789337932457,266,POST /documents,200,OK,Create Document - carga 1-19,text,true,,259,1113,9,9,266,0,0
1789337932474,250,POST /documents,200,OK,Create Document - carga 1-23,text,true,,259,1113,9,9,250,0,0
1789337932585,155,POST /documents,200,OK,Create Document - carga 1-21,text,true,,259,1113,9,9,155,0,0
1789337932639,111,POST /documents,200,OK,Create Document - carga 1-25,text,true,,259,1113,9,9,111,0,0
1789337932668,103,POST /documents,200,OK,Create Document - carga 1-24,text,true,,259,1113,9,9,103,0,0
1789337932706,105,POST /documents,200,OK,Create Document - carga 1-22,text,true,,259,1113,9,9,105,0,0
1789337932705,115,POST /documents,200,OK,Create Document - carga 1-20,text,true,,259,1113,9,9,114,0,0
1789337932729,104,POST /documents,200,OK,Create Document - carga 1-23,text,true,,259,1113,9,9,104,0,0
1789337932790,111,POST /documents,200,OK,Create Document - carga 1-25,text,true,,259,1113,9,9,111,0,0
1789337932666,264,POST /documents,200,OK,Create Document - carga 1-17,text,true,,259,1113,9,9,263,0,0
1789337932778,157,POST /documents,200,OK,Create Document - carga 1-18,text,true,,259,1113,9,9,156,0,0
1789337932754,184,POST /documents,200,OK,Create Document - carga 1-19,text,true,,259,1113,9,9,184,0,0
1789337932825,127,POST /documents,200,OK,Create Document - carga 1-20,text,true,,259,1113,9,9,126,0,0
1789337932808,217,POST /documents,200,OK,Create Document - carga 1-21,text,true,,259,1113,9,9,217,0,0
1789337932837,207,POST /documents,200,OK,Create Document - carga 1-22,text,true,,259,1113,9,9,207,0,0
1789337932922,122,POST /documents,200,OK,Create Document - carga 1-23,text,true,,259,1113,9,9,122,0,0
1789337932771,273,POST /documents,200,OK,Create Document - carga 1-24,text,true,,259,1113,9,9,273,0,0
1789337932953,108,POST /documents,200,OK,Create Document - carga 1-25,text,true,,259,1113,9,9,108,0,0
1789337932984,108,POST /documents,200,OK,Create Document - carga 1-18,text,true,,259,1113,9,9,108,0,0
1789337932951,185,POST /documents,200,OK,Create Document - carga 1-17,text,true,,259,1113,9,9,185,0,0
1789337933026,111,POST /documents,200,OK,Create Document - carga 1-19,text,true,,259,1113,9,9,111,0,0
1789337933020,123,POST /documents,200,OK,Create Document - carga 1-20,text,true,,259,1113,9,9,123,0,0
1789337933049,105,POST /documents,200,OK,Create Document - carga 1-23,text,true,,259,1113,9,9,105,0,0
1789337933063,104,POST /documents,200,OK,Create Document - carga 1-21,text,true,,259,1113,9,9,104,0,0
1789337933097,108,POST /documents,200,OK,Create Document - carga 1-24,text,true,,259,1113,9,9,108,0,0
1789337933105,118,POST /documents,200,OK,Create Document - carga 1-18,text,true,,259,1113,9,9,118,0,0
1789337933137,103,POST /documents,200,OK,Create Document - carga 1-25,text,true,,259,1113,9,9,103,0,0
1789337933136,110,POST /documents,200,OK,Create Document - carga 1-22,text,true,,259,1113,9,9,110,0,0
1789337933161,107,POST /documents,200,OK,Create Document - carga 1-23,text,true,,259,1113,9,9,107,0,0
1789337933193,131,POST /documents,200,OK,Create Document - carga 1-20,text,true,,259,1113,9,9,131,0,0
1789337933210,118,POST /documents,200,OK,Create Document - carga 1-17,text,true,,259,1113,9,9,118,0,0
1789337933228,106,POST /documents,200,OK,Create Document - carga 1-19,text,true,,259,1113,8,8,106,0,0
1789337933240,105,POST /documents,200,OK,Create Document - carga 1-21,text,true,,259,1113,8,8,105,0,0
1789337933249,102,POST /documents,200,OK,Create Document - carga 1-24,text,true,,259,1113,8,8,102,0,0
1789337933266,113,POST /documents,200,OK,Create Document - carga 1-25,text,true,,259,1113,8,8,113,0,0
1789337933316,106,POST /documents,200,OK,Create Document - carga 1-22,text,true,,259,1113,8,8,106,0,0
1789337933313,110,POST /documents,200,OK,Create Document - carga 1-18,text,true,,259,1113,8,8,110,0,0
1789337933337,108,POST /documents,200,OK,Create Document - carga 1-19,text,true,,259,1113,8,8,108,0,0
1789337933344,117,POST /documents,200,OK,Create Document - carga 1-20,text,true,,259,1113,8,8,116,0,0
1789337933361,107,POST /documents,200,OK,Create Document - carga 1-23,text,true,,259,1113,8,8,106,0,0
1789337933365,108,POST /documents,200,OK,Create Document - carga 1-24,text,true,,259,1113,8,8,108,0,0
1789337933390,105,POST /documents,200,OK,Create Document - carga 1-21,text,true,,259,1113,8,8,105,0,0
1789337933394,105,POST /documents,200,OK,Create Document - carga 1-25,text,true,,259,1113,8,8,105,0,0
1789337933497,106,POST /documents,200,OK,Create Document - carga 1-19,text,true,,259,1113,8,8,106,0,0
1789337933506,103,POST /documents,200,OK,Create Document - carga 1-23,text,true,,259,1113,8,8,103,0,0
1789337933504,107,POST /documents,200,OK,Create Document - carga 1-22,text,true,,259,1113,8,8,107,0,0
1789337933511,105,POST /documents,200,OK,Create Document - carga 1-18,text,true,,259,1113,8,8,105,0,0
1789337933530,112,POST /documents,200,OK,Create Document - carga 1-21,text,true,,259,1113,7,7,112,0,0
1789337933543,107,POST /documents,200,OK,Create Document - carga 1-25,text,true,,259,1113,7,7,106,0,0
1789337933538,120,POST /documents,200,OK,Create Document - carga 1-20,text,true,,259,1113,7,7,120,0,0
1789337933567,107,POST /documents,200,OK,Create Document - carga 1-24,text,true,,259,1113,7,7,107,0,0
1789337933630,115,POST /documents,200,OK,Create Document - carga 1-19,text,true,,259,1113,7,7,115,0,0
1789337933652,107,POST /documents,200,OK,Create Document - carga 1-23,text,true,,259,1113,7,7,106,0,0
1789337933682,112,POST /documents,200,OK,Create Document - carga 1-20,text,true,,259,1113,7,7,112,0,0
1789337933702,106,POST /documents,200,OK,Create Document - carga 1-22,text,true,,259,1113,7,7,106,0,0
1789337933727,101,POST /documents,200,OK,Create Document - carga 1-21,text,true,,259,1113,7,7,100,0,0
1789337933723,106,POST /documents,200,OK,Create Document - carga 1-25,text,true,,259,1113,7,7,106,0,0
1789337933729,105,POST /documents,200,OK,Create Document - carga 1-24,text,true,,259,1113,7,7,105,0,0
1789337933808,102,POST /documents,200,OK,Create Document - carga 1-19,text,true,,259,1113,7,7,102,0,0
1789337933802,108,POST /documents,200,OK,Create Document - carga 1-23,text,true,,259,1113,7,7,108,0,0
1789337933817,116,POST /documents,200,OK,Create Document - carga 1-20,text,true,,259,1113,7,7,116,0,0
1789337933872,111,POST /documents,200,OK,Create Document - carga 1-22,text,true,,259,1113,7,7,111,0,0
1789337933885,108,POST /documents,200,OK,Create Document - carga 1-24,text,true,,259,1113,7,7,108,0,0
1789337933904,108,POST /documents,200,OK,Create Document - carga 1-25,text,true,,259,1113,7,7,108,0,0
1789337933928,106,POST /documents,200,OK,Create Document - carga 1-21,text,true,,259,1113,7,7,106,0,0
1789337933981,104,POST /documents,200,OK,Create Document - carga 1-23,text,true,,259,1113,7,7,104,0,0
1789337933993,107,POST /documents,200,OK,Create Document - carga 1-19,text,true,,259,1113,7,7,107,0,0
1789337933986,114,POST /documents,200,OK,Create Document - carga 1-20,text,true,,259,1113,7,7,114,0,0
1789337934003,109,POST /documents,200,OK,Create Document - carga 1-24,text,true,,259,1113,7,7,109,0,0
1789337934045,107,POST /documents,200,OK,Create Document - carga 1-25,text,true,,259,1113,7,7,106,0,0
1789337934079,102,POST /documents,200,OK,Create Document - carga 1-21,text,true,,259,1113,7,7,102,0,0
1789337934068,113,POST /documents,200,OK,Create Document - carga 1-22,text,true,,259,1113,7,7,113,0,0
1789337934124,109,POST /documents,200,OK,Create Document - carga 1-24,text,true,,259,1113,7,7,109,0,0
1789337934129,117,POST /documents,200,OK,Create Document - carga 1-19,text,true,,259,1113,7,7,117,0,0
1789337934159,106,POST /documents,200,OK,Create Document - carga 1-23,text,true,,259,1113,7,7,106,0,0
1789337934163,107,POST /documents,200,OK,Create Document - carga 1-25,text,true,,259,1113,7,7,107,0,0
1789337934169,117,POST /documents,200,OK,Create Document - carga 1-20,text,true,,259,1113,7,7,117,0,0
1789337934200,99,POST /documents,200,OK,Create Document - carga 1-21,text,true,,259,1113,7,7,99,0,0
1789337934188,112,POST /documents,200,OK,Create Document - carga 1-22,text,true,,259,1113,7,7,112,0,0
1789337934266,108,POST /documents,200,OK,Create Document - carga 1-24,text,true,,259,1113,7,7,108,0,0
1789337934291,110,POST /documents,200,OK,Create Document - carga 1-23,text,true,,259,1113,7,7,110,0,0
1789337934336,106,POST /documents,200,OK,Create Document - carga 1-19,text,true,,259,1113,7,7,105,0,0
1789337934346,102,POST /documents,200,OK,Create Document - carga 1-21,text,true,,259,1113,7,7,102,0,0
1789337934340,114,POST /documents,200,OK,Create Document - carga 1-20,text,true,,259,1113,7,7,114,0,0
1789337934365,108,POST /documents,200,OK,Create Document - carga 1-25,text,true,,259,1113,7,7,108,0,0
1789337934378,108,POST /documents,200,OK,Create Document - carga 1-24,text,true,,259,1113,7,7,108,0,0
1789337934375,111,POST /documents,200,OK,Create Document - carga 1-22,text,true,,259,1113,7,7,111,0,0
1789337934475,105,POST /documents,200,OK,Create Document - carga 1-21,text,true,,259,1113,7,7,105,0,0
1789337934474,107,POST /documents,200,OK,Create Document - carga 1-19,text,true,,259,1113,7,7,107,0,0
1789337934472,116,POST /documents,200,OK,Create Document - carga 1-20,text,true,,259,1113,7,7,116,0,0
1789337934480,108,POST /documents,200,OK,Create Document - carga 1-23,text,true,,259,1113,7,7,108,0,0
1789337934537,111,POST /documents,200,OK,Create Document - carga 1-24,text,true,,259,1113,7,7,111,0,0
1789337934572,108,POST /documents,200,OK,Create Document - carga 1-25,text,true,,259,1113,7,7,108,0,0
1789337934575,106,POST /documents,200,OK,Create Document - carga 1-22,text,true,,259,1113,7,7,106,0,0
1789337934586,106,POST /documents,200,OK,Create Document - carga 1-19,text,true,,259,1113,7,7,106,0,0
1789337934632,107,POST /documents,200,OK,Create Document - carga 1-21,text,true,,259,1113,7,7,107,0,0
1789337934678,105,POST /documents,200,OK,Create Document - carga 1-23,text,true,,259,1113,7,7,105,0,0
1789337934666,123,POST /documents,200,OK,Create Document - carga 1-20,text,true,,259,1113,7,7,121,0,0
1789337934691,107,POST /documents,200,OK,Create Document - carga 1-24,text,true,,259,1113,7,7,107,0,0
1789337934729,104,POST /documents,200,OK,Create Document - carga 1-22,text,true,,259,1113,7,7,104,0,0
1789337934726,107,POST /documents,200,OK,Create Document - carga 1-19,text,true,,259,1113,7,7,107,0,0
1789337934746,116,POST /documents,200,OK,Create Document - carga 1-21,text,true,,259,1113,7,7,116,0,0
1789337934752,114,POST /documents,200,OK,Create Document - carga 1-25,text,true,,259,1113,7,7,114,0,0
1789337934845,113,POST /documents,200,OK,Create Document - carga 1-20,text,true,,259,1113,7,7,112,0,0
1789337934852,106,POST /documents,200,OK,Create Document - carga 1-24,text,true,,259,1113,7,7,105,0,0
1789337934868,110,POST /documents,200,OK,Create Document - carga 1-22,text,true,,259,1113,7,7,110,0,0
1789337934874,114,POST /documents,200,OK,Create Document - carga 1-23,text,true,,259,1113,7,7,114,0,0
1789337934922,109,POST /documents,200,OK,Create Document - carga 1-19,text,true,,259,1113,7,7,109,0,0
1789337934948,112,POST /documents,200,OK,Create Document - carga 1-25,text,true,,259,1113,7,7,112,0,0
1789337934946,115,POST /documents,200,OK,Create Document - carga 1-21,text,true,,259,1113,7,7,115,0,0
1789337935008,117,POST /documents,200,OK,Create Document - carga 1-20,text,true,,259,1113,7,7,117,0,0
1789337935022,107,POST /documents,200,OK,Create Document - carga 1-24,text,true,,259,1113,7,7,107,0,0
1789337935035,104,POST /documents,200,OK,Create Document - carga 1-23,text,true,,259,1113,7,7,104,0,0
1789337935037,104,POST /documents,200,OK,Create Document - carga 1-19,text,true,,259,1113,7,7,104,0,0
1789337935064,107,POST /documents,200,OK,Create Document - carga 1-22,text,true,,259,1113,7,7,107,0,0
1789337935116,107,POST /documents,200,OK,Create Document - carga 1-25,text,true,,259,1113,7,7,107,0,0
1789337935156,115,POST /documents,200,OK,Create Document - carga 1-21,text,true,,259,1113,7,7,115,0,0
1789337935170,112,POST /documents,200,OK,Create Document - carga 1-24,text,true,,259,1113,7,7,112,0,0
1789337935177,108,POST /documents,200,OK,Create Document - carga 1-23,text,true,,259,1113,7,7,108,0,0
1789337935188,110,POST /documents,200,OK,Create Document - carga 1-19,text,true,,259,1113,7,7,110,0,0
1789337935186,113,POST /documents,200,OK,Create Document - carga 1-20,text,true,,259,1113,7,7,112,0,0
1789337935216,107,POST /documents,200,OK,Create Document - carga 1-22,text,true,,259,1113,7,7,107,0,0
1789337935229,108,POST /documents,200,OK,Create Document - carga 1-25,text,true,,259,1113,7,7,108,0,0
1789337935292,107,POST /documents,200,OK,Create Document - carga 1-24,text,true,,259,1113,7,7,107,0,0
1789337935345,103,POST /documents,200,OK,Create Document - carga 1-21,text,true,,259,1113,7,7,103,0,0
1789337935363,108,POST /documents,200,OK,Create Document - carga 1-25,text,true,,259,1113,7,7,107,0,0
1789337935374,104,POST /documents,200,OK,Create Document - carga 1-23,text,true,,259,1113,7,7,104,0,0
1789337935372,107,POST /documents,200,OK,Create Document - carga 1-19,text,true,,259,1113,7,7,106,0,0
1789337935392,119,POST /documents,200,OK,Create Document - carga 1-20,text,true,,259,1113,7,7,119,0,0
1789337935407,107,POST /documents,200,OK,Create Document - carga 1-22,text,true,,259,1113,7,7,107,0,0
1789337935452,104,POST /documents,200,OK,Create Document - carga 1-21,text,true,,259,1113,7,7,104,0,0
1789337935496,110,POST /documents,200,OK,Create Document - carga 1-25,text,true,,259,1113,7,7,110,0,0
1789337935502,109,POST /documents,200,OK,Create Document - carga 1-24,text,true,,259,1113,7,7,109,0,0
1789337935572,107,POST /documents,200,OK,Create Document - carga 1-19,text,true,,259,1113,7,7,107,0,0
1789337935572,112,POST /documents,200,OK,Create Document - carga 1-23,text,true,,259,1113,7,7,112,0,0
1789337935581,112,POST /documents,200,OK,Create Document - carga 1-22,text,true,,259,1113,7,7,112,0,0
1789337935583,117,POST /documents,200,OK,Create Document - carga 1-20,text,true,,259,1113,7,7,117,0,0
1789337935627,111,POST /documents,200,OK,Create Document - carga 1-21,text,true,,259,1113,7,7,111,0,0
1789337935636,109,POST /documents,200,OK,Create Document - carga 1-24,text,true,,259,1113,7,7,109,0,0
1789337935695,109,POST /documents,200,OK,Create Document - carga 1-25,text,true,,259,1113,7,7,109,0,0
1789337935713,105,POST /documents,200,OK,Create Document - carga 1-22,text,true,,259,1113,7,7,105,0,0
1789337935734,108,POST /documents,200,OK,Create Document - carga 1-19,text,true,,259,1113,7,7,108,0,0
1789337935728,114,POST /documents,200,OK,Create Document - carga 1-20,text,true,,259,1113,7,7,114,0,0
1789337935749,106,POST /documents,200,OK,Create Document - carga 1-23,text,true,,259,1113,7,7,106,0,0
1789337935777,105,POST /documents,200,OK,Create Document - carga 1-21,text,true,,259,1113,7,7,105,0,0
1789337935777,110,POST /documents,200,OK,Create Document - carga 1-24,text,true,,259,1113,7,7,110,0,0
1789337935851,108,POST /documents,200,OK,Create Document - carga 1-22,text,true,,259,1113,7,7,108,0,0
1789337935857,112,POST /documents,200,OK,Create Document - carga 1-19,text,true,,259,1113,7,7,112,0,0
1789337935887,109,POST /documents,200,OK,Create Document - carga 1-25,text,true,,259,1113,7,7,109,0,0
1789337935905,117,POST /documents,200,OK,Create Document - carga 1-20,text,true,,259,1113,7,7,117,0,0
1789337935955,112,POST /documents,200,OK,Create Document - carga 1-23,text,true,,259,1113,7,7,112,0,0
1789337935964,105,POST /documents,200,OK,Create Document - carga 1-24,text,true,,259,1113,7,7,105,0,0
1789337935980,103,POST /documents,200,OK,Create Document - carga 1-21,text,true,,259,1113,7,7,103,0,0
1789337935998,111,POST /documents,200,OK,Create Document - carga 1-22,text,true,,259,1113,7,7,111,0,0
1789337936005,116,POST /documents,200,OK,Create Document - carga 1-19,text,true,,259,1113,7,7,116,0,0
1789337936052,122,POST /documents,200,OK,Create Document - carga 1-20,text,true,,259,1113,7,7,122,0,0
1789337936081,112,POST /documents,200,OK,Create Document - carga 1-25,text,true,,259,1113,7,7,111,0,0
1789337936155,107,POST /documents,200,OK,Create Document - carga 1-22,text,true,,259,1113,7,7,107,0,0
1789337936159,104,POST /documents,200,OK,Create Document - carga 1-24,text,true,,259,1113,7,7,104,0,0
1789337936161,107,POST /documents,200,OK,Create Document - carga 1-23,text,true,,259,1113,7,7,107,0,0
1789337936170,105,POST /documents,200,OK,Create Document - carga 1-21,text,true,,259,1113,7,7,105,0,0
1789337936167,127,POST /documents,200,OK,Create Document - carga 1-19,text,true,,259,1113,7,7,127,0,0
1789337936200,126,POST /documents,200,OK,Create Document - carga 1-20,text,true,,259,1113,7,7,126,0,0
1789337936248,105,POST /documents,200,OK,Create Document - carga 1-25,text,true,,259,1113,7,7,105,0,0
1789337936297,110,POST /documents,200,OK,Create Document - carga 1-22,text,true,,259,1113,7,7,109,0,0
1789337936294,113,POST /documents,200,OK,Create Document - carga 1-24,text,true,,259,1113,7,7,112,0,0
1789337936319,109,POST /documents,200,OK,Create Document - carga 1-23,text,true,,259,1113,7,7,109,0,0
1789337936353,108,POST /documents,200,OK,Create Document - carga 1-19,text,true,,259,1113,7,7,108,0,0
1789337936375,108,POST /documents,200,OK,Create Document - carga 1-21,text,true,,259,1113,7,7,108,0,0
1789337936379,117,POST /documents,200,OK,Create Document - carga 1-20,text,true,,259,1113,7,7,117,0,0
1789337936413,110,POST /documents,200,OK,Create Document - carga 1-25,text,true,,259,1113,7,7,110,0,0
1789337936440,106,POST /documents,200,OK,Create Document - carga 1-23,text,true,,259,1113,7,7,106,0,0
1789337936478,109,POST /documents,200,OK,Create Document - carga 1-19,text,true,,259,1113,7,7,109,0,0
1789337936485,116,POST /documents,200,OK,Create Document - carga 1-24,text,true,,259,1113,7,7,116,0,0
1789337936501,115,POST /documents,200,OK,Create Document - carga 1-22,text,true,,259,1113,7,7,115,0,0
1789337936551,105,POST /documents,200,OK,Create Document - carga 1-21,text,true,,259,1113,7,7,104,0,0
1789337936567,106,POST /documents,200,OK,Create Document - carga 1-23,text,true,,259,1113,7,7,106,0,0
1789337936583,107,POST /documents,200,OK,Create Document - carga 1-25,text,true,,259,1113,7,7,107,0,0
1789337936588,122,POST /documents,200,OK,Create Document - carga 1-20,text,true,,259,1113,7,7,122,0,0
1789337936622,116,POST /documents,200,OK,Create Document - carga 1-19,text,true,,259,1113,7,7,116,0,0
1789337936641,106,POST /documents,200,OK,Create Document - carga 1-24,text,true,,259,1113,7,7,106,0,0
1789337936667,104,POST /documents,200,OK,Create Document - carga 1-21,text,true,,259,1113,7,7,104,0,0
1789337936705,112,POST /documents,200,OK,Create Document - carga 1-22,text,true,,259,1113,7,7,112,0,0
1789337936729,115,POST /documents,200,OK,Create Document - carga 1-20,text,true,,259,1113,7,7,115,0,0
1789337936765,107,POST /documents,200,OK,Create Document - carga 1-23,text,true,,259,1113,7,7,107,0,0
1789337936792,111,POST /documents,200,OK,Create Document - carga 1-19,text,true,,259,1113,7,7,111,0,0
1789337936790,113,POST /documents,200,OK,Create Document - carga 1-25,text,true,,259,1113,7,7,113,0,0
1789337936833,113,POST /documents,200,OK,Create Document - carga 1-21,text,true,,259,1113,7,7,113,0,0
1789337936842,104,POST /documents,200,OK,Create Document - carga 1-22,text,true,,259,1113,7,7,104,0,0
1789337936842,108,POST /documents,200,OK,Create Document - carga 1-24,text,true,,259,1113,7,7,108,0,0
1789337936846,116,POST /documents,200,OK,Create Document - carga 1-20,text,true,,259,1113,7,7,116,0,0
1789337936909,106,POST /documents,200,OK,Create Document - carga 1-25,text,true,,259,1113,7,7,106,0,0
1789337936958,107,POST /documents,200,OK,Create Document - carga 1-24,text,true,,259,1113,7,7,107,0,0
1789337936958,114,POST /documents,200,OK,Create Document - carga 1-23,text,true,,259,1113,7,7,114,0,0
1789337936961,111,POST /documents,200,OK,Create Document - carga 1-19,text,true,,259,1113,7,7,111,0,0
1789337936958,114,POST /documents,200,OK,Create Document - carga 1-22,text,true,,259,1113,7,7,114,0,0
1789337936970,113,POST /documents,200,OK,Create Document - carga 1-20,text,true,,259,1113,7,7,113,0,0
1789337936983,102,POST /documents,200,OK,Create Document - carga 1-21,text,true,,259,1113,7,7,102,0,0
1789337937036,116,POST /documents,200,OK,Create Document - carga 1-25,text,true,,259,1113,7,7,116,0,0
1789337937076,109,POST /documents,200,OK,Create Document - carga 1-19,text,true,,259,1113,7,7,109,0,0
1789337937078,120,POST /documents,200,OK,Create Document - carga 1-24,text,true,,259,1113,7,7,120,0,0
1789337937118,108,POST /documents,200,OK,Create Document - carga 1-23,text,true,,259,1113,7,7,107,0,0
1789337937131,107,POST /documents,200,OK,Create Document - carga 1-21,text,true,,259,1113,7,7,106,0,0
1789337937137,115,POST /documents,200,OK,Create Document - carga 1-22,text,true,,259,1113,7,7,115,0,0
1789337937182,118,POST /documents,200,OK,Create Document - carga 1-20,text,true,,259,1113,7,7,118,0,0
1789337937211,111,POST /documents,200,OK,Create Document - carga 1-19,text,true,,259,1113,7,7,111,0,0
1789337937234,111,POST /documents,200,OK,Create Document - carga 1-23,text,true,,259,1113,7,7,111,0,0
1789337937246,108,POST /documents,200,OK,Create Document - carga 1-21,text,true,,259,1113,7,7,108,0,0
1789337937249,108,POST /documents,200,OK,Create Document - carga 1-25,text,true,,259,1113,7,7,108,0,0
1789337937272,109,POST /documents,200,OK,Create Document - carga 1-22,text,true,,259,1113,7,7,109,0,0
1789337937294,111,POST /documents,200,OK,Create Document - carga 1-24,text,true,,259,1113,7,7,111,0,0
1789337937363,104,POST /documents,200,OK,Create Document - carga 1-21,text,true,,259,1113,7,7,104,0,0
1789337937437,104,POST /documents,200,OK,Create Document - carga 1-23,text,true,,259,1113,7,7,104,0,0
1789337937339,244,POST /documents,200,OK,Create Document - carga 1-19,text,true,,259,1113,7,7,244,0,0
1789337937436,156,POST /documents,200,OK,Create Document - carga 1-22,text,true,,259,1113,7,7,156,0,0
1789337937488,109,POST /documents,200,OK,Create Document - carga 1-24,text,true,,259,1113,7,7,109,0,0
1789337937390,208,POST /documents,200,OK,Create Document - carga 1-20,text,true,,259,1113,7,7,208,0,0
1789337937517,102,POST /documents,200,OK,Create Document - carga 1-21,text,true,,259,1113,7,7,102,0,0
1789337937410,276,POST /documents,200,OK,Create Document - carga 1-25,text,true,,259,1113,7,7,276,0,0
1789337937587,104,POST /documents,200,OK,Create Document - carga 1-19,text,true,,259,1113,7,7,104,0,0
1789337937620,119,POST /documents,200,OK,Create Document - carga 1-20,text,true,,259,1113,6,6,118,0,0
1789337937649,110,POST /documents,200,OK,Create Document - carga 1-21,text,true,,259,1113,6,6,110,0,0
1789337937661,103,POST /documents,200,OK,Create Document - carga 1-24,text,true,,259,1113,6,6,103,0,0
1789337937675,102,POST /documents,200,OK,Create Document - carga 1-22,text,true,,259,1113,6,6,102,0,0
1789337937565,215,POST /documents,200,OK,Create Document - carga 1-23,text,true,,259,1113,6,6,214,0,0
1789337937732,161,POST /documents,200,OK,Create Document - carga 1-25,text,true,,259,1113,6,6,161,0,0
1789337937777,127,POST /documents,200,OK,Create Document - carga 1-20,text,true,,259,1113,6,6,127,0,0
1789337937803,109,POST /documents,200,OK,Create Document - carga 1-24,text,true,,259,1113,6,6,109,0,0
1789337937816,105,POST /documents,200,OK,Create Document - carga 1-21,text,true,,259,1113,6,6,105,0,0
1789337937828,106,POST /documents,200,OK,Create Document - carga 1-23,text,true,,259,1113,6,6,106,0,0
1789337937849,116,POST /documents,200,OK,Create Document - carga 1-22,text,true,,259,1113,6,6,114,0,0
1789337937960,115,POST /documents,200,OK,Create Document - carga 1-25,text,true,,259,1113,6,6,115,0,0
1789337937973,107,POST /documents,200,OK,Create Document - carga 1-24,text,true,,259,1113,6,6,106,0,0
1789337937994,101,POST /documents,200,OK,Create Document - carga 1-22,text,true,,259,1113,6,6,101,0,0
1789337937995,105,POST /documents,200,OK,Create Document - carga 1-23,text,true,,259,1113,6,6,104,0,0
1789337937992,114,POST /documents,200,OK,Create Document - carga 1-20,text,true,,259,1113,6,6,114,0,0
1789337938011,102,POST /documents,200,OK,Create Document - carga 1-21,text,true,,259,1113,6,6,102,0,0
1789337938105,106,POST /documents,200,OK,Create Document - carga 1-24,text,true,,259,1113,6,6,106,0,0
1789337938119,104,POST /documents,200,OK,Create Document - carga 1-21,text,true,,259,1113,6,6,104,0,0
1789337938144,110,POST /documents,200,OK,Create Document - carga 1-22,text,true,,259,1113,6,6,110,0,0
1789337938143,111,POST /documents,200,OK,Create Document - carga 1-25,text,true,,259,1113,6,6,111,0,0
1789337938149,109,POST /documents,200,OK,Create Document - carga 1-23,text,true,,259,1113,6,6,109,0,0
1789337938165,122,POST /documents,200,OK,Create Document - carga 1-20,text,true,,259,1113,6,6,122,0,0
1789337938262,121,POST /documents,200,OK,Create Document - carga 1-25,text,true,,259,1113,6,6,121,0,0
1789337938277,112,POST /documents,200,OK,Create Document - carga 1-21,text,true,,259,1113,6,6,112,0,0
1789337938290,107,POST /documents,200,OK,Create Document - carga 1-24,text,true,,259,1113,6,6,107,0,0
1789337938282,119,POST /documents,200,OK,Create Document - carga 1-23,text,true,,259,1113,6,6,119,0,0
1789337938353,181,POST /documents,200,OK,Create Document - carga 1-22,text,true,,259,1113,6,6,181,0,0
1789337938434,109,POST /documents,200,OK,Create Document - carga 1-24,text,true,,259,1113,6,6,108,0,0
1789337938440,107,POST /documents,200,OK,Create Document - carga 1-21,text,true,,259,1113,6,6,107,0,0
1789337938434,196,POST /documents,200,OK,Create Document - carga 1-23,text,true,,259,1113,6,6,196,0,0
1789337938370,263,POST /documents,200,OK,Create Document - carga 1-20,text,true,,259,1113,6,6,262,0,0
1789337938482,153,POST /documents,200,OK,Create Document - carga 1-25,text,true,,259,1113,6,6,153,0,0
1789337938568,113,POST /documents,200,OK,Create Document - carga 1-21,text,true,,259,1113,6,6,105,0,0
1789337938608,117,POST /documents,200,OK,Create Document - carga 1-24,text,true,,259,1113,6,6,117,0,0
1789337938614,111,POST /documents,200,OK,Create Document - carga 1-22,text,true,,259,1113,6,6,111,0,0
1789337938652,105,POST /documents,200,OK,Create Document - carga 1-23,text,true,,259,1113,6,6,105,0,0
1789337938642,115,POST /documents,200,OK,Create Document - carga 1-20,text,true,,259,1113,6,6,115,0,0
1789337938693,143,POST /documents,200,OK,Create Document - carga 1-25,text,true,,259,1113,6,6,143,0,0
1789337938727,109,POST /documents,200,OK,Create Document - carga 1-24,text,true,,259,1113,6,6,109,0,0
1789337938773,106,POST /documents,200,OK,Create Document - carga 1-23,text,true,,259,1113,6,6,106,0,0
1789337938781,104,POST /documents,200,OK,Create Document - carga 1-21,text,true,,259,1113,6,6,104,0,0
1789337938839,180,POST /documents,200,OK,Create Document - carga 1-24,text,true,,259,1113,6,6,180,0,0
1789337938881,138,POST /documents,200,OK,Create Document - carga 1-25,text,true,,259,1113,6,6,138,0,0
1789337938779,240,POST /documents,200,OK,Create Document - carga 1-20,text,true,,259,1113,6,6,240,0,0
1789337938799,220,POST /documents,200,OK,Create Document - carga 1-22,text,true,,259,1113,6,6,220,0,0
1789337938921,107,POST /documents,200,OK,Create Document - carga 1-23,text,true,,259,1113,6,6,107,0,0
1789337938937,109,POST /documents,200,OK,Create Document - carga 1-21,text,true,,259,1113,6,6,109,0,0
1789337939029,109,POST /documents,200,OK,Create Document - carga 1-25,text,true,,259,1113,6,6,108,0,0
1789337939025,119,POST /documents,200,OK,Create Document - carga 1-20,text,true,,259,1113,6,6,119,0,0
1789337939073,102,POST /documents,200,OK,Create Document - carga 1-21,text,true,,259,1113,6,6,102,0,0
1789337939068,107,POST /documents,200,OK,Create Document - carga 1-22,text,true,,259,1113,6,6,107,0,0
1789337939093,109,POST /documents,200,OK,Create Document - carga 1-24,text,true,,259,1113,6,6,109,0,0
1789337939128,104,POST /documents,200,OK,Create Document - carga 1-23,text,true,,259,1113,6,6,104,0,0
1789337939157,110,POST /documents,200,OK,Create Document - carga 1-25,text,true,,259,1113,6,6,110,0,0
1789337939194,105,POST /documents,200,OK,Create Document - carga 1-21,text,true,,259,1113,6,6,105,0,0
1789337939179,120,POST /documents,200,OK,Create Document - carga 1-20,text,true,,259,1113,6,6,120,0,0
1789337939221,105,POST /documents,200,OK,Create Document - carga 1-22,text,true,,259,1113,6,6,105,0,0
1789337939231,108,POST /documents,200,OK,Create Document - carga 1-24,text,true,,259,1113,6,6,108,0,0
1789337939286,106,POST /documents,200,OK,Create Document - carga 1-25,text,true,,259,1113,6,6,106,0,0
1789337939300,128,POST /documents,200,OK,Create Document - carga 1-23,text,true,,259,1113,6,6,127,0,0
1789337939337,101,POST /documents,200,OK,Create Document - carga 1-21,text,true,,259,1113,6,6,101,0,0
1789337939335,103,POST /documents,200,OK,Create Document - carga 1-22,text,true,,259,1113,6,6,103,0,0
1789337939363,105,POST /documents,200,OK,Create Document - carga 1-24,text,true,,259,1113,6,6,105,0,0
1789337939379,114,POST /documents,200,OK,Create Document - carga 1-20,text,true,,259,1113,6,6,114,0,0
1789337939458,106,POST /documents,200,OK,Create Document - carga 1-23,text,true,,259,1113,6,6,106,0,0
1789337939462,102,POST /documents,200,OK,Create Document - carga 1-21,text,true,,259,1113,6,6,102,0,0
1789337939490,105,POST /documents,200,OK,Create Document - carga 1-25,text,true,,259,1113,6,6,105,0,0
1789337939508,105,POST /documents,200,OK,Create Document - carga 1-24,text,true,,259,1113,6,6,105,0,0
1789337939531,107,POST /documents,200,OK,Create Document - carga 1-22,text,true,,259,1113,6,6,106,0,0
1789337939563,115,POST /documents,200,OK,Create Document - carga 1-20,text,true,,259,1113,6,6,115,0,0
1789337939611,108,POST /documents,200,OK,Create Document - carga 1-21,text,true,,259,1113,6,6,108,0,0
1789337939611,122,POST /documents,200,OK,Create Document - carga 1-25,text,true,,259,1113,6,6,122,0,0
1789337939649,104,POST /documents,200,OK,Create Document - carga 1-24,text,true,,259,1113,6,6,104,0,0
1789337939656,105,POST /documents,200,OK,Create Document - carga 1-23,text,true,,259,1113,6,6,105,0,0
1789337939696,108,POST /documents,200,OK,Create Document - carga 1-22,text,true,,259,1113,6,6,108,0,0
1789337939741,123,POST /documents,200,OK,Create Document - carga 1-20,text,true,,259,1113,6,6,123,0,0
1789337939777,111,POST /documents,200,OK,Create Document - carga 1-21,text,true,,259,1113,6,6,111,0,0
1789337939787,109,POST /documents,200,OK,Create Document - carga 1-24,text,true,,259,1113,6,6,109,0,0
1789337939803,120,POST /documents,200,OK,Create Document - carga 1-25,text,true,,259,1113,6,6,120,0,0
1789337939843,117,POST /documents,200,OK,Create Document - carga 1-23,text,true,,259,1113,6,6,117,0,0
1789337939897,108,POST /documents,200,OK,Create Document - carga 1-22,text,true,,259,1113,6,6,108,0,0
1789337939900,115,POST /documents,200,OK,Create Document - carga 1-20,text,true,,259,1113,6,6,115,0,0
1789337939966,119,POST /documents,200,OK,Create Document - carga 1-24,text,true,,259,1113,6,6,119,0,0
1789337939976,111,POST /documents,200,OK,Create Document - carga 1-23,text,true,,259,1113,6,6,111,0,0
1789337939949,138,POST /documents,200,OK,Create Document - carga 1-21,text,true,,259,1113,6,6,138,0,0
1789337939984,103,POST /documents,200,OK,Create Document - carga 1-25,text,true,,259,1113,6,6,103,0,0
1789337940033,123,POST /documents,200,OK,Create Document - carga 1-20,text,true,,259,1113,6,6,123,0,0
1789337940099,116,POST /documents,200,OK,Create Document - carga 1-22,text,true,,259,1113,6,6,116,0,0
1789337940141,124,POST /documents,200,OK,Create Document - carga 1-21,text,true,,259,1113,6,6,124,0,0
1789337940157,145,POST /documents,200,OK,Create Document - carga 1-24,text,true,,259,1113,6,6,145,0,0
1789337940157,145,POST /documents,200,OK,Create Document - carga 1-23,text,true,,259,1113,6,6,145,0,0
1789337940169,134,POST /documents,200,OK,Create Document - carga 1-25,text,true,,259,1113,6,6,133,0,0
1789337940195,115,POST /documents,200,OK,Create Document - carga 1-20,text,true,,259,1113,6,6,115,0,0
1789337940274,122,POST /documents,200,OK,Create Document - carga 1-22,text,true,,259,1113,6,6,122,0,0
1789337940305,102,POST /documents,200,OK,Create Document - carga 1-21,text,true,,259,1113,6,6,102,0,0
1789337940340,111,POST /documents,200,OK,Create Document - carga 1-25,text,true,,259,1113,6,6,111,0,0
1789337940368,108,POST /documents,200,OK,Create Document - carga 1-24,text,true,,259,1113,6,6,108,0,0
1789337940368,109,POST /documents,200,OK,Create Document - carga 1-23,text,true,,259,1113,6,6,109,0,0
1789337940382,114,POST /documents,200,OK,Create Document - carga 1-20,text,true,,259,1113,6,6,114,0,0
1789337940418,110,POST /documents,200,OK,Create Document - carga 1-22,text,true,,259,1113,6,6,110,0,0
1789337940427,103,POST /documents,200,OK,Create Document - carga 1-21,text,true,,259,1113,6,6,103,0,0
1789337940461,105,POST /documents,200,OK,Create Document - carga 1-25,text,true,,259,1113,6,6,105,0,0
1789337940513,105,POST /documents,200,OK,Create Document - carga 1-23,text,true,,259,1113,6,6,105,0,0
1789337940529,109,POST /documents,200,OK,Create Document - carga 1-24,text,true,,259,1113,6,6,109,0,0
1789337940525,114,POST /documents,200,OK,Create Document - carga 1-20,text,true,,259,1113,6,6,114,0,0
1789337940550,105,POST /documents,200,OK,Create Document - carga 1-22,text,true,,259,1113,6,6,105,0,0
1789337940583,109,POST /documents,200,OK,Create Document - carga 1-21,text,true,,259,1113,6,6,109,0,0
1789337940653,108,POST /documents,200,OK,Create Document - carga 1-25,text,true,,259,1113,6,6,108,0,0
1789337940661,103,POST /documents,200,OK,Create Document - carga 1-24,text,true,,259,1113,6,6,103,0,0
1789337940663,103,POST /documents,200,OK,Create Document - carga 1-23,text,true,,259,1113,6,6,103,0,0
1789337940662,115,POST /documents,200,OK,Create Document - carga 1-20,text,true,,259,1113,6,6,115,0,0
1789337940755,107,POST /documents,200,OK,Create Document - carga 1-22,text,true,,259,1113,6,6,107,0,0
1789337940801,108,POST /documents,200,OK,Create Document - carga 1-25,text,true,,259,1113,6,6,108,0,0
1789337940788,147,POST /documents,200,OK,Create Document - carga 1-21,text,true,,259,1113,6,6,147,0,0
1789337940808,130,POST /documents,200,OK,Create Document - carga 1-23,text,true,,259,1113,6,6,130,0,0
1789337940809,218,POST /documents,200,OK,Create Document - carga 1-24,text,true,,259,1113,6,6,218,0,0
1789337940810,222,POST /documents,200,OK,Create Document - carga 1-20,text,true,,259,1113,6,6,139,0,0
1789337940977,103,POST /documents,200,OK,Create Document - carga 1-21,text,true,,259,1113,6,6,103,0,0
1789337941038,109,POST /documents,200,OK,Create Document - carga 1-23,text,true,,259,1113,6,6,109,0,0
1789337941050,120,POST /documents,200,OK,Create Document - carga 1-20,text,true,,259,1113,6,6,120,0,0
1789337941117,107,POST /documents,200,OK,Create Document - carga 1-24,text,true,,259,1113,6,6,107,0,0
1789337940963,270,POST /documents,200,OK,Create Document - carga 1-25,text,true,,259,1113,6,6,270,0,0
1789337940962,277,POST /documents,200,OK,Create Document - carga 1-22,text,true,,259,1113,6,6,277,0,0
1789337941106,215,POST /documents,200,OK,Create Document - carga 1-21,text,true,,259,1113,6,6,215,0,0
1789337941185,169,POST /documents,200,OK,Create Document - carga 1-20,text,true,,259,1113,6,6,169,0,0
1789337941260,108,POST /documents,200,OK,Create Document - carga 1-25,text,true,,259,1113,6,6,108,0,0
1789337941267,110,POST /documents,200,OK,Create Document - carga 1-22,text,true,,259,1113,6,6,110,0,0
1789337941237,194,POST /documents,200,OK,Create Document - carga 1-23,text,true,,259,1113,6,6,194,0,0
1789337941357,117,POST /documents,200,OK,Create Document - carga 1-20,text,true,,259,1113,6,6,117,0,0
1789337941254,270,POST /documents,200,OK,Create Document - carga 1-24,text,true,,259,1113,5,5,270,0,0
1789337941405,130,POST /documents,200,OK,Create Document - carga 1-21,text,true,,259,1113,5,5,130,0,0
1789337941421,118,POST /documents,200,OK,Create Document - carga 1-22,text,true,,259,1113,5,5,118,0,0
1789337941440,108,POST /documents,200,OK,Create Document - carga 1-25,text,true,,259,1113,5,5,108,0,0
1789337941519,114,POST /documents,200,OK,Create Document - carga 1-23,text,true,,259,1113,5,5,114,0,0
1789337941556,108,POST /documents,200,OK,Create Document - carga 1-24,text,true,,259,1113,5,5,108,0,0
1789337941566,115,POST /documents,200,OK,Create Document - carga 1-22,text,true,,259,1113,5,5,115,0,0
1789337941585,111,POST /documents,200,OK,Create Document - carga 1-25,text,true,,259,1113,5,5,110,0,0
1789337941621,116,POST /documents,200,OK,Create Document - carga 1-21,text,true,,259,1113,5,5,115,0,0
1789337941731,107,POST /documents,200,OK,Create Document - carga 1-23,text,true,,259,1113,5,5,107,0,0
1789337941735,105,POST /documents,200,OK,Create Document - carga 1-24,text,true,,259,1113,5,5,105,0,0
1789337941781,112,POST /documents,200,OK,Create Document - carga 1-21,text,true,,259,1113,5,5,112,0,0
1789337941778,115,POST /documents,200,OK,Create Document - carga 1-22,text,true,,259,1113,5,5,115,0,0
1789337941789,111,POST /documents,200,OK,Create Document - carga 1-25,text,true,,259,1113,5,5,111,0,0
1789337941839,105,POST /documents,200,OK,Create Document - carga 1-24,text,true,,259,1113,5,5,105,0,0
1789337941887,110,POST /documents,200,OK,Create Document - carga 1-23,text,true,,259,1113,5,5,110,0,0
1789337941908,106,POST /documents,200,OK,Create Document - carga 1-25,text,true,,259,1113,5,5,106,0,0
1789337941984,112,POST /documents,200,OK,Create Document - carga 1-22,text,true,,259,1113,5,5,112,0,0
1789337941991,116,POST /documents,200,OK,Create Document - carga 1-21,text,true,,259,1113,5,5,116,0,0
1789337941995,112,POST /documents,200,OK,Create Document - carga 1-24,text,true,,259,1113,5,5,112,0,0
1789337942014,109,POST /documents,200,OK,Create Document - carga 1-23,text,true,,259,1113,5,5,109,0,0
1789337942030,106,POST /documents,200,OK,Create Document - carga 1-25,text,true,,259,1113,5,5,106,0,0
1789337942120,110,POST /documents,200,OK,Create Document - carga 1-24,text,true,,259,1113,5,5,110,0,0
1789337942180,104,POST /documents,200,OK,Create Document - carga 1-21,text,true,,259,1113,5,5,104,0,0
1789337942175,109,POST /documents,200,OK,Create Document - carga 1-22,text,true,,259,1113,5,5,109,0,0
1789337942209,105,POST /documents,200,OK,Create Document - carga 1-23,text,true,,259,1113,5,5,105,0,0
1789337942203,111,POST /documents,200,OK,Create Document - carga 1-25,text,true,,259,1113,5,5,111,0,0
1789337942291,112,POST /documents,200,OK,Create Document - carga 1-22,text,true,,259,1113,5,5,112,0,0
1789337942294,109,POST /documents,200,OK,Create Document - carga 1-21,text,true,,259,1113,5,5,109,0,0
1789337942296,108,POST /documents,200,OK,Create Document - carga 1-24,text,true,,259,1113,5,5,108,0,0
1789337942367,106,POST /documents,200,OK,Create Document - carga 1-23,text,true,,259,1113,5,5,106,0,0
1789337942378,107,POST /documents,200,OK,Create Document - carga 1-25,text,true,,259,1113,5,5,107,0,0
1789337942411,123,POST /documents,200,OK,Create Document - carga 1-22,text,true,,259,1113,5,5,123,0,0
1789337942439,184,POST /documents,200,OK,Create Document - carga 1-21,text,true,,259,1113,5,5,184,0,0
1789337942500,126,POST /documents,200,OK,Create Document - carga 1-25,text,true,,259,1113,5,5,126,0,0
1789337942491,135,POST /documents,200,OK,Create Document - carga 1-24,text,true,,259,1113,5,5,135,0,0
1789337942520,128,POST /documents,200,OK,Create Document - carga 1-23,text,true,,259,1113,5,5,128,0,0
1789337942583,120,POST /documents,200,OK,Create Document - carga 1-22,text,true,,259,1113,5,5,120,0,0
1789337942661,105,POST /documents,200,OK,Create Document - carga 1-24,text,true,,259,1113,5,5,105,0,0
1789337942672,110,POST /documents,200,OK,Create Document - carga 1-21,text,true,,259,1113,5,5,110,0,0
1789337942688,105,POST /documents,200,OK,Create Document - carga 1-23,text,true,,259,1113,4,4,105,0,0
1789337942692,106,POST /documents,200,OK,Create Document - carga 1-25,text,true,,259,1113,4,4,106,0,0
1789337942758,108,POST /documents,200,OK,Create Document - carga 1-22,text,true,,259,1113,4,4,108,0,0
1789337942793,108,POST /documents,200,OK,Create Document - carga 1-24,text,true,,259,1113,4,4,107,0,0
1789337942804,115,POST /documents,200,OK,Create Document - carga 1-25,text,true,,259,1113,4,4,115,0,0
1789337942877,112,POST /documents,200,OK,Create Document - carga 1-23,text,true,,259,1113,4,4,112,0,0
1789337942936,127,POST /documents,200,OK,Create Document - carga 1-22,text,true,,259,1113,4,4,127,0,0
1789337942962,110,POST /documents,200,OK,Create Document - carga 1-25,text,true,,259,1113,4,4,109,0,0
1789337942990,109,POST /documents,200,OK,Create Document - carga 1-24,text,true,,259,1113,4,4,109,0,0
1789337943012,109,POST /documents,200,OK,Create Document - carga 1-23,text,true,,259,1113,4,4,109,0,0
1789337943100,115,POST /documents,200,OK,Create Document - carga 1-25,text,true,,259,1113,4,4,114,0,0
1789337943148,106,POST /documents,200,OK,Create Document - carga 1-22,text,true,,259,1113,4,4,106,0,0
1789337943166,115,POST /documents,200,OK,Create Document - carga 1-23,text,true,,259,1113,4,4,115,0,0
1789337943184,112,POST /documents,200,OK,Create Document - carga 1-24,text,true,,259,1113,4,4,112,0,0
1789337943239,114,POST /documents,200,OK,Create Document - carga 1-25,text,true,,259,1113,4,4,114,0,0
1789337943298,110,POST /documents,200,OK,Create Document - carga 1-22,text,true,,259,1113,4,4,109,0,0
1789337943338,110,POST /documents,200,OK,Create Document - carga 1-23,text,true,,259,1113,4,4,110,0,0
1789337943338,134,POST /documents,200,OK,Create Document - carga 1-24,text,true,,259,1113,4,4,134,0,0
1789337943366,106,POST /documents,200,OK,Create Document - carga 1-25,text,true,,259,1113,4,4,106,0,0
1789337943409,104,POST /documents,200,OK,Create Document - carga 1-22,text,true,,259,1113,4,4,104,0,0
1789337943537,113,POST /documents,200,OK,Create Document - carga 1-23,text,true,,259,1113,4,4,113,0,0
1789337943558,108,POST /documents,200,OK,Create Document - carga 1-25,text,true,,259,1113,4,4,107,0,0
1789337943562,108,POST /documents,200,OK,Create Document - carga 1-24,text,true,,259,1113,4,4,108,0,0
1789337943588,108,POST /documents,200,OK,Create Document - carga 1-22,text,true,,259,1113,4,4,107,0,0
1789337943675,106,POST /documents,200,OK,Create Document - carga 1-24,text,true,,259,1113,4,4,106,0,0
1789337943681,114,POST /documents,200,OK,Create Document - carga 1-25,text,true,,259,1113,4,4,114,0,0
1789337943699,106,POST /documents,200,OK,Create Document - carga 1-22,text,true,,259,1113,4,4,106,0,0
1789337943732,110,POST /documents,200,OK,Create Document - carga 1-23,text,true,,259,1113,4,4,110,0,0
1789337943824,108,POST /documents,200,OK,Create Document - carga 1-24,text,true,,259,1113,4,4,108,0,0
1789337943839,111,POST /documents,200,OK,Create Document - carga 1-22,text,true,,259,1113,4,4,110,0,0
1789337943865,108,POST /documents,200,OK,Create Document - carga 1-25,text,true,,259,1113,4,4,107,0,0
1789337943902,116,POST /documents,200,OK,Create Document - carga 1-23,text,true,,259,1113,4,4,116,0,0
1789337943981,116,POST /documents,200,OK,Create Document - carga 1-25,text,true,,259,1113,4,4,116,0,0
1789337944019,117,POST /documents,200,OK,Create Document - carga 1-22,text,true,,259,1113,4,4,117,0,0
1789337944028,117,POST /documents,200,OK,Create Document - carga 1-24,text,true,,259,1113,4,4,117,0,0
1789337944112,108,POST /documents,200,OK,Create Document - carga 1-23,text,true,,259,1113,4,4,108,0,0
1789337944147,114,POST /documents,200,OK,Create Document - carga 1-22,text,true,,259,1113,4,4,114,0,0
1789337944153,110,POST /documents,200,OK,Create Document - carga 1-24,text,true,,259,1113,4,4,108,0,0
1789337944179,108,POST /documents,200,OK,Create Document - carga 1-25,text,true,,259,1113,4,4,108,0,0
1789337944256,112,POST /documents,200,OK,Create Document - carga 1-23,text,true,,259,1113,4,4,112,0,0
1789337944308,104,POST /documents,200,OK,Create Document - carga 1-22,text,true,,259,1113,4,4,104,0,0
1789337944347,110,POST /documents,200,OK,Create Document - carga 1-24,text,true,,259,1113,3,3,110,0,0
1789337944383,109,POST /documents,200,OK,Create Document - carga 1-25,text,true,,259,1113,3,3,109,0,0
1789337944431,108,POST /documents,200,OK,Create Document - carga 1-23,text,true,,259,1113,3,3,108,0,0
1789337944501,110,POST /documents,200,OK,Create Document - carga 1-24,text,true,,259,1113,3,3,110,0,0
1789337944529,109,POST /documents,200,OK,Create Document - carga 1-25,text,true,,259,1113,3,3,109,0,0
1789337944565,118,POST /documents,200,OK,Create Document - carga 1-23,text,true,,259,1113,3,3,118,0,0
1789337944682,104,POST /documents,200,OK,Create Document - carga 1-24,text,true,,259,1113,3,3,104,0,0
1789337944672,117,POST /documents,200,OK,Create Document - carga 1-25,text,true,,259,1113,3,3,117,0,0
1789337944784,107,POST /documents,200,OK,Create Document - carga 1-23,text,true,,259,1113,3,3,107,0,0
1789337944800,106,POST /documents,200,OK,Create Document - carga 1-25,text,true,,259,1113,3,3,106,0,0
1789337944881,114,POST /documents,200,OK,Create Document - carga 1-24,text,true,,259,1113,3,3,114,0,0
1789337944926,109,POST /documents,200,OK,Create Document - carga 1-23,text,true,,259,1113,3,3,109,0,0
1789337944934,106,POST /documents,200,OK,Create Document - carga 1-25,text,true,,259,1113,3,3,106,0,0
1789337945059,106,POST /documents,200,OK,Create Document - carga 1-25,text,true,,259,1113,3,3,106,0,0
1789337945072,108,POST /documents,200,OK,Create Document - carga 1-24,text,true,,259,1113,3,3,108,0,0
1789337945118,113,POST /documents,200,OK,Create Document - carga 1-23,text,true,,259,1113,3,3,113,0,0
1789337945173,112,POST /documents,200,OK,Create Document - carga 1-25,text,true,,259,1113,3,3,112,0,0
1789337945262,106,POST /documents,200,OK,Create Document - carga 1-24,text,true,,259,1113,3,3,106,0,0
1789337945288,146,POST /documents,200,OK,Create Document - carga 1-23,text,true,,259,1113,3,3,146,0,0
1789337945307,132,POST /documents,200,OK,Create Document - carga 1-25,text,true,,259,1113,3,3,132,0,0
1789337945440,108,POST /documents,200,OK,Create Document - carga 1-24,text,true,,259,1113,3,3,108,0,0
1789337945468,105,POST /documents,200,OK,Create Document - carga 1-25,text,true,,259,1113,3,3,105,0,0
1789337945503,106,POST /documents,200,OK,Create Document - carga 1-23,text,true,,259,1113,3,3,106,0,0
1789337945557,108,POST /documents,200,OK,Create Document - carga 1-24,text,true,,259,1113,3,3,107,0,0
1789337945611,106,POST /documents,200,OK,Create Document - carga 1-25,text,true,,259,1113,3,3,106,0,0
1789337945628,106,POST /documents,200,OK,Create Document - carga 1-23,text,true,,259,1113,3,3,105,0,0
1789337945751,108,POST /documents,200,OK,Create Document - carga 1-24,text,true,,259,1113,3,3,108,0,0
1789337945754,105,POST /documents,200,OK,Create Document - carga 1-25,text,true,,259,1113,3,3,105,0,0
1789337945812,107,POST /documents,200,OK,Create Document - carga 1-23,text,true,,259,1113,3,3,107,0,0
1789337945875,105,POST /documents,200,OK,Create Document - carga 1-24,text,true,,259,1113,3,3,105,0,0
1789337945911,113,POST /documents,200,OK,Create Document - carga 1-25,text,true,,259,1113,3,3,112,0,0
1789337945994,109,POST /documents,200,OK,Create Document - carga 1-24,text,true,,259,1113,3,3,109,0,0
1789337945999,110,POST /documents,200,OK,Create Document - carga 1-23,text,true,,259,1113,3,3,110,0,0
1789337946098,112,POST /documents,200,OK,Create Document - carga 1-25,text,true,,259,1113,3,3,112,0,0
1789337946133,107,POST /documents,200,OK,Create Document - carga 1-23,text,true,,259,1113,3,3,107,0,0
1789337946203,106,POST /documents,200,OK,Create Document - carga 1-24,text,true,,259,1113,3,3,106,0,0
1789337946232,111,POST /documents,200,OK,Create Document - carga 1-25,text,true,,259,1113,3,3,111,0,0
1789337946264,107,POST /documents,200,OK,Create Document - carga 1-23,text,true,,259,1113,3,3,107,0,0
1789337946332,112,POST /documents,200,OK,Create Document - carga 1-24,text,true,,259,1113,3,3,112,0,0
1789337946366,111,POST /documents,200,OK,Create Document - carga 1-25,text,true,,259,1113,3,3,111,0,0
1789337946439,117,POST /documents,200,OK,Create Document - carga 1-23,text,true,,259,1113,3,3,117,0,0
1789337946520,128,POST /documents,200,OK,Create Document - carga 1-25,text,true,,259,1113,3,3,128,0,0
1789337946525,126,POST /documents,200,OK,Create Document - carga 1-24,text,true,,259,1113,3,3,126,0,0
1789337946606,108,POST /documents,200,OK,Create Document - carga 1-23,text,true,,259,1113,3,3,108,0,0
1789337946652,105,POST /documents,200,OK,Create Document - carga 1-24,text,true,,259,1113,2,2,105,0,0
1789337946657,115,POST /documents,200,OK,Create Document - carga 1-25,text,true,,259,1113,1,1,115,0,0
1789337946807,108,POST /documents,200,OK,Create Document - carga 1-25,text,true,,259,1113,1,1,108,0,0
1789337946954,109,POST /documents,200,OK,Create Document - carga 1-25,text,true,,259,1113,1,1,109,0,0
1789337947097,115,POST /documents,200,OK,Create Document - carga 1-25,text,true,,259,1113,1,1,115,0,0
1789337947276,410,POST /documents,200,OK,Create Document - carga 1-25,text,true,,259,1113,1,1,410,0,0
1789337947736,130,POST /documents,200,OK,Create Document - carga 1-25,text,true,,259,1113,1,1,130,0,0
1789337947911,113,POST /documents,200,OK,Create Document - carga 1-25,text,true,,259,1113,1,1,113,0,0
1789337948104,988,POST /documents,200,OK,Create Document - carga 1-25,text,true,,259,1113,1,1,988,0,0
1789337949101,113,POST /documents,200,OK,Create Document - carga 1-25,text,true,,259,1113,1,1,113,0,0
1789337949228,107,POST /documents,200,OK,Create Document - carga 1-25,text,true,,259,1113,1,1,107,0,0
1789337949407,109,POST /documents,200,OK,Create Document - carga 1-25,text,true,,259,1113,1,1,109,0,0
1789337949571,107,POST /documents,200,OK,Create Document - carga 1-25,text,true,,259,1113,1,1,107,0,0
1789337949702,112,POST /documents,200,OK,Create Document - carga 1-25,text,true,,259,1113,1,1,112,0,0
1789337949829,110,POST /documents,200,OK,Create Document - carga 1-25,text,true,,259,1113,1,1,110,0,0
1789337949966,108,POST /documents,200,OK,Create Document - carga 1-25,text,true,,259,1113,1,1,108,0,0
1789337950114,107,POST /documents,200,OK,Create Document - carga 1-25,text,true,,259,1113,1,1,107,0,0
1789337950275,864,POST /documents,200,OK,Create Document - carga 1-25,text,true,,259,1113,1,1,864,0,0
1789337951199,108,POST /documents,200,OK,Create Document - carga 1-25,text,true,,259,1113,1,1,108,0,0
1789337951387,390,POST /documents,200,OK,Create Document - carga 1-25,text,true,,259,1113,1,1,390,0,0
1789337951867,110,POST /documents,200,OK,Create Document - carga 1-25,text,true,,259,1113,1,1,110,0,0
1789337952005,263,POST /documents,200,OK,Create Document - carga 1-25,text,true,,259,1113,1,1,263,0,0
1789337952364,108,POST /documents,200,OK,Create Document - carga 1-25,text,true,,259,1113,1,1,108,0,0
1789337952567,209,POST /documents,200,OK,Create Document - carga 1-25,text,true,,259,1113,1,1,209,0,0
1789337952863,115,POST /documents,200,OK,Create Document - carga 1-25,text,true,,259,1113,1,1,115,0,0
1789337953039,117,POST /documents,200,OK,Create Document - carga 1-25,text,true,,259,1113,1,1,117,0,0
1789337953212,105,POST /documents,200,OK,Create Document - carga 1-25,text,true,,259,1113,1,1,105,0,0
1789337953410,187,POST /documents,200,OK,Create Document - carga 1-25,text,true,,259,1113,1,1,187,0,0
